ISO-10303-21;
HEADER;
/* Generated by software containing ST-Developer
 * from STEP Tools, Inc. (www.steptools.com) 
 */

FILE_DESCRIPTION(
/* description */ (''),
/* implementation_level */ '2;1');

FILE_NAME(
/* name */ 'CMLV4N Top Case.step',
/* time_stamp */ '2026-10-03T15:47:54-07:00',
/* author */ (''),
/* organization */ (''),
/* preprocessor_version */ 'ST-DEVELOPER v20.2',
/* originating_system */ 'Autodesk Translation Framework v15.15.0.0',
/* authorisation */ '');

FILE_SCHEMA (('AUTOMOTIVE_DESIGN { 1 0 10303 214 3 1 1 }'));
ENDSEC;

DATA;
#10=MECHANICAL_DESIGN_GEOMETRIC_PRESENTATION_REPRESENTATION('',(#17,#18,
#19,#20,#21,#22,#23),#10216);
#11=ITEM_DEFINED_TRANSFORMATION($,$,#4181,#4658);
#12=(
REPRESENTATION_RELATIONSHIP($,$,#10227,#10226)
REPRESENTATION_RELATIONSHIP_WITH_TRANSFORMATION(#11)
SHAPE_REPRESENTATION_RELATIONSHIP()
);
#13=CONTEXT_DEPENDENT_SHAPE_REPRESENTATION(#12,#10225);
#14=NEXT_ASSEMBLY_USAGE_OCCURRENCE('Top Case:1','Top Case:1',
'Top Case:1',#10229,#10230,'Top Case:1');
#15=SHAPE_REPRESENTATION_RELATIONSHIP('SRR','None',#10227,#16);
#16=ADVANCED_BREP_SHAPE_REPRESENTATION('',(#24,#25,#26,#27,#28,#29,#30),
#10215);
#17=STYLED_ITEM('',(#10241),#24);
#18=STYLED_ITEM('',(#10242),#25);
#19=STYLED_ITEM('',(#10242),#26);
#20=STYLED_ITEM('',(#10242),#27);
#21=STYLED_ITEM('',(#10242),#28);
#22=STYLED_ITEM('',(#10242),#29);
#23=STYLED_ITEM('',(#10242),#30);
#24=MANIFOLD_SOLID_BREP('Top Case',#4161);
#25=MANIFOLD_SOLID_BREP('Body2',#4162);
#26=MANIFOLD_SOLID_BREP('Body3',#4163);
#27=MANIFOLD_SOLID_BREP('Body4',#4164);
#28=MANIFOLD_SOLID_BREP('Body5',#4165);
#29=MANIFOLD_SOLID_BREP('Body6',#4166);
#30=MANIFOLD_SOLID_BREP('Body7',#4167);
#31=TOROIDAL_SURFACE('',#4398,4.00000000000004,1.);
#32=TOROIDAL_SURFACE('',#4403,4.,1.);
#33=FACE_BOUND('',#541,.T.);
#34=FACE_BOUND('',#542,.T.);
#35=FACE_BOUND('',#543,.T.);
#36=FACE_BOUND('',#544,.T.);
#37=FACE_BOUND('',#545,.T.);
#38=FACE_BOUND('',#546,.T.);
#39=FACE_BOUND('',#547,.T.);
#40=FACE_BOUND('',#548,.T.);
#41=FACE_BOUND('',#549,.T.);
#42=FACE_BOUND('',#550,.T.);
#43=FACE_BOUND('',#551,.T.);
#44=FACE_BOUND('',#552,.T.);
#45=FACE_BOUND('',#553,.T.);
#46=FACE_BOUND('',#554,.T.);
#47=FACE_BOUND('',#555,.T.);
#48=FACE_BOUND('',#557,.T.);
#49=FACE_BOUND('',#558,.T.);
#50=FACE_BOUND('',#559,.T.);
#51=FACE_BOUND('',#560,.T.);
#52=FACE_BOUND('',#561,.T.);
#53=FACE_BOUND('',#562,.T.);
#54=FACE_BOUND('',#563,.T.);
#55=FACE_BOUND('',#564,.T.);
#56=FACE_BOUND('',#565,.T.);
#57=FACE_BOUND('',#566,.T.);
#58=FACE_BOUND('',#567,.T.);
#59=FACE_BOUND('',#611,.T.);
#60=FACE_BOUND('',#613,.T.);
#61=FACE_BOUND('',#636,.T.);
#62=FACE_BOUND('',#645,.T.);
#63=FACE_BOUND('',#652,.T.);
#64=FACE_BOUND('',#668,.T.);
#65=FACE_BOUND('',#677,.T.);
#66=FACE_BOUND('',#686,.T.);
#67=ELLIPSE('',#4320,4.88309835504585,4.00000000000002);
#68=ELLIPSE('',#4326,4.88309835504581,3.99999999999998);
#69=B_SPLINE_CURVE_WITH_KNOTS('',3,(#6065,#6066,#6067,#6068,#6069,#6070,
#6071,#6072,#6073,#6074,#6075,#6076,#6077,#6078,#6079,#6080,#6081,#6082,
#6083,#6084,#6085,#6086,#6087,#6088,#6089,#6090,#6091,#6092),
 .UNSPECIFIED.,.F.,.F.,(4,3,3,3,3,3,3,3,3,4),(-1.,-0.850172281098373,-0.69293249627533,
-0.60804898481693,-0.487847577492227,-0.28676033500555,-0.18113693345533,
-0.145434423751824,-0.109731914048318,0.),.UNSPECIFIED.);
#70=B_SPLINE_CURVE_WITH_KNOTS('',3,(#6096,#6097,#6098,#6099,#6100,#6101,
#6102,#6103,#6104,#6105,#6106,#6107,#6108,#6109,#6110,#6111,#6112,#6113,
#6114,#6115,#6116,#6117,#6118,#6119,#6120,#6121,#6122,#6123),
 .UNSPECIFIED.,.F.,.F.,(4,3,3,3,3,3,3,3,3,4),(-1.,-0.850172281098373,-0.69293249627533,
-0.60804898481693,-0.487847577492227,-0.28676033500555,-0.18113693345533,
-0.145434423751824,-0.109731914048318,0.),.UNSPECIFIED.);
#71=B_SPLINE_CURVE_WITH_KNOTS('',3,(#6182,#6183,#6184,#6185,#6186,#6187,
#6188,#6189,#6190,#6191,#6192,#6193,#6194,#6195,#6196,#6197,#6198,#6199,
#6200,#6201,#6202,#6203,#6204,#6205,#6206),.UNSPECIFIED.,.F.,.F.,(4,3,3,
3,3,3,3,3,4),(0.,0.106092277299478,0.176432940692762,0.289813045561859,
0.467359784171395,0.590581888878533,0.678643392763765,0.812835057250999,
1.),.UNSPECIFIED.);
#72=B_SPLINE_CURVE_WITH_KNOTS('',3,(#6209,#6210,#6211,#6212,#6213,#6214,
#6215,#6216,#6217,#6218,#6219,#6220,#6221,#6222,#6223,#6224,#6225,#6226,
#6227,#6228,#6229,#6230,#6231,#6232,#6233),.UNSPECIFIED.,.F.,.F.,(4,3,3,
3,3,3,3,3,4),(0.,0.106092277299478,0.176432940692762,0.289813045561859,
0.467359784171395,0.590581888878533,0.678643392763765,0.812835057250999,
1.),.UNSPECIFIED.);
#73=B_SPLINE_CURVE_WITH_KNOTS('',3,(#6339,#6340,#6341,#6342,#6343,#6344,
#6345,#6346,#6347,#6348,#6349,#6350,#6351,#6352,#6353,#6354,#6355,#6356,
#6357,#6358,#6359,#6360,#6361,#6362,#6363,#6364,#6365,#6366),
 .UNSPECIFIED.,.F.,.F.,(4,3,3,3,3,3,3,3,3,4),(-1.,-0.90011806550651,-0.698905365161507,
-0.640897754802449,-0.582890144443391,-0.432591753170655,-0.275091655312653,
-0.201958962215248,-0.136796819810538,0.),.UNSPECIFIED.);
#74=B_SPLINE_CURVE_WITH_KNOTS('',3,(#6370,#6371,#6372,#6373,#6374,#6375,
#6376,#6377,#6378,#6379,#6380,#6381,#6382,#6383,#6384,#6385,#6386,#6387,
#6388,#6389,#6390,#6391,#6392,#6393,#6394,#6395,#6396,#6397),
 .UNSPECIFIED.,.F.,.F.,(4,3,3,3,3,3,3,3,3,4),(-1.,-0.90011806550651,-0.698905365161507,
-0.640897754802449,-0.582890144443391,-0.432591753170655,-0.275091655312653,
-0.201958962215248,-0.136796819810538,0.),.UNSPECIFIED.);
#75=B_SPLINE_CURVE_WITH_KNOTS('',3,(#6438,#6439,#6440,#6441,#6442,#6443,
#6444,#6445,#6446,#6447,#6448,#6449,#6450,#6451,#6452,#6453),
 .UNSPECIFIED.,.F.,.F.,(4,3,3,3,3,4),(0.337521892304942,0.384821210083623,
0.565800047675506,0.677328131803805,0.865795713545863,1.),.UNSPECIFIED.);
#76=B_SPLINE_CURVE_WITH_KNOTS('',3,(#6456,#6457,#6458,#6459,#6460,#6461,
#6462,#6463,#6464,#6465,#6466,#6467,#6468,#6469,#6470,#6471),
 .UNSPECIFIED.,.F.,.F.,(4,3,3,3,3,4),(0.337521892304942,0.384821210083623,
0.565800047675506,0.677328131803805,0.865795713545863,1.),.UNSPECIFIED.);
#77=B_SPLINE_CURVE_WITH_KNOTS('',3,(#6481,#6482,#6483,#6484),
 .UNSPECIFIED.,.F.,.F.,(4,4),(0.,0.0723301908465887),.UNSPECIFIED.);
#78=B_SPLINE_CURVE_WITH_KNOTS('',3,(#6487,#6488,#6489,#6490),
 .UNSPECIFIED.,.F.,.F.,(4,4),(0.,0.0723301908465887),.UNSPECIFIED.);
#79=B_SPLINE_CURVE_WITH_KNOTS('',3,(#6523,#6524,#6525,#6526,#6527,#6528,
#6529,#6530,#6531,#6532,#6533,#6534,#6535),.UNSPECIFIED.,.F.,.F.,(4,3,3,
3,4),(-1.,-0.95643273387695,-0.519443149623459,-0.291068372127514,0.),
 .UNSPECIFIED.);
#80=B_SPLINE_CURVE_WITH_KNOTS('',3,(#6539,#6540,#6541,#6542,#6543,#6544,
#6545,#6546,#6547,#6548,#6549,#6550,#6551),.UNSPECIFIED.,.F.,.F.,(4,3,3,
3,4),(-1.,-0.95643273387695,-0.519443149623459,-0.291068372127514,0.),
 .UNSPECIFIED.);
#81=B_SPLINE_CURVE_WITH_KNOTS('',3,(#6586,#6587,#6588,#6589,#6590,#6591,
#6592,#6593,#6594,#6595,#6596,#6597,#6598),.UNSPECIFIED.,.F.,.F.,(4,3,3,
3,4),(0.,0.215343907409088,0.541819007879016,0.92960830370437,1.),
 .UNSPECIFIED.);
#82=B_SPLINE_CURVE_WITH_KNOTS('',3,(#6601,#6602,#6603,#6604,#6605,#6606,
#6607,#6608,#6609,#6610,#6611,#6612,#6613),.UNSPECIFIED.,.F.,.F.,(4,3,3,
3,4),(0.,0.215343907409088,0.541819007879016,0.92960830370437,1.),
 .UNSPECIFIED.);
#83=B_SPLINE_CURVE_WITH_KNOTS('',3,(#6738,#6739,#6740,#6741,#6742,#6743),
 .UNSPECIFIED.,.F.,.F.,(4,2,4),(0.483549425899719,0.492923266322855,0.542889336490792),
 .UNSPECIFIED.);
#84=B_SPLINE_CURVE_WITH_KNOTS('',3,(#6745,#6746,#6747,#6748,#6749,#6750,
#6751),.UNSPECIFIED.,.F.,.F.,(4,3,4),(0.465951728182725,0.471106723666073,
0.483549425899719),.UNSPECIFIED.);
#85=B_SPLINE_CURVE_WITH_KNOTS('',3,(#6756,#6757,#6758,#6759,#6760,#6761,
#6762),.UNSPECIFIED.,.F.,.F.,(4,1,1,1,4),(0.,0.201411703500717,0.401929437804654,
0.597808265561069,0.786218709405939),.UNSPECIFIED.);
#86=B_SPLINE_CURVE_WITH_KNOTS('',3,(#7160,#7161,#7162,#7163,#7164,#7165,
#7166,#7167,#7168,#7169,#7170,#7171,#7172,#7173,#7174,#7175,#7176,#7177,
#7178,#7179,#7180,#7181,#7182,#7183,#7184,#7185,#7186,#7187,#7188,#7189,
#7190,#7191,#7192,#7193),.UNSPECIFIED.,.F.,.F.,(4,3,3,3,3,3,3,3,3,3,3,4),
(-1.,-0.820156097263652,-0.717636585105704,-0.615117072947755,-0.563857316868781,
-0.512597560789807,-0.461337804710833,-0.435707926671346,-0.422892987651603,
-0.410078048631859,-0.205039024315963,0.),.UNSPECIFIED.);
#87=B_SPLINE_CURVE_WITH_KNOTS('',3,(#7201,#7202,#7203,#7204,#7205,#7206,
#7207),.UNSPECIFIED.,.F.,.F.,(4,1,1,1,4),(-1.,-0.714285714285714,-0.571428571428571,
-0.285714285714286,0.),.UNSPECIFIED.);
#88=B_SPLINE_CURVE_WITH_KNOTS('',3,(#7847,#7848,#7849,#7850,#7851,#7852,
#7853),.UNSPECIFIED.,.F.,.F.,(4,1,1,1,4),(0.,0.285714285714286,0.571428571428571,
0.714285714285714,1.),.UNSPECIFIED.);
#89=B_SPLINE_CURVE_WITH_KNOTS('',3,(#7857,#7858,#7859,#7860,#7861,#7862,
#7863),.UNSPECIFIED.,.F.,.F.,(4,1,1,1,4),(0.,0.201421483425149,0.40195074912595,
0.597818127222785,0.786217743164646),.UNSPECIFIED.);
#90=B_SPLINE_CURVE_WITH_KNOTS('',3,(#7868,#7869,#7870,#7871,#7872,#7873,
#7874,#7875,#7876,#7877,#7878,#7879,#7880,#7881,#7882,#7883,#7884,#7885,
#7886,#7887,#7888,#7889,#7890,#7891,#7892,#7893,#7894,#7895,#7896,#7897,
#7898,#7899,#7900,#7901,#7902,#7903,#7904,#7905,#7906,#7907,#7908,#7909,
#7910,#7911,#7912,#7913,#7914,#7915,#7916,#7917,#7918,#7919,#7920,#7921,
#7922,#7923,#7924,#7925,#7926,#7927,#7928,#7929,#7930,#7931,#7932,#7933,
#7934,#7935,#7936,#7937,#7938,#7939,#7940,#7941,#7942,#7943),
 .UNSPECIFIED.,.F.,.F.,(4,3,3,3,3,3,3,3,3,3,3,3,3,3,3,3,3,3,3,3,3,3,3,3,
3,4),(-1.,-0.969905290670669,-0.939810581341338,-0.924763226676672,-0.909715872012006,
-0.879621162682675,-0.819431744024012,-0.75924232536535,-0.699052906706687,
-0.638863488048025,-0.608768778718693,-0.60124510138636,-0.593721424054028,
-0.578674069389362,-0.563626714724696,-0.548579360060031,-0.541055682727698,
-0.533532005395365,-0.526008328063032,-0.522246489396866,-0.520365570063783,
-0.519425110397241,-0.518484650730699,-0.277726976096049,-0.0369693014613987,
0.),.UNSPECIFIED.);
#91=B_SPLINE_CURVE_WITH_KNOTS('',3,(#8016,#8017,#8018,#8019,#8020,#8021,
#8022),.UNSPECIFIED.,.F.,.F.,(4,3,4),(0.222607327829366,0.235086647696853,
0.240202089459345),.UNSPECIFIED.);
#92=B_SPLINE_CURVE_WITH_KNOTS('',3,(#8024,#8025,#8026,#8027,#8028,#8029,
#8030,#8031,#8032,#8033,#8034,#8035,#8036,#8037,#8038,#8039,#8040,#8041,
#8042),.UNSPECIFIED.,.F.,.F.,(4,3,3,3,3,3,4),(0.163264481151274,0.174349977219856,
0.185604786812973,0.197188025148354,0.20115593729341,0.213230551319212,
0.222607327829366),.UNSPECIFIED.);
#93=B_SPLINE_CURVE_WITH_KNOTS('',3,(#8315,#8316,#8317,#8318,#8319,#8320,
#8321),.UNSPECIFIED.,.F.,.F.,(4,1,1,1,4),(-1.,-0.714285714285714,-0.571428571428571,
-0.285714285714286,0.),.UNSPECIFIED.);
#94=B_SPLINE_CURVE_WITH_KNOTS('',3,(#8324,#8325,#8326,#8327,#8328,#8329,
#8330),.UNSPECIFIED.,.F.,.F.,(4,1,1,1,4),(0.,0.285714285714286,0.571428571428571,
0.714285714285714,1.),.UNSPECIFIED.);
#95=B_SPLINE_CURVE_WITH_KNOTS('',3,(#8374,#8375,#8376,#8377,#8378,#8379,
#8380),.UNSPECIFIED.,.F.,.F.,(4,1,1,1,4),(-1.,-0.714285714285714,-0.571428571428571,
-0.285714285714286,0.),.UNSPECIFIED.);
#96=B_SPLINE_CURVE_WITH_KNOTS('',3,(#8469,#8470,#8471,#8472,#8473,#8474,
#8475),.UNSPECIFIED.,.F.,.F.,(4,1,1,1,4),(-1.,-0.714285714285714,-0.571428571428571,
-0.285714285714286,0.),.UNSPECIFIED.);
#97=B_SPLINE_CURVE_WITH_KNOTS('',3,(#8555,#8556,#8557,#8558,#8559,#8560,
#8561),.UNSPECIFIED.,.F.,.F.,(4,1,1,1,4),(-1.,-0.785714285714286,-0.571428571428571,
-0.285714285714286,0.),.UNSPECIFIED.);
#98=B_SPLINE_CURVE_WITH_KNOTS('',3,(#8564,#8565,#8566,#8567,#8568,#8569,
#8570),.UNSPECIFIED.,.F.,.F.,(4,1,1,1,4),(0.,0.285714285714286,0.571428571428571,
0.785714285714286,1.),.UNSPECIFIED.);
#99=B_SPLINE_CURVE_WITH_KNOTS('',3,(#8614,#8615,#8616,#8617,#8618,#8619,
#8620),.UNSPECIFIED.,.F.,.F.,(4,1,1,1,4),(0.,0.285714285714286,0.571428571428571,
0.785714285714286,1.),.UNSPECIFIED.);
#100=B_SPLINE_CURVE_WITH_KNOTS('',3,(#8651,#8652,#8653,#8654,#8655,#8656,
#8657),.UNSPECIFIED.,.F.,.F.,(4,1,1,1,4),(0.,0.285714285714286,0.571428571428571,
0.785714285714286,1.),.UNSPECIFIED.);
#101=B_SPLINE_CURVE_WITH_KNOTS('',3,(#8702,#8703,#8704,#8705,#8706,#8707,
#8708),.UNSPECIFIED.,.F.,.F.,(4,1,1,1,4),(0.,0.285714285714286,0.571428571428571,
0.785714285714286,1.),.UNSPECIFIED.);
#102=B_SPLINE_CURVE_WITH_KNOTS('',3,(#8739,#8740,#8741,#8742,#8743,#8744,
#8745),.UNSPECIFIED.,.F.,.F.,(4,1,1,1,4),(0.,0.285714285714286,0.571428571428571,
0.785714285714286,1.),.UNSPECIFIED.);
#103=B_SPLINE_CURVE_WITH_KNOTS('',3,(#8790,#8791,#8792,#8793,#8794,#8795,
#8796),.UNSPECIFIED.,.F.,.F.,(4,1,1,1,4),(0.,0.285714285714286,0.571428571428571,
0.785714285714286,1.),.UNSPECIFIED.);
#104=B_SPLINE_CURVE_WITH_KNOTS('',3,(#8827,#8828,#8829,#8830,#8831,#8832,
#8833,#8834,#8835,#8836,#8837,#8838,#8839),.UNSPECIFIED.,.F.,.F.,(4,3,3,
3,4),(0.,0.285714285936208,0.571428571872415,0.785714286324571,1.00000000077673),
 .UNSPECIFIED.);
#105=B_SPLINE_CURVE_WITH_KNOTS('',3,(#8870,#8871,#8872,#8873,#8874,#8875,
#8876,#8877,#8878,#8879,#8880,#8881,#8882),.UNSPECIFIED.,.F.,.F.,(4,3,3,
3,4),(0.,0.285714285758943,0.571428571517886,0.785714285837093,1.00000000015628),
 .UNSPECIFIED.);
#106=B_SPLINE_CURVE_WITH_KNOTS('',3,(#8913,#8914,#8915,#8916,#8917,#8918,
#8919),.UNSPECIFIED.,.F.,.F.,(4,1,1,1,4),(0.,0.285714285714286,0.571428571428571,
0.785714285714286,1.),.UNSPECIFIED.);
#107=B_SPLINE_CURVE_WITH_KNOTS('',3,(#8951,#8952,#8953,#8954,#8955,#8956,
#8957),.UNSPECIFIED.,.F.,.F.,(4,1,1,1,4),(0.,0.285714285714286,0.571428571428571,
0.785714285714286,1.),.UNSPECIFIED.);
#108=B_SPLINE_CURVE_WITH_KNOTS('',3,(#9001,#9002,#9003,#9004,#9005,#9006,
#9007),.UNSPECIFIED.,.F.,.F.,(4,1,1,1,4),(0.,0.285714285714286,0.571428571428571,
0.785714285714286,1.),.UNSPECIFIED.);
#109=B_SPLINE_CURVE_WITH_KNOTS('',3,(#9038,#9039,#9040,#9041,#9042,#9043,
#9044),.UNSPECIFIED.,.F.,.F.,(4,1,1,1,4),(0.,0.285714285714286,0.571428571428571,
0.785714285714286,1.),.UNSPECIFIED.);
#110=B_SPLINE_CURVE_WITH_KNOTS('',3,(#9089,#9090,#9091,#9092,#9093,#9094,
#9095),.UNSPECIFIED.,.F.,.F.,(4,1,1,1,4),(0.,0.285714285714286,0.571428571428571,
0.785714285714286,1.),.UNSPECIFIED.);
#111=B_SPLINE_CURVE_WITH_KNOTS('',3,(#9126,#9127,#9128,#9129,#9130,#9131,
#9132),.UNSPECIFIED.,.F.,.F.,(4,1,1,1,4),(0.,0.285714285714286,0.571428571428571,
0.785714285714286,1.),.UNSPECIFIED.);
#112=B_SPLINE_CURVE_WITH_KNOTS('',3,(#9703,#9704,#9705,#9706,#9707,#9708,
#9709,#9710,#9711,#9712,#9713,#9714,#9715,#9716,#9717,#9718,#9719,#9720,
#9721,#9722,#9723,#9724,#9725,#9726,#9727,#9728,#9729,#9730),
 .UNSPECIFIED.,.F.,.F.,(4,3,3,3,3,3,3,3,3,4),(0.,0.136796819810538,0.201958962215248,
0.275091655312653,0.432591753170655,0.582890144443391,0.640897754802449,
0.698905365161507,0.90011806550651,1.),.UNSPECIFIED.);
#113=B_SPLINE_CURVE_WITH_KNOTS('',3,(#9734,#9735,#9736,#9737,#9738,#9739,
#9740,#9741,#9742,#9743,#9744,#9745,#9746,#9747,#9748,#9749,#9750,#9751,
#9752,#9753,#9754,#9755,#9756,#9757,#9758,#9759,#9760,#9761),
 .UNSPECIFIED.,.F.,.F.,(4,3,3,3,3,3,3,3,3,4),(-1.,-0.90011806550651,-0.698905365161507,
-0.640897754802449,-0.582890144443391,-0.432591753170655,-0.275091655312653,
-0.201958962215248,-0.136796819810538,0.),.UNSPECIFIED.);
#114=B_SPLINE_CURVE_WITH_KNOTS('',3,(#9802,#9803,#9804,#9805,#9806,#9807,
#9808,#9809,#9810,#9811,#9812,#9813,#9814,#9815,#9816,#9817),
 .UNSPECIFIED.,.F.,.F.,(4,3,3,3,3,4),(0.337521892304942,0.384821210083623,
0.565800047675506,0.677328131803805,0.865795713545863,1.),.UNSPECIFIED.);
#115=B_SPLINE_CURVE_WITH_KNOTS('',3,(#9819,#9820,#9821,#9822,#9823,#9824,
#9825,#9826,#9827,#9828,#9829,#9830,#9831,#9832,#9833,#9834),
 .UNSPECIFIED.,.F.,.F.,(4,3,3,3,3,4),(0.337521892304942,0.384821210083623,
0.565800047675506,0.677328131803805,0.865795713545863,1.),.UNSPECIFIED.);
#116=B_SPLINE_CURVE_WITH_KNOTS('',3,(#9845,#9846,#9847,#9848),
 .UNSPECIFIED.,.F.,.F.,(4,4),(0.,0.0723301908465887),.UNSPECIFIED.);
#117=B_SPLINE_CURVE_WITH_KNOTS('',3,(#9850,#9851,#9852,#9853),
 .UNSPECIFIED.,.F.,.F.,(4,4),(0.,0.0723301908465887),.UNSPECIFIED.);
#118=B_SPLINE_CURVE_WITH_KNOTS('',3,(#9888,#9889,#9890,#9891,#9892,#9893,
#9894,#9895,#9896,#9897,#9898,#9899,#9900),.UNSPECIFIED.,.F.,.F.,(4,3,3,
3,4),(0.,0.291068372127514,0.519443149623459,0.95643273387695,1.),
 .UNSPECIFIED.);
#119=B_SPLINE_CURVE_WITH_KNOTS('',3,(#9904,#9905,#9906,#9907,#9908,#9909,
#9910,#9911,#9912,#9913,#9914,#9915,#9916),.UNSPECIFIED.,.F.,.F.,(4,3,3,
3,4),(-1.,-0.95643273387695,-0.519443149623459,-0.291068372127514,0.),
 .UNSPECIFIED.);
#120=B_SPLINE_CURVE_WITH_KNOTS('',3,(#9951,#9952,#9953,#9954,#9955,#9956,
#9957,#9958,#9959,#9960,#9961,#9962,#9963),.UNSPECIFIED.,.F.,.F.,(4,3,3,
3,4),(0.,0.215343907409088,0.541819007879016,0.92960830370437,1.),
 .UNSPECIFIED.);
#121=B_SPLINE_CURVE_WITH_KNOTS('',3,(#9965,#9966,#9967,#9968,#9969,#9970,
#9971,#9972,#9973,#9974,#9975,#9976,#9977),.UNSPECIFIED.,.F.,.F.,(4,3,3,
3,4),(0.,0.215343907409088,0.541819007879016,0.92960830370437,1.),
 .UNSPECIFIED.);
#122=B_SPLINE_CURVE_WITH_KNOTS('',3,(#10036,#10037,#10038,#10039,#10040,
#10041,#10042,#10043,#10044,#10045,#10046,#10047,#10048,#10049,#10050,#10051,
#10052,#10053,#10054,#10055,#10056,#10057,#10058,#10059,#10060,#10061,#10062,
#10063),.UNSPECIFIED.,.F.,.F.,(4,3,3,3,3,3,3,3,3,4),(0.,0.109731914048318,
0.145434423751824,0.18113693345533,0.28676033500555,0.487847577492227,0.60804898481693,
0.69293249627533,0.850172281098373,1.),.UNSPECIFIED.);
#123=B_SPLINE_CURVE_WITH_KNOTS('',3,(#10067,#10068,#10069,#10070,#10071,
#10072,#10073,#10074,#10075,#10076,#10077,#10078,#10079,#10080,#10081,#10082,
#10083,#10084,#10085,#10086,#10087,#10088,#10089,#10090,#10091,#10092,#10093,
#10094),.UNSPECIFIED.,.F.,.F.,(4,3,3,3,3,3,3,3,3,4),(-1.,-0.850172281098373,
-0.69293249627533,-0.60804898481693,-0.487847577492227,-0.28676033500555,
-0.18113693345533,-0.145434423751824,-0.109731914048318,0.),
 .UNSPECIFIED.);
#124=B_SPLINE_CURVE_WITH_KNOTS('',3,(#10153,#10154,#10155,#10156,#10157,
#10158,#10159,#10160,#10161,#10162,#10163,#10164,#10165,#10166,#10167,#10168,
#10169,#10170,#10171,#10172,#10173,#10174,#10175,#10176,#10177),
 .UNSPECIFIED.,.F.,.F.,(4,3,3,3,3,3,3,3,4),(0.,0.106092277299478,0.176432940692762,
0.289813045561859,0.467359784171395,0.590581888878533,0.678643392763765,
0.812835057250999,1.),.UNSPECIFIED.);
#125=B_SPLINE_CURVE_WITH_KNOTS('',3,(#10179,#10180,#10181,#10182,#10183,
#10184,#10185,#10186,#10187,#10188,#10189,#10190,#10191,#10192,#10193,#10194,
#10195,#10196,#10197,#10198,#10199,#10200,#10201,#10202,#10203),
 .UNSPECIFIED.,.F.,.F.,(4,3,3,3,3,3,3,3,4),(0.,0.106092277299478,0.176432940692762,
0.289813045561859,0.467359784171395,0.590581888878533,0.678643392763765,
0.812835057250999,1.),.UNSPECIFIED.);
#126=B_SPLINE_SURFACE_WITH_KNOTS('',3,1,((#6013,#6014),(#6015,#6016),(#6017,
#6018),(#6019,#6020),(#6021,#6022),(#6023,#6024),(#6025,#6026),(#6027,#6028),
(#6029,#6030),(#6031,#6032),(#6033,#6034),(#6035,#6036),(#6037,#6038),(#6039,
#6040),(#6041,#6042),(#6043,#6044),(#6045,#6046),(#6047,#6048),(#6049,#6050),
(#6051,#6052),(#6053,#6054),(#6055,#6056),(#6057,#6058),(#6059,#6060),(#6061,
#6062)),.UNSPECIFIED.,.F.,.F.,.F.,(4,3,3,3,3,3,3,3,4),(2,2),(-1.,-0.850172281098373,
-0.69293249627533,-0.60804898481693,-0.487847577492227,-0.28676033500555,
-0.18113693345533,-0.109731914048318,0.),(0.,0.04),.UNSPECIFIED.);
#127=B_SPLINE_SURFACE_WITH_KNOTS('',3,1,((#6131,#6132),(#6133,#6134),(#6135,
#6136),(#6137,#6138),(#6139,#6140),(#6141,#6142),(#6143,#6144),(#6145,#6146),
(#6147,#6148),(#6149,#6150),(#6151,#6152),(#6153,#6154),(#6155,#6156),(#6157,
#6158),(#6159,#6160),(#6161,#6162),(#6163,#6164),(#6165,#6166),(#6167,#6168),
(#6169,#6170),(#6171,#6172),(#6173,#6174),(#6175,#6176),(#6177,#6178),(#6179,
#6180)),.UNSPECIFIED.,.F.,.F.,.F.,(4,3,3,3,3,3,3,3,4),(2,2),(0.,0.106092277299478,
0.176432940692762,0.289813045561859,0.467359784171395,0.590581888878533,
0.678643392763765,0.812835057250999,1.),(0.,0.04),.UNSPECIFIED.);
#128=B_SPLINE_SURFACE_WITH_KNOTS('',3,1,((#6287,#6288),(#6289,#6290),(#6291,
#6292),(#6293,#6294),(#6295,#6296),(#6297,#6298),(#6299,#6300),(#6301,#6302),
(#6303,#6304),(#6305,#6306),(#6307,#6308),(#6309,#6310),(#6311,#6312),(#6313,
#6314),(#6315,#6316),(#6317,#6318),(#6319,#6320),(#6321,#6322),(#6323,#6324),
(#6325,#6326),(#6327,#6328),(#6329,#6330),(#6331,#6332),(#6333,#6334),(#6335,
#6336)),.UNSPECIFIED.,.F.,.F.,.F.,(4,3,3,3,3,3,3,3,4),(2,2),(-1.,-0.90011806550651,
-0.698905365161507,-0.582890144443391,-0.432591753170655,-0.275091655312653,
-0.201958962215248,-0.136796819810538,0.),(0.,0.04),.UNSPECIFIED.);
#129=B_SPLINE_SURFACE_WITH_KNOTS('',3,1,((#6405,#6406),(#6407,#6408),(#6409,
#6410),(#6411,#6412),(#6413,#6414),(#6415,#6416),(#6417,#6418),(#6419,#6420),
(#6421,#6422),(#6423,#6424),(#6425,#6426),(#6427,#6428),(#6429,#6430),(#6431,
#6432),(#6433,#6434),(#6435,#6436)),.UNSPECIFIED.,.F.,.F.,.F.,(4,3,3,3,
3,4),(2,2),(0.337521892304942,0.384821210083623,0.565800047675506,0.677328131803805,
0.865795713545863,1.),(0.,0.04),.UNSPECIFIED.);
#130=B_SPLINE_SURFACE_WITH_KNOTS('',3,1,((#6472,#6473),(#6474,#6475),(#6476,
#6477),(#6478,#6479)),.UNSPECIFIED.,.F.,.F.,.F.,(4,4),(2,2),(0.,0.0723301908465887),
(0.,0.04),.UNSPECIFIED.);
#131=B_SPLINE_SURFACE_WITH_KNOTS('',3,1,((#6495,#6496),(#6497,#6498),(#6499,
#6500),(#6501,#6502),(#6503,#6504),(#6505,#6506),(#6507,#6508),(#6509,#6510),
(#6511,#6512),(#6513,#6514),(#6515,#6516),(#6517,#6518),(#6519,#6520)),
 .UNSPECIFIED.,.F.,.F.,.F.,(4,3,3,3,4),(2,2),(-1.,-0.95643273387695,-0.519443149623459,
-0.291068372127514,0.),(0.,0.04),.UNSPECIFIED.);
#132=B_SPLINE_SURFACE_WITH_KNOTS('',3,1,((#6559,#6560),(#6561,#6562),(#6563,
#6564),(#6565,#6566),(#6567,#6568),(#6569,#6570),(#6571,#6572),(#6573,#6574),
(#6575,#6576),(#6577,#6578),(#6579,#6580),(#6581,#6582),(#6583,#6584)),
 .UNSPECIFIED.,.F.,.F.,.F.,(4,3,3,3,4),(2,2),(0.,0.215343907409088,0.541819007879016,
0.92960830370437,1.),(0.,0.04),.UNSPECIFIED.);
#133=B_SPLINE_SURFACE_WITH_KNOTS('',3,3,((#6667,#6668,#6669,#6670,#6671,
#6672,#6673,#6674,#6675,#6676,#6677,#6678,#6679),(#6680,#6681,#6682,#6683,
#6684,#6685,#6686,#6687,#6688,#6689,#6690,#6691,#6692),(#6693,#6694,#6695,
#6696,#6697,#6698,#6699,#6700,#6701,#6702,#6703,#6704,#6705),(#6706,#6707,
#6708,#6709,#6710,#6711,#6712,#6713,#6714,#6715,#6716,#6717,#6718),(#6719,
#6720,#6721,#6722,#6723,#6724,#6725,#6726,#6727,#6728,#6729,#6730,#6731)),
 .UNSPECIFIED.,.F.,.F.,.F.,(4,1,4),(4,1,2,2,1,2,1,4),(0.,0.571428571428571,
1.),(0.,0.256177703597136,0.396448077485704,0.458352832565841,0.511218358194946,
0.519497944084765,0.76035873785396,1.),.UNSPECIFIED.);
#134=B_SPLINE_SURFACE_WITH_KNOTS('',3,3,((#6763,#6764,#6765,#6766,#6767,
#6768,#6769,#6770,#6771,#6772,#6773,#6774,#6775,#6776),(#6777,#6778,#6779,
#6780,#6781,#6782,#6783,#6784,#6785,#6786,#6787,#6788,#6789,#6790),(#6791,
#6792,#6793,#6794,#6795,#6796,#6797,#6798,#6799,#6800,#6801,#6802,#6803,
#6804),(#6805,#6806,#6807,#6808,#6809,#6810,#6811,#6812,#6813,#6814,#6815,
#6816,#6817,#6818),(#6819,#6820,#6821,#6822,#6823,#6824,#6825,#6826,#6827,
#6828,#6829,#6830,#6831,#6832),(#6833,#6834,#6835,#6836,#6837,#6838,#6839,
#6840,#6841,#6842,#6843,#6844,#6845,#6846),(#6847,#6848,#6849,#6850,#6851,
#6852,#6853,#6854,#6855,#6856,#6857,#6858,#6859,#6860),(#6861,#6862,#6863,
#6864,#6865,#6866,#6867,#6868,#6869,#6870,#6871,#6872,#6873,#6874),(#6875,
#6876,#6877,#6878,#6879,#6880,#6881,#6882,#6883,#6884,#6885,#6886,#6887,
#6888),(#6889,#6890,#6891,#6892,#6893,#6894,#6895,#6896,#6897,#6898,#6899,
#6900,#6901,#6902),(#6903,#6904,#6905,#6906,#6907,#6908,#6909,#6910,#6911,
#6912,#6913,#6914,#6915,#6916),(#6917,#6918,#6919,#6920,#6921,#6922,#6923,
#6924,#6925,#6926,#6927,#6928,#6929,#6930),(#6931,#6932,#6933,#6934,#6935,
#6936,#6937,#6938,#6939,#6940,#6941,#6942,#6943,#6944),(#6945,#6946,#6947,
#6948,#6949,#6950,#6951,#6952,#6953,#6954,#6955,#6956,#6957,#6958),(#6959,
#6960,#6961,#6962,#6963,#6964,#6965,#6966,#6967,#6968,#6969,#6970,#6971,
#6972),(#6973,#6974,#6975,#6976,#6977,#6978,#6979,#6980,#6981,#6982,#6983,
#6984,#6985,#6986),(#6987,#6988,#6989,#6990,#6991,#6992,#6993,#6994,#6995,
#6996,#6997,#6998,#6999,#7000),(#7001,#7002,#7003,#7004,#7005,#7006,#7007,
#7008,#7009,#7010,#7011,#7012,#7013,#7014),(#7015,#7016,#7017,#7018,#7019,
#7020,#7021,#7022,#7023,#7024,#7025,#7026,#7027,#7028),(#7029,#7030,#7031,
#7032,#7033,#7034,#7035,#7036,#7037,#7038,#7039,#7040,#7041,#7042),(#7043,
#7044,#7045,#7046,#7047,#7048,#7049,#7050,#7051,#7052,#7053,#7054,#7055,
#7056),(#7057,#7058,#7059,#7060,#7061,#7062,#7063,#7064,#7065,#7066,#7067,
#7068,#7069,#7070),(#7071,#7072,#7073,#7074,#7075,#7076,#7077,#7078,#7079,
#7080,#7081,#7082,#7083,#7084),(#7085,#7086,#7087,#7088,#7089,#7090,#7091,
#7092,#7093,#7094,#7095,#7096,#7097,#7098),(#7099,#7100,#7101,#7102,#7103,
#7104,#7105,#7106,#7107,#7108,#7109,#7110,#7111,#7112),(#7113,#7114,#7115,
#7116,#7117,#7118,#7119,#7120,#7121,#7122,#7123,#7124,#7125,#7126),(#7127,
#7128,#7129,#7130,#7131,#7132,#7133,#7134,#7135,#7136,#7137,#7138,#7139,
#7140),(#7141,#7142,#7143,#7144,#7145,#7146,#7147,#7148,#7149,#7150,#7151,
#7152,#7153,#7154)),.UNSPECIFIED.,.F.,.F.,.F.,(4,1,2,1,1,1,1,2,2,1,1,1,
1,1,1,1,1,1,2,2,4),(4,1,1,1,1,1,1,1,1,1,1,4),(0.,0.014451600365043,0.0289032007300861,
0.106778664621369,0.184654128512651,0.496155984077781,0.574031447969063,
0.651906911860346,0.70355027031283,0.73298942190035,0.762428573487869,0.777148149281629,
0.791867725075389,0.806587300869149,0.813947088766029,0.817626982714468,
0.821306876662908,0.880185179837947,0.939063483012986,0.948104071570568,
1.),(0.,0.00533703549160704,0.0106740709832141,0.0213481419664282,0.0426962839328563,
0.0853925678657126,0.170785135731425,0.256177703597138,0.341191255129743,
0.511218358194954,0.760358737853957,1.),.UNSPECIFIED.);
#135=B_SPLINE_SURFACE_WITH_KNOTS('',3,3,((#7209,#7210,#7211,#7212,#7213,
#7214,#7215,#7216,#7217,#7218,#7219,#7220,#7221,#7222),(#7223,#7224,#7225,
#7226,#7227,#7228,#7229,#7230,#7231,#7232,#7233,#7234,#7235,#7236),(#7237,
#7238,#7239,#7240,#7241,#7242,#7243,#7244,#7245,#7246,#7247,#7248,#7249,
#7250),(#7251,#7252,#7253,#7254,#7255,#7256,#7257,#7258,#7259,#7260,#7261,
#7262,#7263,#7264),(#7265,#7266,#7267,#7268,#7269,#7270,#7271,#7272,#7273,
#7274,#7275,#7276,#7277,#7278),(#7279,#7280,#7281,#7282,#7283,#7284,#7285,
#7286,#7287,#7288,#7289,#7290,#7291,#7292),(#7293,#7294,#7295,#7296,#7297,
#7298,#7299,#7300,#7301,#7302,#7303,#7304,#7305,#7306),(#7307,#7308,#7309,
#7310,#7311,#7312,#7313,#7314,#7315,#7316,#7317,#7318,#7319,#7320),(#7321,
#7322,#7323,#7324,#7325,#7326,#7327,#7328,#7329,#7330,#7331,#7332,#7333,
#7334),(#7335,#7336,#7337,#7338,#7339,#7340,#7341,#7342,#7343,#7344,#7345,
#7346,#7347,#7348),(#7349,#7350,#7351,#7352,#7353,#7354,#7355,#7356,#7357,
#7358,#7359,#7360,#7361,#7362),(#7363,#7364,#7365,#7366,#7367,#7368,#7369,
#7370,#7371,#7372,#7373,#7374,#7375,#7376),(#7377,#7378,#7379,#7380,#7381,
#7382,#7383,#7384,#7385,#7386,#7387,#7388,#7389,#7390),(#7391,#7392,#7393,
#7394,#7395,#7396,#7397,#7398,#7399,#7400,#7401,#7402,#7403,#7404),(#7405,
#7406,#7407,#7408,#7409,#7410,#7411,#7412,#7413,#7414,#7415,#7416,#7417,
#7418),(#7419,#7420,#7421,#7422,#7423,#7424,#7425,#7426,#7427,#7428,#7429,
#7430,#7431,#7432),(#7433,#7434,#7435,#7436,#7437,#7438,#7439,#7440,#7441,
#7442,#7443,#7444,#7445,#7446),(#7447,#7448,#7449,#7450,#7451,#7452,#7453,
#7454,#7455,#7456,#7457,#7458,#7459,#7460),(#7461,#7462,#7463,#7464,#7465,
#7466,#7467,#7468,#7469,#7470,#7471,#7472,#7473,#7474),(#7475,#7476,#7477,
#7478,#7479,#7480,#7481,#7482,#7483,#7484,#7485,#7486,#7487,#7488),(#7489,
#7490,#7491,#7492,#7493,#7494,#7495,#7496,#7497,#7498,#7499,#7500,#7501,
#7502),(#7503,#7504,#7505,#7506,#7507,#7508,#7509,#7510,#7511,#7512,#7513,
#7514,#7515,#7516),(#7517,#7518,#7519,#7520,#7521,#7522,#7523,#7524,#7525,
#7526,#7527,#7528,#7529,#7530),(#7531,#7532,#7533,#7534,#7535,#7536,#7537,
#7538,#7539,#7540,#7541,#7542,#7543,#7544),(#7545,#7546,#7547,#7548,#7549,
#7550,#7551,#7552,#7553,#7554,#7555,#7556,#7557,#7558),(#7559,#7560,#7561,
#7562,#7563,#7564,#7565,#7566,#7567,#7568,#7569,#7570,#7571,#7572),(#7573,
#7574,#7575,#7576,#7577,#7578,#7579,#7580,#7581,#7582,#7583,#7584,#7585,
#7586),(#7587,#7588,#7589,#7590,#7591,#7592,#7593,#7594,#7595,#7596,#7597,
#7598,#7599,#7600),(#7601,#7602,#7603,#7604,#7605,#7606,#7607,#7608,#7609,
#7610,#7611,#7612,#7613,#7614),(#7615,#7616,#7617,#7618,#7619,#7620,#7621,
#7622,#7623,#7624,#7625,#7626,#7627,#7628),(#7629,#7630,#7631,#7632,#7633,
#7634,#7635,#7636,#7637,#7638,#7639,#7640,#7641,#7642),(#7643,#7644,#7645,
#7646,#7647,#7648,#7649,#7650,#7651,#7652,#7653,#7654,#7655,#7656),(#7657,
#7658,#7659,#7660,#7661,#7662,#7663,#7664,#7665,#7666,#7667,#7668,#7669,
#7670),(#7671,#7672,#7673,#7674,#7675,#7676,#7677,#7678,#7679,#7680,#7681,
#7682,#7683,#7684),(#7685,#7686,#7687,#7688,#7689,#7690,#7691,#7692,#7693,
#7694,#7695,#7696,#7697,#7698),(#7699,#7700,#7701,#7702,#7703,#7704,#7705,
#7706,#7707,#7708,#7709,#7710,#7711,#7712),(#7713,#7714,#7715,#7716,#7717,
#7718,#7719,#7720,#7721,#7722,#7723,#7724,#7725,#7726),(#7727,#7728,#7729,
#7730,#7731,#7732,#7733,#7734,#7735,#7736,#7737,#7738,#7739,#7740),(#7741,
#7742,#7743,#7744,#7745,#7746,#7747,#7748,#7749,#7750,#7751,#7752,#7753,
#7754),(#7755,#7756,#7757,#7758,#7759,#7760,#7761,#7762,#7763,#7764,#7765,
#7766,#7767,#7768),(#7769,#7770,#7771,#7772,#7773,#7774,#7775,#7776,#7777,
#7778,#7779,#7780,#7781,#7782),(#7783,#7784,#7785,#7786,#7787,#7788,#7789,
#7790,#7791,#7792,#7793,#7794,#7795,#7796),(#7797,#7798,#7799,#7800,#7801,
#7802,#7803,#7804,#7805,#7806,#7807,#7808,#7809,#7810),(#7811,#7812,#7813,
#7814,#7815,#7816,#7817,#7818,#7819,#7820,#7821,#7822,#7823,#7824),(#7825,
#7826,#7827,#7828,#7829,#7830,#7831,#7832,#7833,#7834,#7835,#7836,#7837,
#7838)),.UNSPECIFIED.,.F.,.F.,.F.,(4,2,2,1,1,1,1,1,1,1,1,1,1,1,1,1,1,1,
1,1,1,1,1,1,1,1,2,1,1,2,1,1,1,1,1,2,1,4),(4,1,1,1,1,1,1,1,1,1,1,4),(0.,
0.05189559233675,0.0609365169870173,0.11981434018901,0.178692163391003,
0.178922154887886,0.179152146384769,0.179612129378535,0.180532095366066,
0.182372027341128,0.18421195931619,0.186051891291253,0.189731755241377,
0.193411619191502,0.197091483141626,0.198931415116689,0.200771347091751,
0.208131074992,0.222850530792498,0.237569986592996,0.252289442393495,0.267008898193993,
0.274368626094242,0.278048490044367,0.281728353994491,0.28908808189474,
0.29644780979499,0.32227044896733,0.3351817685535,0.348093088139671,0.387030427016741,
0.50384244364795,0.659591799156229,0.815341154664508,0.893215832418647,
0.971090510172787,0.985545255086393,1.),(0.,0.00533730120080977,0.0106746024016195,
0.0213492048032391,0.0426984096064782,0.0853968192129564,0.170793638425913,
0.213492048032391,0.256190457638869,0.511246092600298,0.760372215483814,
1.),.UNSPECIFIED.);
#136=B_SPLINE_SURFACE_WITH_KNOTS('',3,3,((#7944,#7945,#7946,#7947,#7948,
#7949,#7950,#7951,#7952,#7953,#7954,#7955,#7956),(#7957,#7958,#7959,#7960,
#7961,#7962,#7963,#7964,#7965,#7966,#7967,#7968,#7969),(#7970,#7971,#7972,
#7973,#7974,#7975,#7976,#7977,#7978,#7979,#7980,#7981,#7982),(#7983,#7984,
#7985,#7986,#7987,#7988,#7989,#7990,#7991,#7992,#7993,#7994,#7995),(#7996,
#7997,#7998,#7999,#8000,#8001,#8002,#8003,#8004,#8005,#8006,#8007,#8008)),
 .UNSPECIFIED.,.F.,.F.,.F.,(4,1,4),(4,1,2,2,1,2,1,4),(0.,0.571428571428571,
1.),(0.,0.256190457638869,0.396423140939048,0.456231183631737,0.511246092600298,
0.519462330396981,0.760372215483814,1.),.UNSPECIFIED.);
#137=B_SPLINE_SURFACE_WITH_KNOTS('',3,3,((#8286,#8287,#8288,#8289),(#8290,
#8291,#8292,#8293),(#8294,#8295,#8296,#8297),(#8298,#8299,#8300,#8301),
(#8302,#8303,#8304,#8305),(#8306,#8307,#8308,#8309),(#8310,#8311,#8312,
#8313)),.UNSPECIFIED.,.F.,.F.,.F.,(4,1,1,1,4),(4,4),(0.,0.285714285714286,
0.571428571428571,0.714285714285714,1.),(-16.1287499999999,5.37624999999997),
 .UNSPECIFIED.);
#138=B_SPLINE_SURFACE_WITH_KNOTS('',3,3,((#8331,#8332,#8333,#8334,#8335,
#8336),(#8337,#8338,#8339,#8340,#8341,#8342),(#8343,#8344,#8345,#8346,#8347,
#8348),(#8349,#8350,#8351,#8352,#8353,#8354),(#8355,#8356,#8357,#8358,#8359,
#8360),(#8361,#8362,#8363,#8364,#8365,#8366),(#8367,#8368,#8369,#8370,#8371,
#8372)),.UNSPECIFIED.,.F.,.F.,.F.,(4,1,1,1,4),(4,1,1,4),(0.,0.285714285714286,
0.571428571428571,0.714285714285714,1.),(-0.785398163397448,-0.112199737628209,
0.336599212884617,0.785398163397444),.UNSPECIFIED.);
#139=B_SPLINE_SURFACE_WITH_KNOTS('',3,3,((#8382,#8383,#8384,#8385),(#8386,
#8387,#8388,#8389),(#8390,#8391,#8392,#8393),(#8394,#8395,#8396,#8397),
(#8398,#8399,#8400,#8401),(#8402,#8403,#8404,#8405),(#8406,#8407,#8408,
#8409)),.UNSPECIFIED.,.F.,.F.,.F.,(4,1,1,1,4),(4,4),(0.,0.285714285714286,
0.571428571428571,0.714285714285714,1.),(-2.42612499239811,7.2783749771896),
 .UNSPECIFIED.);
#140=B_SPLINE_SURFACE_WITH_KNOTS('',3,3,((#8411,#8412,#8413,#8414),(#8415,
#8416,#8417,#8418),(#8419,#8420,#8421,#8422),(#8423,#8424,#8425,#8426),
(#8427,#8428,#8429,#8430),(#8431,#8432,#8433,#8434),(#8435,#8436,#8437,
#8438)),.UNSPECIFIED.,.F.,.F.,.F.,(4,1,1,1,4),(4,4),(0.,0.285714285714286,
0.571428571428571,0.714285714285714,1.),(-16.1287499999999,5.37624999999996),
 .UNSPECIFIED.);
#141=B_SPLINE_SURFACE_WITH_KNOTS('',3,3,((#8440,#8441,#8442,#8443),(#8444,
#8445,#8446,#8447),(#8448,#8449,#8450,#8451),(#8452,#8453,#8454,#8455),
(#8456,#8457,#8458,#8459),(#8460,#8461,#8462,#8463),(#8464,#8465,#8466,
#8467)),.UNSPECIFIED.,.F.,.F.,.F.,(4,1,1,1,4),(4,4),(0.,0.285714285714286,
0.571428571428571,0.714285714285714,1.),(-2.42612499239811,7.27837497719431),
 .UNSPECIFIED.);
#142=B_SPLINE_SURFACE_WITH_KNOTS('',3,3,((#8477,#8478,#8479,#8480,#8481,
#8482),(#8483,#8484,#8485,#8486,#8487,#8488),(#8489,#8490,#8491,#8492,#8493,
#8494),(#8495,#8496,#8497,#8498,#8499,#8500),(#8501,#8502,#8503,#8504,#8505,
#8506),(#8507,#8508,#8509,#8510,#8511,#8512),(#8513,#8514,#8515,#8516,#8517,
#8518)),.UNSPECIFIED.,.F.,.F.,.F.,(4,1,1,1,4),(4,1,1,4),(0.,0.285714285714286,
0.571428571428571,0.714285714285714,1.),(-0.78539816339745,-0.336599212884622,
0.112199737628205,0.785398163397446),.UNSPECIFIED.);
#143=B_SPLINE_SURFACE_WITH_KNOTS('',3,3,((#8526,#8527,#8528,#8529),(#8530,
#8531,#8532,#8533),(#8534,#8535,#8536,#8537),(#8538,#8539,#8540,#8541),
(#8542,#8543,#8544,#8545),(#8546,#8547,#8548,#8549),(#8550,#8551,#8552,
#8553)),.UNSPECIFIED.,.F.,.F.,.F.,(4,1,1,1,4),(4,4),(0.,0.285714285714286,
0.571428571428571,0.785714285714286,1.),(-2.201124992398,-0.851124926457673),
 .UNSPECIFIED.);
#144=B_SPLINE_SURFACE_WITH_KNOTS('',3,3,((#8571,#8572,#8573,#8574,#8575,
#8576),(#8577,#8578,#8579,#8580,#8581,#8582),(#8583,#8584,#8585,#8586,#8587,
#8588),(#8589,#8590,#8591,#8592,#8593,#8594),(#8595,#8596,#8597,#8598,#8599,
#8600),(#8601,#8602,#8603,#8604,#8605,#8606),(#8607,#8608,#8609,#8610,#8611,
#8612)),.UNSPECIFIED.,.F.,.F.,.F.,(4,1,1,1,4),(4,1,1,4),(0.,0.285714285714286,
0.571428571428571,0.785714285714286,1.),(-0.78539816339725,-0.112199737628173,
0.336599212884545,0.785398163397263),.UNSPECIFIED.);
#145=B_SPLINE_SURFACE_WITH_KNOTS('',3,3,((#8622,#8623,#8624,#8625),(#8626,
#8627,#8628,#8629),(#8630,#8631,#8632,#8633),(#8634,#8635,#8636,#8637),
(#8638,#8639,#8640,#8641),(#8642,#8643,#8644,#8645),(#8646,#8647,#8648,
#8649)),.UNSPECIFIED.,.F.,.F.,.F.,(4,1,1,1,4),(4,4),(0.,0.285714285714286,
0.571428571428571,0.785714285714286,1.),(0.62624999999997,10.0762499999999),
 .UNSPECIFIED.);
#146=B_SPLINE_SURFACE_WITH_KNOTS('',3,3,((#8659,#8660,#8661,#8662,#8663,
#8664),(#8665,#8666,#8667,#8668,#8669,#8670),(#8671,#8672,#8673,#8674,#8675,
#8676),(#8677,#8678,#8679,#8680,#8681,#8682),(#8683,#8684,#8685,#8686,#8687,
#8688),(#8689,#8690,#8691,#8692,#8693,#8694),(#8695,#8696,#8697,#8698,#8699,
#8700)),.UNSPECIFIED.,.F.,.F.,.F.,(4,1,1,1,4),(4,1,1,4),(0.,0.285714285714286,
0.571428571428571,0.785714285714286,1.),(-0.785398163397442,-0.336599212884621,
0.1121997376282,0.785398163397433),.UNSPECIFIED.);
#147=B_SPLINE_SURFACE_WITH_KNOTS('',3,3,((#8710,#8711,#8712,#8713),(#8714,
#8715,#8716,#8717),(#8718,#8719,#8720,#8721),(#8722,#8723,#8724,#8725),
(#8726,#8727,#8728,#8729),(#8730,#8731,#8732,#8733),(#8734,#8735,#8736,
#8737)),.UNSPECIFIED.,.F.,.F.,.F.,(4,1,1,1,4),(4,4),(0.,0.285714285714286,
0.571428571428571,0.785714285714286,1.),(-1.30112495942801,5.70337344774907),
 .UNSPECIFIED.);
#148=B_SPLINE_SURFACE_WITH_KNOTS('',3,3,((#8747,#8748,#8749,#8750,#8751,
#8752),(#8753,#8754,#8755,#8756,#8757,#8758),(#8759,#8760,#8761,#8762,#8763,
#8764),(#8765,#8766,#8767,#8768,#8769,#8770),(#8771,#8772,#8773,#8774,#8775,
#8776),(#8777,#8778,#8779,#8780,#8781,#8782),(#8783,#8784,#8785,#8786,#8787,
#8788)),.UNSPECIFIED.,.F.,.F.,.F.,(4,1,1,1,4),(4,1,1,4),(0.,0.285714285714286,
0.571428571428571,0.785714285714286,1.),(-0.785398159285588,-0.112199737040794,
0.336599211122402,0.785398159285598),.UNSPECIFIED.);
#149=B_SPLINE_SURFACE_WITH_KNOTS('',3,3,((#8798,#8799,#8800,#8801),(#8802,
#8803,#8804,#8805),(#8806,#8807,#8808,#8809),(#8810,#8811,#8812,#8813),
(#8814,#8815,#8816,#8817),(#8818,#8819,#8820,#8821),(#8822,#8823,#8824,
#8825)),.UNSPECIFIED.,.F.,.F.,.F.,(4,1,1,1,4),(4,4),(0.,0.285714285714286,
0.571428571428571,0.785714285714286,1.),(-5.34926912239588,-2.81402556176286),
 .UNSPECIFIED.);
#150=B_SPLINE_SURFACE_WITH_KNOTS('',3,3,((#8841,#8842,#8843,#8844),(#8845,
#8846,#8847,#8848),(#8849,#8850,#8851,#8852),(#8853,#8854,#8855,#8856),
(#8857,#8858,#8859,#8860),(#8861,#8862,#8863,#8864),(#8865,#8866,#8867,
#8868)),.UNSPECIFIED.,.F.,.F.,.F.,(4,1,1,1,4),(4,4),(0.,0.285714285714286,
0.571428571428571,0.785714285714286,1.),(-4.93560674461085,-1.82089604153412),
 .UNSPECIFIED.);
#151=B_SPLINE_SURFACE_WITH_KNOTS('',3,3,((#8884,#8885,#8886,#8887),(#8888,
#8889,#8890,#8891),(#8892,#8893,#8894,#8895),(#8896,#8897,#8898,#8899),
(#8900,#8901,#8902,#8903),(#8904,#8905,#8906,#8907),(#8908,#8909,#8910,
#8911)),.UNSPECIFIED.,.F.,.F.,.F.,(4,1,1,1,4),(4,4),(0.,0.285714285714286,
0.571428571428571,0.785714285714286,1.),(-8.28596839158392,6.31728722012691),
 .UNSPECIFIED.);
#152=B_SPLINE_SURFACE_WITH_KNOTS('',3,3,((#8921,#8922,#8923,#8924),(#8925,
#8926,#8927,#8928),(#8929,#8930,#8931,#8932),(#8933,#8934,#8935,#8936),
(#8937,#8938,#8939,#8940),(#8941,#8942,#8943,#8944),(#8945,#8946,#8947,
#8948)),.UNSPECIFIED.,.F.,.F.,.F.,(4,1,1,1,4),(4,4),(0.,0.285714285714286,
0.571428571428571,0.785714285714286,1.),(4.77531081518852,5.92718470792527),
 .UNSPECIFIED.);
#153=B_SPLINE_SURFACE_WITH_KNOTS('',3,3,((#8958,#8959,#8960,#8961,#8962,
#8963),(#8964,#8965,#8966,#8967,#8968,#8969),(#8970,#8971,#8972,#8973,#8974,
#8975),(#8976,#8977,#8978,#8979,#8980,#8981),(#8982,#8983,#8984,#8985,#8986,
#8987),(#8988,#8989,#8990,#8991,#8992,#8993),(#8994,#8995,#8996,#8997,#8998,
#8999)),.UNSPECIFIED.,.F.,.F.,.F.,(4,1,1,1,4),(4,1,1,4),(0.,0.285714285714286,
0.571428571428571,0.785714285714286,1.),(-0.785397660564218,-0.336598997384661,
0.112199665794896,0.785397660564232),.UNSPECIFIED.);
#154=B_SPLINE_SURFACE_WITH_KNOTS('',3,3,((#9009,#9010,#9011,#9012),(#9013,
#9014,#9015,#9016),(#9017,#9018,#9019,#9020),(#9021,#9022,#9023,#9024),
(#9025,#9026,#9027,#9028),(#9029,#9030,#9031,#9032),(#9033,#9034,#9035,
#9036)),.UNSPECIFIED.,.F.,.F.,.F.,(4,1,1,1,4),(4,4),(0.,0.285714285714286,
0.571428571428571,0.785714285714286,1.),(-2.20112438320713,6.60337436800335),
 .UNSPECIFIED.);
#155=B_SPLINE_SURFACE_WITH_KNOTS('',3,3,((#9046,#9047,#9048,#9049,#9050,
#9051),(#9052,#9053,#9054,#9055,#9056,#9057),(#9058,#9059,#9060,#9061,#9062,
#9063),(#9064,#9065,#9066,#9067,#9068,#9069),(#9070,#9071,#9072,#9073,#9074,
#9075),(#9076,#9077,#9078,#9079,#9080,#9081),(#9082,#9083,#9084,#9085,#9086,
#9087)),.UNSPECIFIED.,.F.,.F.,.F.,(4,1,1,1,4),(4,1,1,4),(0.,0.285714285714286,
0.571428571428571,0.785714285714286,1.),(-0.78539816339745,-0.336599212884623,
0.112199737628203,0.785398163397443),.UNSPECIFIED.);
#156=B_SPLINE_SURFACE_WITH_KNOTS('',3,3,((#9097,#9098,#9099,#9100),(#9101,
#9102,#9103,#9104),(#9105,#9106,#9107,#9108),(#9109,#9110,#9111,#9112),
(#9113,#9114,#9115,#9116),(#9117,#9118,#9119,#9120),(#9121,#9122,#9123,
#9124)),.UNSPECIFIED.,.F.,.F.,.F.,(4,1,1,1,4),(4,4),(0.,0.285714285714286,
0.571428571428571,0.785714285714286,1.),(-5.35124999999995,6.15374999999953),
 .UNSPECIFIED.);
#157=B_SPLINE_SURFACE_WITH_KNOTS('',3,3,((#9134,#9135,#9136,#9137,#9138,
#9139),(#9140,#9141,#9142,#9143,#9144,#9145),(#9146,#9147,#9148,#9149,#9150,
#9151),(#9152,#9153,#9154,#9155,#9156,#9157),(#9158,#9159,#9160,#9161,#9162,
#9163),(#9164,#9165,#9166,#9167,#9168,#9169),(#9170,#9171,#9172,#9173,#9174,
#9175)),.UNSPECIFIED.,.F.,.F.,.F.,(4,1,1,1,4),(4,1,1,4),(0.,0.285714285714286,
0.571428571428571,0.785714285714286,1.),(-0.78539816339727,-0.33659921288454,
0.11219973762819,0.785398163397285),.UNSPECIFIED.);
#158=B_SPLINE_SURFACE_WITH_KNOTS('',3,1,((#9651,#9652),(#9653,#9654),(#9655,
#9656),(#9657,#9658),(#9659,#9660),(#9661,#9662),(#9663,#9664),(#9665,#9666),
(#9667,#9668),(#9669,#9670),(#9671,#9672),(#9673,#9674),(#9675,#9676),(#9677,
#9678),(#9679,#9680),(#9681,#9682),(#9683,#9684),(#9685,#9686),(#9687,#9688),
(#9689,#9690),(#9691,#9692),(#9693,#9694),(#9695,#9696),(#9697,#9698),(#9699,
#9700)),.UNSPECIFIED.,.F.,.F.,.F.,(4,3,3,3,3,3,3,3,4),(2,2),(-1.,-0.90011806550651,
-0.698905365161507,-0.582890144443391,-0.432591753170655,-0.275091655312653,
-0.201958962215248,-0.136796819810538,0.),(0.,0.04),.UNSPECIFIED.);
#159=B_SPLINE_SURFACE_WITH_KNOTS('',3,1,((#9769,#9770),(#9771,#9772),(#9773,
#9774),(#9775,#9776),(#9777,#9778),(#9779,#9780),(#9781,#9782),(#9783,#9784),
(#9785,#9786),(#9787,#9788),(#9789,#9790),(#9791,#9792),(#9793,#9794),(#9795,
#9796),(#9797,#9798),(#9799,#9800)),.UNSPECIFIED.,.F.,.F.,.F.,(4,3,3,3,
3,4),(2,2),(0.337521892304942,0.384821210083623,0.565800047675506,0.677328131803805,
0.865795713545863,1.),(0.,0.04),.UNSPECIFIED.);
#160=B_SPLINE_SURFACE_WITH_KNOTS('',3,1,((#9836,#9837),(#9838,#9839),(#9840,
#9841),(#9842,#9843)),.UNSPECIFIED.,.F.,.F.,.F.,(4,4),(2,2),(0.,0.0723301908465887),
(0.,0.04),.UNSPECIFIED.);
#161=B_SPLINE_SURFACE_WITH_KNOTS('',3,1,((#9860,#9861),(#9862,#9863),(#9864,
#9865),(#9866,#9867),(#9868,#9869),(#9870,#9871),(#9872,#9873),(#9874,#9875),
(#9876,#9877),(#9878,#9879),(#9880,#9881),(#9882,#9883),(#9884,#9885)),
 .UNSPECIFIED.,.F.,.F.,.F.,(4,3,3,3,4),(2,2),(-1.,-0.95643273387695,-0.519443149623459,
-0.291068372127514,0.),(0.,0.04),.UNSPECIFIED.);
#162=B_SPLINE_SURFACE_WITH_KNOTS('',3,1,((#9924,#9925),(#9926,#9927),(#9928,
#9929),(#9930,#9931),(#9932,#9933),(#9934,#9935),(#9936,#9937),(#9938,#9939),
(#9940,#9941),(#9942,#9943),(#9944,#9945),(#9946,#9947),(#9948,#9949)),
 .UNSPECIFIED.,.F.,.F.,.F.,(4,3,3,3,4),(2,2),(0.,0.215343907409088,0.541819007879016,
0.92960830370437,1.),(0.,0.04),.UNSPECIFIED.);
#163=B_SPLINE_SURFACE_WITH_KNOTS('',3,1,((#9984,#9985),(#9986,#9987),(#9988,
#9989),(#9990,#9991),(#9992,#9993),(#9994,#9995),(#9996,#9997),(#9998,#9999),
(#10000,#10001),(#10002,#10003),(#10004,#10005),(#10006,#10007),(#10008,
#10009),(#10010,#10011),(#10012,#10013),(#10014,#10015),(#10016,#10017),
(#10018,#10019),(#10020,#10021),(#10022,#10023),(#10024,#10025),(#10026,
#10027),(#10028,#10029),(#10030,#10031),(#10032,#10033)),.UNSPECIFIED.,
 .F.,.F.,.F.,(4,3,3,3,3,3,3,3,4),(2,2),(-1.,-0.850172281098373,-0.69293249627533,
-0.60804898481693,-0.487847577492227,-0.28676033500555,-0.18113693345533,
-0.109731914048318,0.),(0.,0.04),.UNSPECIFIED.);
#164=B_SPLINE_SURFACE_WITH_KNOTS('',3,1,((#10102,#10103),(#10104,#10105),
(#10106,#10107),(#10108,#10109),(#10110,#10111),(#10112,#10113),(#10114,
#10115),(#10116,#10117),(#10118,#10119),(#10120,#10121),(#10122,#10123),
(#10124,#10125),(#10126,#10127),(#10128,#10129),(#10130,#10131),(#10132,
#10133),(#10134,#10135),(#10136,#10137),(#10138,#10139),(#10140,#10141),
(#10142,#10143),(#10144,#10145),(#10146,#10147),(#10148,#10149),(#10150,
#10151)),.UNSPECIFIED.,.F.,.F.,.F.,(4,3,3,3,3,3,3,3,4),(2,2),(0.,0.106092277299478,
0.176432940692762,0.289813045561859,0.467359784171395,0.590581888878533,
0.678643392763765,0.812835057250999,1.),(0.,0.04),.UNSPECIFIED.);
#165=PLANE('',#4185);
#166=PLANE('',#4189);
#167=PLANE('',#4193);
#168=PLANE('',#4197);
#169=PLANE('',#4201);
#170=PLANE('',#4205);
#171=PLANE('',#4209);
#172=PLANE('',#4213);
#173=PLANE('',#4217);
#174=PLANE('',#4221);
#175=PLANE('',#4246);
#176=PLANE('',#4253);
#177=PLANE('',#4278);
#178=PLANE('',#4285);
#179=PLANE('',#4292);
#180=PLANE('',#4317);
#181=PLANE('',#4329);
#182=PLANE('',#4346);
#183=PLANE('',#4395);
#184=PLANE('',#4409);
#185=PLANE('',#4411);
#186=PLANE('',#4418);
#187=PLANE('',#4419);
#188=PLANE('',#4421);
#189=PLANE('',#4423);
#190=PLANE('',#4425);
#191=PLANE('',#4426);
#192=PLANE('',#4433);
#193=PLANE('',#4439);
#194=PLANE('',#4463);
#195=PLANE('',#4465);
#196=PLANE('',#4466);
#197=PLANE('',#4475);
#198=PLANE('',#4478);
#199=PLANE('',#4479);
#200=PLANE('',#4488);
#201=PLANE('',#4491);
#202=PLANE('',#4492);
#203=PLANE('',#4495);
#204=PLANE('',#4500);
#205=PLANE('',#4505);
#206=PLANE('',#4507);
#207=PLANE('',#4510);
#208=PLANE('',#4513);
#209=PLANE('',#4520);
#210=PLANE('',#4521);
#211=PLANE('',#4530);
#212=PLANE('',#4533);
#213=PLANE('',#4534);
#214=PLANE('',#4537);
#215=PLANE('',#4546);
#216=PLANE('',#4547);
#217=PLANE('',#4550);
#218=PLANE('',#4552);
#219=PLANE('',#4553);
#220=PLANE('',#4554);
#221=PLANE('',#4580);
#222=PLANE('',#4581);
#223=PLANE('',#4606);
#224=PLANE('',#4607);
#225=PLANE('',#4632);
#226=PLANE('',#4633);
#227=PLANE('',#4640);
#228=PLANE('',#4641);
#229=PLANE('',#4648);
#230=PLANE('',#4649);
#231=PLANE('',#4656);
#232=PLANE('',#4657);
#233=FACE_OUTER_BOUND('',#472,.T.);
#234=FACE_OUTER_BOUND('',#473,.T.);
#235=FACE_OUTER_BOUND('',#474,.T.);
#236=FACE_OUTER_BOUND('',#475,.T.);
#237=FACE_OUTER_BOUND('',#476,.T.);
#238=FACE_OUTER_BOUND('',#477,.T.);
#239=FACE_OUTER_BOUND('',#478,.T.);
#240=FACE_OUTER_BOUND('',#479,.T.);
#241=FACE_OUTER_BOUND('',#480,.T.);
#242=FACE_OUTER_BOUND('',#481,.T.);
#243=FACE_OUTER_BOUND('',#482,.T.);
#244=FACE_OUTER_BOUND('',#483,.T.);
#245=FACE_OUTER_BOUND('',#484,.T.);
#246=FACE_OUTER_BOUND('',#485,.T.);
#247=FACE_OUTER_BOUND('',#486,.T.);
#248=FACE_OUTER_BOUND('',#487,.T.);
#249=FACE_OUTER_BOUND('',#488,.T.);
#250=FACE_OUTER_BOUND('',#489,.T.);
#251=FACE_OUTER_BOUND('',#490,.T.);
#252=FACE_OUTER_BOUND('',#491,.T.);
#253=FACE_OUTER_BOUND('',#492,.T.);
#254=FACE_OUTER_BOUND('',#493,.T.);
#255=FACE_OUTER_BOUND('',#494,.T.);
#256=FACE_OUTER_BOUND('',#495,.T.);
#257=FACE_OUTER_BOUND('',#496,.T.);
#258=FACE_OUTER_BOUND('',#497,.T.);
#259=FACE_OUTER_BOUND('',#498,.T.);
#260=FACE_OUTER_BOUND('',#499,.T.);
#261=FACE_OUTER_BOUND('',#500,.T.);
#262=FACE_OUTER_BOUND('',#501,.T.);
#263=FACE_OUTER_BOUND('',#502,.T.);
#264=FACE_OUTER_BOUND('',#503,.T.);
#265=FACE_OUTER_BOUND('',#504,.T.);
#266=FACE_OUTER_BOUND('',#505,.T.);
#267=FACE_OUTER_BOUND('',#506,.T.);
#268=FACE_OUTER_BOUND('',#507,.T.);
#269=FACE_OUTER_BOUND('',#508,.T.);
#270=FACE_OUTER_BOUND('',#509,.T.);
#271=FACE_OUTER_BOUND('',#510,.T.);
#272=FACE_OUTER_BOUND('',#511,.T.);
#273=FACE_OUTER_BOUND('',#512,.T.);
#274=FACE_OUTER_BOUND('',#513,.T.);
#275=FACE_OUTER_BOUND('',#514,.T.);
#276=FACE_OUTER_BOUND('',#515,.T.);
#277=FACE_OUTER_BOUND('',#516,.T.);
#278=FACE_OUTER_BOUND('',#517,.T.);
#279=FACE_OUTER_BOUND('',#518,.T.);
#280=FACE_OUTER_BOUND('',#519,.T.);
#281=FACE_OUTER_BOUND('',#520,.T.);
#282=FACE_OUTER_BOUND('',#521,.T.);
#283=FACE_OUTER_BOUND('',#522,.T.);
#284=FACE_OUTER_BOUND('',#523,.T.);
#285=FACE_OUTER_BOUND('',#524,.T.);
#286=FACE_OUTER_BOUND('',#525,.T.);
#287=FACE_OUTER_BOUND('',#526,.T.);
#288=FACE_OUTER_BOUND('',#527,.T.);
#289=FACE_OUTER_BOUND('',#528,.T.);
#290=FACE_OUTER_BOUND('',#529,.T.);
#291=FACE_OUTER_BOUND('',#530,.T.);
#292=FACE_OUTER_BOUND('',#531,.T.);
#293=FACE_OUTER_BOUND('',#532,.T.);
#294=FACE_OUTER_BOUND('',#533,.T.);
#295=FACE_OUTER_BOUND('',#534,.T.);
#296=FACE_OUTER_BOUND('',#535,.T.);
#297=FACE_OUTER_BOUND('',#536,.T.);
#298=FACE_OUTER_BOUND('',#537,.T.);
#299=FACE_OUTER_BOUND('',#538,.T.);
#300=FACE_OUTER_BOUND('',#539,.T.);
#301=FACE_OUTER_BOUND('',#540,.T.);
#302=FACE_OUTER_BOUND('',#556,.T.);
#303=FACE_OUTER_BOUND('',#568,.T.);
#304=FACE_OUTER_BOUND('',#569,.T.);
#305=FACE_OUTER_BOUND('',#570,.T.);
#306=FACE_OUTER_BOUND('',#571,.T.);
#307=FACE_OUTER_BOUND('',#572,.T.);
#308=FACE_OUTER_BOUND('',#573,.T.);
#309=FACE_OUTER_BOUND('',#574,.T.);
#310=FACE_OUTER_BOUND('',#575,.T.);
#311=FACE_OUTER_BOUND('',#576,.T.);
#312=FACE_OUTER_BOUND('',#577,.T.);
#313=FACE_OUTER_BOUND('',#578,.T.);
#314=FACE_OUTER_BOUND('',#579,.T.);
#315=FACE_OUTER_BOUND('',#580,.T.);
#316=FACE_OUTER_BOUND('',#581,.T.);
#317=FACE_OUTER_BOUND('',#582,.T.);
#318=FACE_OUTER_BOUND('',#583,.T.);
#319=FACE_OUTER_BOUND('',#584,.T.);
#320=FACE_OUTER_BOUND('',#585,.T.);
#321=FACE_OUTER_BOUND('',#586,.T.);
#322=FACE_OUTER_BOUND('',#587,.T.);
#323=FACE_OUTER_BOUND('',#588,.T.);
#324=FACE_OUTER_BOUND('',#589,.T.);
#325=FACE_OUTER_BOUND('',#590,.T.);
#326=FACE_OUTER_BOUND('',#591,.T.);
#327=FACE_OUTER_BOUND('',#592,.T.);
#328=FACE_OUTER_BOUND('',#593,.T.);
#329=FACE_OUTER_BOUND('',#594,.T.);
#330=FACE_OUTER_BOUND('',#595,.T.);
#331=FACE_OUTER_BOUND('',#596,.T.);
#332=FACE_OUTER_BOUND('',#597,.T.);
#333=FACE_OUTER_BOUND('',#598,.T.);
#334=FACE_OUTER_BOUND('',#599,.T.);
#335=FACE_OUTER_BOUND('',#600,.T.);
#336=FACE_OUTER_BOUND('',#601,.T.);
#337=FACE_OUTER_BOUND('',#602,.T.);
#338=FACE_OUTER_BOUND('',#603,.T.);
#339=FACE_OUTER_BOUND('',#604,.T.);
#340=FACE_OUTER_BOUND('',#605,.T.);
#341=FACE_OUTER_BOUND('',#606,.T.);
#342=FACE_OUTER_BOUND('',#607,.T.);
#343=FACE_OUTER_BOUND('',#608,.T.);
#344=FACE_OUTER_BOUND('',#609,.T.);
#345=FACE_OUTER_BOUND('',#610,.T.);
#346=FACE_OUTER_BOUND('',#612,.T.);
#347=FACE_OUTER_BOUND('',#614,.T.);
#348=FACE_OUTER_BOUND('',#615,.T.);
#349=FACE_OUTER_BOUND('',#616,.T.);
#350=FACE_OUTER_BOUND('',#617,.T.);
#351=FACE_OUTER_BOUND('',#618,.T.);
#352=FACE_OUTER_BOUND('',#619,.T.);
#353=FACE_OUTER_BOUND('',#620,.T.);
#354=FACE_OUTER_BOUND('',#621,.T.);
#355=FACE_OUTER_BOUND('',#622,.T.);
#356=FACE_OUTER_BOUND('',#623,.T.);
#357=FACE_OUTER_BOUND('',#624,.T.);
#358=FACE_OUTER_BOUND('',#625,.T.);
#359=FACE_OUTER_BOUND('',#626,.T.);
#360=FACE_OUTER_BOUND('',#627,.T.);
#361=FACE_OUTER_BOUND('',#628,.T.);
#362=FACE_OUTER_BOUND('',#629,.T.);
#363=FACE_OUTER_BOUND('',#630,.T.);
#364=FACE_OUTER_BOUND('',#631,.T.);
#365=FACE_OUTER_BOUND('',#632,.T.);
#366=FACE_OUTER_BOUND('',#633,.T.);
#367=FACE_OUTER_BOUND('',#634,.T.);
#368=FACE_OUTER_BOUND('',#635,.T.);
#369=FACE_OUTER_BOUND('',#637,.T.);
#370=FACE_OUTER_BOUND('',#638,.T.);
#371=FACE_OUTER_BOUND('',#639,.T.);
#372=FACE_OUTER_BOUND('',#640,.T.);
#373=FACE_OUTER_BOUND('',#641,.T.);
#374=FACE_OUTER_BOUND('',#642,.T.);
#375=FACE_OUTER_BOUND('',#643,.T.);
#376=FACE_OUTER_BOUND('',#644,.T.);
#377=FACE_OUTER_BOUND('',#646,.T.);
#378=FACE_OUTER_BOUND('',#647,.T.);
#379=FACE_OUTER_BOUND('',#648,.T.);
#380=FACE_OUTER_BOUND('',#649,.T.);
#381=FACE_OUTER_BOUND('',#650,.T.);
#382=FACE_OUTER_BOUND('',#651,.T.);
#383=FACE_OUTER_BOUND('',#653,.T.);
#384=FACE_OUTER_BOUND('',#654,.T.);
#385=FACE_OUTER_BOUND('',#655,.T.);
#386=FACE_OUTER_BOUND('',#656,.T.);
#387=FACE_OUTER_BOUND('',#657,.T.);
#388=FACE_OUTER_BOUND('',#658,.T.);
#389=FACE_OUTER_BOUND('',#659,.T.);
#390=FACE_OUTER_BOUND('',#660,.T.);
#391=FACE_OUTER_BOUND('',#661,.T.);
#392=FACE_OUTER_BOUND('',#662,.T.);
#393=FACE_OUTER_BOUND('',#663,.T.);
#394=FACE_OUTER_BOUND('',#664,.T.);
#395=FACE_OUTER_BOUND('',#665,.T.);
#396=FACE_OUTER_BOUND('',#666,.T.);
#397=FACE_OUTER_BOUND('',#667,.T.);
#398=FACE_OUTER_BOUND('',#669,.T.);
#399=FACE_OUTER_BOUND('',#670,.T.);
#400=FACE_OUTER_BOUND('',#671,.T.);
#401=FACE_OUTER_BOUND('',#672,.T.);
#402=FACE_OUTER_BOUND('',#673,.T.);
#403=FACE_OUTER_BOUND('',#674,.T.);
#404=FACE_OUTER_BOUND('',#675,.T.);
#405=FACE_OUTER_BOUND('',#676,.T.);
#406=FACE_OUTER_BOUND('',#678,.T.);
#407=FACE_OUTER_BOUND('',#679,.T.);
#408=FACE_OUTER_BOUND('',#680,.T.);
#409=FACE_OUTER_BOUND('',#681,.T.);
#410=FACE_OUTER_BOUND('',#682,.T.);
#411=FACE_OUTER_BOUND('',#683,.T.);
#412=FACE_OUTER_BOUND('',#684,.T.);
#413=FACE_OUTER_BOUND('',#685,.T.);
#414=FACE_OUTER_BOUND('',#687,.T.);
#415=FACE_OUTER_BOUND('',#688,.T.);
#416=FACE_OUTER_BOUND('',#689,.T.);
#417=FACE_OUTER_BOUND('',#690,.T.);
#418=FACE_OUTER_BOUND('',#691,.T.);
#419=FACE_OUTER_BOUND('',#692,.T.);
#420=FACE_OUTER_BOUND('',#693,.T.);
#421=FACE_OUTER_BOUND('',#694,.T.);
#422=FACE_OUTER_BOUND('',#695,.T.);
#423=FACE_OUTER_BOUND('',#696,.T.);
#424=FACE_OUTER_BOUND('',#697,.T.);
#425=FACE_OUTER_BOUND('',#698,.T.);
#426=FACE_OUTER_BOUND('',#699,.T.);
#427=FACE_OUTER_BOUND('',#700,.T.);
#428=FACE_OUTER_BOUND('',#701,.T.);
#429=FACE_OUTER_BOUND('',#702,.T.);
#430=FACE_OUTER_BOUND('',#703,.T.);
#431=FACE_OUTER_BOUND('',#704,.T.);
#432=FACE_OUTER_BOUND('',#705,.T.);
#433=FACE_OUTER_BOUND('',#706,.T.);
#434=FACE_OUTER_BOUND('',#707,.T.);
#435=FACE_OUTER_BOUND('',#708,.T.);
#436=FACE_OUTER_BOUND('',#709,.T.);
#437=FACE_OUTER_BOUND('',#710,.T.);
#438=FACE_OUTER_BOUND('',#711,.T.);
#439=FACE_OUTER_BOUND('',#712,.T.);
#440=FACE_OUTER_BOUND('',#713,.T.);
#441=FACE_OUTER_BOUND('',#714,.T.);
#442=FACE_OUTER_BOUND('',#715,.T.);
#443=FACE_OUTER_BOUND('',#716,.T.);
#444=FACE_OUTER_BOUND('',#717,.T.);
#445=FACE_OUTER_BOUND('',#718,.T.);
#446=FACE_OUTER_BOUND('',#719,.T.);
#447=FACE_OUTER_BOUND('',#720,.T.);
#448=FACE_OUTER_BOUND('',#721,.T.);
#449=FACE_OUTER_BOUND('',#722,.T.);
#450=FACE_OUTER_BOUND('',#723,.T.);
#451=FACE_OUTER_BOUND('',#724,.T.);
#452=FACE_OUTER_BOUND('',#725,.T.);
#453=FACE_OUTER_BOUND('',#726,.T.);
#454=FACE_OUTER_BOUND('',#727,.T.);
#455=FACE_OUTER_BOUND('',#728,.T.);
#456=FACE_OUTER_BOUND('',#729,.T.);
#457=FACE_OUTER_BOUND('',#730,.T.);
#458=FACE_OUTER_BOUND('',#731,.T.);
#459=FACE_OUTER_BOUND('',#732,.T.);
#460=FACE_OUTER_BOUND('',#733,.T.);
#461=FACE_OUTER_BOUND('',#734,.T.);
#462=FACE_OUTER_BOUND('',#735,.T.);
#463=FACE_OUTER_BOUND('',#736,.T.);
#464=FACE_OUTER_BOUND('',#737,.T.);
#465=FACE_OUTER_BOUND('',#738,.T.);
#466=FACE_OUTER_BOUND('',#739,.T.);
#467=FACE_OUTER_BOUND('',#740,.T.);
#468=FACE_OUTER_BOUND('',#741,.T.);
#469=FACE_OUTER_BOUND('',#742,.T.);
#470=FACE_OUTER_BOUND('',#743,.T.);
#471=FACE_OUTER_BOUND('',#744,.T.);
#472=EDGE_LOOP('',(#2576,#2577,#2578,#2579));
#473=EDGE_LOOP('',(#2580));
#474=EDGE_LOOP('',(#2581,#2582,#2583,#2584));
#475=EDGE_LOOP('',(#2585));
#476=EDGE_LOOP('',(#2586,#2587,#2588,#2589));
#477=EDGE_LOOP('',(#2590));
#478=EDGE_LOOP('',(#2591,#2592,#2593,#2594));
#479=EDGE_LOOP('',(#2595));
#480=EDGE_LOOP('',(#2596,#2597,#2598,#2599));
#481=EDGE_LOOP('',(#2600));
#482=EDGE_LOOP('',(#2601,#2602,#2603,#2604));
#483=EDGE_LOOP('',(#2605));
#484=EDGE_LOOP('',(#2606,#2607,#2608,#2609));
#485=EDGE_LOOP('',(#2610));
#486=EDGE_LOOP('',(#2611,#2612,#2613,#2614));
#487=EDGE_LOOP('',(#2615));
#488=EDGE_LOOP('',(#2616,#2617,#2618,#2619));
#489=EDGE_LOOP('',(#2620));
#490=EDGE_LOOP('',(#2621,#2622,#2623,#2624));
#491=EDGE_LOOP('',(#2625));
#492=EDGE_LOOP('',(#2626,#2627,#2628,#2629));
#493=EDGE_LOOP('',(#2630,#2631,#2632,#2633));
#494=EDGE_LOOP('',(#2634,#2635,#2636,#2637));
#495=EDGE_LOOP('',(#2638,#2639,#2640,#2641));
#496=EDGE_LOOP('',(#2642,#2643,#2644,#2645));
#497=EDGE_LOOP('',(#2646,#2647,#2648,#2649));
#498=EDGE_LOOP('',(#2650,#2651,#2652,#2653));
#499=EDGE_LOOP('',(#2654,#2655,#2656,#2657));
#500=EDGE_LOOP('',(#2658,#2659,#2660,#2661,#2662,#2663,#2664,#2665));
#501=EDGE_LOOP('',(#2666,#2667,#2668,#2669));
#502=EDGE_LOOP('',(#2670,#2671,#2672,#2673));
#503=EDGE_LOOP('',(#2674,#2675,#2676,#2677));
#504=EDGE_LOOP('',(#2678,#2679,#2680,#2681));
#505=EDGE_LOOP('',(#2682,#2683,#2684,#2685));
#506=EDGE_LOOP('',(#2686,#2687,#2688,#2689));
#507=EDGE_LOOP('',(#2690,#2691,#2692,#2693));
#508=EDGE_LOOP('',(#2694,#2695,#2696,#2697));
#509=EDGE_LOOP('',(#2698,#2699,#2700,#2701));
#510=EDGE_LOOP('',(#2702,#2703,#2704,#2705));
#511=EDGE_LOOP('',(#2706,#2707,#2708,#2709));
#512=EDGE_LOOP('',(#2710,#2711,#2712,#2713));
#513=EDGE_LOOP('',(#2714,#2715,#2716,#2717));
#514=EDGE_LOOP('',(#2718,#2719,#2720,#2721,#2722,#2723,#2724,#2725));
#515=EDGE_LOOP('',(#2726,#2727,#2728,#2729));
#516=EDGE_LOOP('',(#2730,#2731,#2732,#2733));
#517=EDGE_LOOP('',(#2734,#2735,#2736,#2737));
#518=EDGE_LOOP('',(#2738,#2739,#2740,#2741));
#519=EDGE_LOOP('',(#2742,#2743,#2744,#2745));
#520=EDGE_LOOP('',(#2746,#2747,#2748,#2749,#2750));
#521=EDGE_LOOP('',(#2751,#2752,#2753,#2754));
#522=EDGE_LOOP('',(#2755,#2756,#2757,#2758));
#523=EDGE_LOOP('',(#2759,#2760,#2761,#2762));
#524=EDGE_LOOP('',(#2763,#2764,#2765,#2766));
#525=EDGE_LOOP('',(#2767,#2768,#2769,#2770));
#526=EDGE_LOOP('',(#2771,#2772,#2773,#2774));
#527=EDGE_LOOP('',(#2775,#2776,#2777,#2778));
#528=EDGE_LOOP('',(#2779,#2780,#2781,#2782));
#529=EDGE_LOOP('',(#2783,#2784,#2785,#2786));
#530=EDGE_LOOP('',(#2787,#2788,#2789,#2790));
#531=EDGE_LOOP('',(#2791,#2792,#2793,#2794));
#532=EDGE_LOOP('',(#2795,#2796,#2797,#2798));
#533=EDGE_LOOP('',(#2799,#2800,#2801,#2802));
#534=EDGE_LOOP('',(#2803,#2804,#2805,#2806,#2807,#2808,#2809,#2810));
#535=EDGE_LOOP('',(#2811,#2812,#2813,#2814,#2815,#2816,#2817));
#536=EDGE_LOOP('',(#2818,#2819,#2820,#2821,#2822,#2823,#2824,#2825,#2826));
#537=EDGE_LOOP('',(#2827,#2828,#2829,#2830,#2831,#2832,#2833,#2834,#2835));
#538=EDGE_LOOP('',(#2836,#2837,#2838,#2839,#2840,#2841,#2842));
#539=EDGE_LOOP('',(#2843,#2844,#2845,#2846,#2847,#2848));
#540=EDGE_LOOP('',(#2849,#2850,#2851,#2852,#2853,#2854,#2855,#2856));
#541=EDGE_LOOP('',(#2857,#2858,#2859,#2860));
#542=EDGE_LOOP('',(#2861,#2862,#2863,#2864,#2865));
#543=EDGE_LOOP('',(#2866,#2867,#2868,#2869,#2870,#2871,#2872,#2873));
#544=EDGE_LOOP('',(#2874,#2875,#2876,#2877,#2878,#2879,#2880,#2881,#2882,
#2883,#2884,#2885,#2886,#2887,#2888));
#545=EDGE_LOOP('',(#2889));
#546=EDGE_LOOP('',(#2890));
#547=EDGE_LOOP('',(#2891));
#548=EDGE_LOOP('',(#2892));
#549=EDGE_LOOP('',(#2893));
#550=EDGE_LOOP('',(#2894));
#551=EDGE_LOOP('',(#2895));
#552=EDGE_LOOP('',(#2896));
#553=EDGE_LOOP('',(#2897,#2898,#2899,#2900));
#554=EDGE_LOOP('',(#2901,#2902,#2903,#2904,#2905,#2906,#2907,#2908));
#555=EDGE_LOOP('',(#2909,#2910,#2911,#2912,#2913,#2914,#2915,#2916));
#556=EDGE_LOOP('',(#2917,#2918,#2919,#2920,#2921,#2922,#2923,#2924,#2925,
#2926,#2927,#2928));
#557=EDGE_LOOP('',(#2929,#2930,#2931,#2932,#2933,#2934,#2935,#2936,#2937,
#2938,#2939,#2940,#2941,#2942,#2943,#2944,#2945,#2946,#2947,#2948,#2949,
#2950,#2951,#2952,#2953,#2954,#2955,#2956,#2957,#2958,#2959,#2960,#2961,
#2962,#2963,#2964,#2965,#2966,#2967,#2968,#2969,#2970,#2971,#2972,#2973,
#2974,#2975,#2976,#2977,#2978,#2979,#2980,#2981,#2982,#2983,#2984,#2985,
#2986,#2987,#2988,#2989,#2990,#2991,#2992,#2993,#2994,#2995,#2996,#2997,
#2998,#2999,#3000,#3001,#3002,#3003,#3004));
#558=EDGE_LOOP('',(#3005));
#559=EDGE_LOOP('',(#3006));
#560=EDGE_LOOP('',(#3007));
#561=EDGE_LOOP('',(#3008));
#562=EDGE_LOOP('',(#3009));
#563=EDGE_LOOP('',(#3010));
#564=EDGE_LOOP('',(#3011));
#565=EDGE_LOOP('',(#3012));
#566=EDGE_LOOP('',(#3013));
#567=EDGE_LOOP('',(#3014));
#568=EDGE_LOOP('',(#3015,#3016,#3017,#3018,#3019,#3020));
#569=EDGE_LOOP('',(#3021,#3022,#3023,#3024,#3025));
#570=EDGE_LOOP('',(#3026,#3027,#3028,#3029));
#571=EDGE_LOOP('',(#3030,#3031,#3032,#3033));
#572=EDGE_LOOP('',(#3034,#3035,#3036,#3037));
#573=EDGE_LOOP('',(#3038,#3039,#3040,#3041,#3042));
#574=EDGE_LOOP('',(#3043,#3044,#3045,#3046));
#575=EDGE_LOOP('',(#3047,#3048,#3049,#3050));
#576=EDGE_LOOP('',(#3051,#3052,#3053,#3054));
#577=EDGE_LOOP('',(#3055,#3056,#3057,#3058));
#578=EDGE_LOOP('',(#3059,#3060,#3061,#3062));
#579=EDGE_LOOP('',(#3063,#3064,#3065,#3066));
#580=EDGE_LOOP('',(#3067,#3068,#3069,#3070));
#581=EDGE_LOOP('',(#3071,#3072,#3073,#3074));
#582=EDGE_LOOP('',(#3075,#3076,#3077,#3078));
#583=EDGE_LOOP('',(#3079,#3080,#3081,#3082));
#584=EDGE_LOOP('',(#3083,#3084,#3085,#3086));
#585=EDGE_LOOP('',(#3087,#3088,#3089,#3090));
#586=EDGE_LOOP('',(#3091,#3092,#3093,#3094));
#587=EDGE_LOOP('',(#3095,#3096,#3097,#3098));
#588=EDGE_LOOP('',(#3099,#3100,#3101,#3102));
#589=EDGE_LOOP('',(#3103,#3104,#3105,#3106));
#590=EDGE_LOOP('',(#3107,#3108,#3109,#3110));
#591=EDGE_LOOP('',(#3111,#3112,#3113,#3114));
#592=EDGE_LOOP('',(#3115,#3116,#3117,#3118));
#593=EDGE_LOOP('',(#3119,#3120,#3121,#3122));
#594=EDGE_LOOP('',(#3123,#3124,#3125,#3126));
#595=EDGE_LOOP('',(#3127,#3128,#3129,#3130));
#596=EDGE_LOOP('',(#3131,#3132,#3133,#3134));
#597=EDGE_LOOP('',(#3135,#3136,#3137,#3138));
#598=EDGE_LOOP('',(#3139,#3140,#3141,#3142,#3143,#3144,#3145));
#599=EDGE_LOOP('',(#3146,#3147,#3148,#3149,#3150,#3151));
#600=EDGE_LOOP('',(#3152,#3153,#3154,#3155));
#601=EDGE_LOOP('',(#3156,#3157,#3158,#3159));
#602=EDGE_LOOP('',(#3160,#3161,#3162,#3163));
#603=EDGE_LOOP('',(#3164,#3165,#3166,#3167,#3168,#3169,#3170,#3171,#3172,
#3173,#3174,#3175));
#604=EDGE_LOOP('',(#3176,#3177,#3178,#3179));
#605=EDGE_LOOP('',(#3180,#3181,#3182,#3183));
#606=EDGE_LOOP('',(#3184,#3185,#3186,#3187,#3188,#3189,#3190,#3191,#3192,
#3193,#3194,#3195));
#607=EDGE_LOOP('',(#3196,#3197,#3198,#3199));
#608=EDGE_LOOP('',(#3200,#3201,#3202,#3203));
#609=EDGE_LOOP('',(#3204,#3205,#3206,#3207));
#610=EDGE_LOOP('',(#3208,#3209,#3210,#3211,#3212,#3213,#3214,#3215));
#611=EDGE_LOOP('',(#3216));
#612=EDGE_LOOP('',(#3217,#3218,#3219,#3220,#3221,#3222,#3223,#3224,#3225));
#613=EDGE_LOOP('',(#3226));
#614=EDGE_LOOP('',(#3227,#3228,#3229,#3230));
#615=EDGE_LOOP('',(#3231,#3232,#3233,#3234));
#616=EDGE_LOOP('',(#3235,#3236,#3237,#3238));
#617=EDGE_LOOP('',(#3239,#3240,#3241,#3242));
#618=EDGE_LOOP('',(#3243,#3244,#3245,#3246));
#619=EDGE_LOOP('',(#3247,#3248,#3249,#3250));
#620=EDGE_LOOP('',(#3251,#3252,#3253,#3254));
#621=EDGE_LOOP('',(#3255,#3256,#3257,#3258));
#622=EDGE_LOOP('',(#3259,#3260,#3261,#3262));
#623=EDGE_LOOP('',(#3263,#3264,#3265,#3266));
#624=EDGE_LOOP('',(#3267,#3268,#3269,#3270));
#625=EDGE_LOOP('',(#3271,#3272,#3273,#3274));
#626=EDGE_LOOP('',(#3275,#3276,#3277,#3278));
#627=EDGE_LOOP('',(#3279,#3280,#3281,#3282));
#628=EDGE_LOOP('',(#3283,#3284,#3285,#3286));
#629=EDGE_LOOP('',(#3287,#3288,#3289,#3290));
#630=EDGE_LOOP('',(#3291,#3292,#3293,#3294));
#631=EDGE_LOOP('',(#3295,#3296,#3297,#3298));
#632=EDGE_LOOP('',(#3299,#3300,#3301,#3302));
#633=EDGE_LOOP('',(#3303,#3304,#3305,#3306));
#634=EDGE_LOOP('',(#3307,#3308,#3309,#3310));
#635=EDGE_LOOP('',(#3311,#3312,#3313,#3314,#3315,#3316,#3317,#3318));
#636=EDGE_LOOP('',(#3319));
#637=EDGE_LOOP('',(#3320,#3321,#3322,#3323));
#638=EDGE_LOOP('',(#3324,#3325,#3326,#3327));
#639=EDGE_LOOP('',(#3328,#3329,#3330,#3331));
#640=EDGE_LOOP('',(#3332,#3333,#3334,#3335));
#641=EDGE_LOOP('',(#3336,#3337,#3338,#3339));
#642=EDGE_LOOP('',(#3340,#3341,#3342,#3343));
#643=EDGE_LOOP('',(#3344,#3345,#3346,#3347));
#644=EDGE_LOOP('',(#3348,#3349,#3350,#3351,#3352,#3353,#3354,#3355));
#645=EDGE_LOOP('',(#3356));
#646=EDGE_LOOP('',(#3357,#3358,#3359,#3360));
#647=EDGE_LOOP('',(#3361,#3362,#3363,#3364));
#648=EDGE_LOOP('',(#3365,#3366,#3367,#3368));
#649=EDGE_LOOP('',(#3369,#3370,#3371,#3372));
#650=EDGE_LOOP('',(#3373,#3374,#3375,#3376));
#651=EDGE_LOOP('',(#3377,#3378,#3379,#3380,#3381,#3382,#3383,#3384));
#652=EDGE_LOOP('',(#3385));
#653=EDGE_LOOP('',(#3386,#3387,#3388,#3389));
#654=EDGE_LOOP('',(#3390,#3391,#3392,#3393));
#655=EDGE_LOOP('',(#3394,#3395,#3396,#3397));
#656=EDGE_LOOP('',(#3398,#3399,#3400,#3401));
#657=EDGE_LOOP('',(#3402,#3403,#3404,#3405));
#658=EDGE_LOOP('',(#3406,#3407,#3408,#3409));
#659=EDGE_LOOP('',(#3410,#3411,#3412,#3413));
#660=EDGE_LOOP('',(#3414,#3415,#3416,#3417));
#661=EDGE_LOOP('',(#3418,#3419,#3420,#3421));
#662=EDGE_LOOP('',(#3422,#3423,#3424,#3425));
#663=EDGE_LOOP('',(#3426,#3427,#3428,#3429));
#664=EDGE_LOOP('',(#3430,#3431,#3432,#3433));
#665=EDGE_LOOP('',(#3434,#3435,#3436,#3437));
#666=EDGE_LOOP('',(#3438,#3439,#3440,#3441));
#667=EDGE_LOOP('',(#3442,#3443,#3444,#3445,#3446,#3447,#3448,#3449));
#668=EDGE_LOOP('',(#3450));
#669=EDGE_LOOP('',(#3451,#3452,#3453,#3454));
#670=EDGE_LOOP('',(#3455,#3456,#3457,#3458));
#671=EDGE_LOOP('',(#3459,#3460,#3461,#3462));
#672=EDGE_LOOP('',(#3463,#3464,#3465,#3466));
#673=EDGE_LOOP('',(#3467,#3468,#3469,#3470));
#674=EDGE_LOOP('',(#3471,#3472,#3473,#3474));
#675=EDGE_LOOP('',(#3475,#3476,#3477,#3478));
#676=EDGE_LOOP('',(#3479,#3480,#3481,#3482,#3483,#3484,#3485,#3486));
#677=EDGE_LOOP('',(#3487));
#678=EDGE_LOOP('',(#3488,#3489,#3490,#3491));
#679=EDGE_LOOP('',(#3492,#3493,#3494,#3495));
#680=EDGE_LOOP('',(#3496,#3497,#3498,#3499));
#681=EDGE_LOOP('',(#3500,#3501,#3502,#3503));
#682=EDGE_LOOP('',(#3504,#3505,#3506,#3507));
#683=EDGE_LOOP('',(#3508,#3509,#3510,#3511));
#684=EDGE_LOOP('',(#3512,#3513,#3514,#3515));
#685=EDGE_LOOP('',(#3516,#3517,#3518,#3519,#3520,#3521,#3522,#3523));
#686=EDGE_LOOP('',(#3524));
#687=EDGE_LOOP('',(#3525,#3526,#3527,#3528,#3529,#3530,#3531,#3532,#3533,
#3534,#3535,#3536));
#688=EDGE_LOOP('',(#3537,#3538,#3539,#3540));
#689=EDGE_LOOP('',(#3541,#3542,#3543,#3544));
#690=EDGE_LOOP('',(#3545,#3546,#3547,#3548));
#691=EDGE_LOOP('',(#3549,#3550,#3551,#3552));
#692=EDGE_LOOP('',(#3553,#3554,#3555,#3556,#3557));
#693=EDGE_LOOP('',(#3558,#3559,#3560,#3561));
#694=EDGE_LOOP('',(#3562,#3563,#3564,#3565));
#695=EDGE_LOOP('',(#3566,#3567,#3568,#3569));
#696=EDGE_LOOP('',(#3570,#3571,#3572,#3573));
#697=EDGE_LOOP('',(#3574,#3575,#3576,#3577));
#698=EDGE_LOOP('',(#3578,#3579,#3580,#3581));
#699=EDGE_LOOP('',(#3582,#3583,#3584,#3585));
#700=EDGE_LOOP('',(#3586,#3587,#3588,#3589));
#701=EDGE_LOOP('',(#3590,#3591,#3592,#3593));
#702=EDGE_LOOP('',(#3594,#3595,#3596,#3597));
#703=EDGE_LOOP('',(#3598,#3599,#3600,#3601));
#704=EDGE_LOOP('',(#3602,#3603,#3604,#3605,#3606,#3607,#3608,#3609));
#705=EDGE_LOOP('',(#3610,#3611,#3612,#3613,#3614,#3615,#3616,#3617));
#706=EDGE_LOOP('',(#3618,#3619,#3620,#3621));
#707=EDGE_LOOP('',(#3622,#3623,#3624,#3625));
#708=EDGE_LOOP('',(#3626,#3627,#3628,#3629));
#709=EDGE_LOOP('',(#3630,#3631,#3632,#3633));
#710=EDGE_LOOP('',(#3634,#3635,#3636,#3637));
#711=EDGE_LOOP('',(#3638,#3639,#3640,#3641));
#712=EDGE_LOOP('',(#3642,#3643,#3644,#3645));
#713=EDGE_LOOP('',(#3646,#3647,#3648,#3649));
#714=EDGE_LOOP('',(#3650,#3651,#3652,#3653,#3654,#3655,#3656,#3657));
#715=EDGE_LOOP('',(#3658,#3659,#3660,#3661,#3662,#3663,#3664,#3665));
#716=EDGE_LOOP('',(#3666,#3667,#3668,#3669));
#717=EDGE_LOOP('',(#3670,#3671,#3672,#3673));
#718=EDGE_LOOP('',(#3674,#3675,#3676,#3677));
#719=EDGE_LOOP('',(#3678,#3679,#3680,#3681));
#720=EDGE_LOOP('',(#3682,#3683,#3684,#3685));
#721=EDGE_LOOP('',(#3686,#3687,#3688,#3689));
#722=EDGE_LOOP('',(#3690,#3691,#3692,#3693));
#723=EDGE_LOOP('',(#3694,#3695,#3696,#3697));
#724=EDGE_LOOP('',(#3698,#3699,#3700,#3701,#3702,#3703,#3704,#3705));
#725=EDGE_LOOP('',(#3706,#3707,#3708,#3709,#3710,#3711,#3712,#3713));
#726=EDGE_LOOP('',(#3714,#3715,#3716,#3717));
#727=EDGE_LOOP('',(#3718,#3719,#3720,#3721));
#728=EDGE_LOOP('',(#3722,#3723,#3724,#3725));
#729=EDGE_LOOP('',(#3726,#3727,#3728,#3729));
#730=EDGE_LOOP('',(#3730,#3731,#3732,#3733));
#731=EDGE_LOOP('',(#3734,#3735,#3736,#3737,#3738));
#732=EDGE_LOOP('',(#3739,#3740,#3741,#3742,#3743));
#733=EDGE_LOOP('',(#3744,#3745,#3746,#3747));
#734=EDGE_LOOP('',(#3748,#3749,#3750,#3751));
#735=EDGE_LOOP('',(#3752,#3753,#3754,#3755));
#736=EDGE_LOOP('',(#3756,#3757,#3758,#3759));
#737=EDGE_LOOP('',(#3760,#3761,#3762,#3763));
#738=EDGE_LOOP('',(#3764,#3765,#3766,#3767));
#739=EDGE_LOOP('',(#3768,#3769,#3770,#3771));
#740=EDGE_LOOP('',(#3772,#3773,#3774,#3775));
#741=EDGE_LOOP('',(#3776,#3777,#3778,#3779));
#742=EDGE_LOOP('',(#3780,#3781,#3782,#3783));
#743=EDGE_LOOP('',(#3784,#3785,#3786,#3787));
#744=EDGE_LOOP('',(#3788,#3789,#3790,#3791));
#745=LINE('',#5898,#1020);
#746=LINE('',#5905,#1021);
#747=LINE('',#5912,#1022);
#748=LINE('',#5919,#1023);
#749=LINE('',#5926,#1024);
#750=LINE('',#5933,#1025);
#751=LINE('',#5940,#1026);
#752=LINE('',#5947,#1027);
#753=LINE('',#5954,#1028);
#754=LINE('',#5961,#1029);
#755=LINE('',#5969,#1030);
#756=LINE('',#5972,#1031);
#757=LINE('',#5977,#1032);
#758=LINE('',#5983,#1033);
#759=LINE('',#5989,#1034);
#760=LINE('',#5995,#1035);
#761=LINE('',#6001,#1036);
#762=LINE('',#6007,#1037);
#763=LINE('',#6094,#1038);
#764=LINE('',#6124,#1039);
#765=LINE('',#6129,#1040);
#766=LINE('',#6208,#1041);
#767=LINE('',#6243,#1042);
#768=LINE('',#6246,#1043);
#769=LINE('',#6251,#1044);
#770=LINE('',#6257,#1045);
#771=LINE('',#6263,#1046);
#772=LINE('',#6269,#1047);
#773=LINE('',#6275,#1048);
#774=LINE('',#6281,#1049);
#775=LINE('',#6368,#1050);
#776=LINE('',#6398,#1051);
#777=LINE('',#6403,#1052);
#778=LINE('',#6455,#1053);
#779=LINE('',#6486,#1054);
#780=LINE('',#6537,#1055);
#781=LINE('',#6552,#1056);
#782=LINE('',#6557,#1057);
#783=LINE('',#6600,#1058);
#784=LINE('',#6623,#1059);
#785=LINE('',#6626,#1060);
#786=LINE('',#6631,#1061);
#787=LINE('',#6637,#1062);
#788=LINE('',#6643,#1063);
#789=LINE('',#6649,#1064);
#790=LINE('',#6655,#1065);
#791=LINE('',#6661,#1066);
#792=LINE('',#6755,#1067);
#793=LINE('',#7158,#1068);
#794=LINE('',#7195,#1069);
#795=LINE('',#7199,#1070);
#796=LINE('',#7208,#1071);
#797=LINE('',#7841,#1072);
#798=LINE('',#7845,#1073);
#799=LINE('',#7855,#1074);
#800=LINE('',#7867,#1075);
#801=LINE('',#8012,#1076);
#802=LINE('',#8045,#1077);
#803=LINE('',#8046,#1078);
#804=LINE('',#8049,#1079);
#805=LINE('',#8053,#1080);
#806=LINE('',#8056,#1081);
#807=LINE('',#8059,#1082);
#808=LINE('',#8063,#1083);
#809=LINE('',#8067,#1084);
#810=LINE('',#8071,#1085);
#811=LINE('',#8073,#1086);
#812=LINE('',#8075,#1087);
#813=LINE('',#8077,#1088);
#814=LINE('',#8081,#1089);
#815=LINE('',#8085,#1090);
#816=LINE('',#8105,#1091);
#817=LINE('',#8109,#1092);
#818=LINE('',#8112,#1093);
#819=LINE('',#8113,#1094);
#820=LINE('',#8116,#1095);
#821=LINE('',#8120,#1096);
#822=LINE('',#8124,#1097);
#823=LINE('',#8132,#1098);
#824=LINE('',#8136,#1099);
#825=LINE('',#8140,#1100);
#826=LINE('',#8148,#1101);
#827=LINE('',#8152,#1102);
#828=LINE('',#8156,#1103);
#829=LINE('',#8164,#1104);
#830=LINE('',#8168,#1105);
#831=LINE('',#8172,#1106);
#832=LINE('',#8180,#1107);
#833=LINE('',#8184,#1108);
#834=LINE('',#8188,#1109);
#835=LINE('',#8192,#1110);
#836=LINE('',#8196,#1111);
#837=LINE('',#8200,#1112);
#838=LINE('',#8204,#1113);
#839=LINE('',#8212,#1114);
#840=LINE('',#8216,#1115);
#841=LINE('',#8220,#1116);
#842=LINE('',#8228,#1117);
#843=LINE('',#8232,#1118);
#844=LINE('',#8236,#1119);
#845=LINE('',#8244,#1120);
#846=LINE('',#8248,#1121);
#847=LINE('',#8252,#1122);
#848=LINE('',#8260,#1123);
#849=LINE('',#8264,#1124);
#850=LINE('',#8267,#1125);
#851=LINE('',#8271,#1126);
#852=LINE('',#8279,#1127);
#853=LINE('',#8285,#1128);
#854=LINE('',#8323,#1129);
#855=LINE('',#8410,#1130);
#856=LINE('',#8439,#1131);
#857=LINE('',#8476,#1132);
#858=LINE('',#8521,#1133);
#859=LINE('',#8523,#1134);
#860=LINE('',#8525,#1135);
#861=LINE('',#8563,#1136);
#862=LINE('',#8658,#1137);
#863=LINE('',#8746,#1138);
#864=LINE('',#8840,#1139);
#865=LINE('',#8883,#1140);
#866=LINE('',#8920,#1141);
#867=LINE('',#8950,#1142);
#868=LINE('',#9045,#1143);
#869=LINE('',#9133,#1144);
#870=LINE('',#9179,#1145);
#871=LINE('',#9181,#1146);
#872=LINE('',#9182,#1147);
#873=LINE('',#9184,#1148);
#874=LINE('',#9185,#1149);
#875=LINE('',#9187,#1150);
#876=LINE('',#9189,#1151);
#877=LINE('',#9190,#1152);
#878=LINE('',#9192,#1153);
#879=LINE('',#9194,#1154);
#880=LINE('',#9196,#1155);
#881=LINE('',#9198,#1156);
#882=LINE('',#9200,#1157);
#883=LINE('',#9202,#1158);
#884=LINE('',#9203,#1159);
#885=LINE('',#9205,#1160);
#886=LINE('',#9207,#1161);
#887=LINE('',#9208,#1162);
#888=LINE('',#9210,#1163);
#889=LINE('',#9212,#1164);
#890=LINE('',#9215,#1165);
#891=LINE('',#9216,#1166);
#892=LINE('',#9218,#1167);
#893=LINE('',#9220,#1168);
#894=LINE('',#9221,#1169);
#895=LINE('',#9223,#1170);
#896=LINE('',#9225,#1171);
#897=LINE('',#9226,#1172);
#898=LINE('',#9229,#1173);
#899=LINE('',#9234,#1174);
#900=LINE('',#9238,#1175);
#901=LINE('',#9247,#1176);
#902=LINE('',#9250,#1177);
#903=LINE('',#9261,#1178);
#904=LINE('',#9265,#1179);
#905=LINE('',#9272,#1180);
#906=LINE('',#9276,#1181);
#907=LINE('',#9280,#1182);
#908=LINE('',#9282,#1183);
#909=LINE('',#9286,#1184);
#910=LINE('',#9290,#1185);
#911=LINE('',#9294,#1186);
#912=LINE('',#9296,#1187);
#913=LINE('',#9298,#1188);
#914=LINE('',#9300,#1189);
#915=LINE('',#9302,#1190);
#916=LINE('',#9304,#1191);
#917=LINE('',#9306,#1192);
#918=LINE('',#9310,#1193);
#919=LINE('',#9312,#1194);
#920=LINE('',#9313,#1195);
#921=LINE('',#9316,#1196);
#922=LINE('',#9320,#1197);
#923=LINE('',#9323,#1198);
#924=LINE('',#9326,#1199);
#925=LINE('',#9330,#1200);
#926=LINE('',#9334,#1201);
#927=LINE('',#9335,#1202);
#928=LINE('',#9339,#1203);
#929=LINE('',#9342,#1204);
#930=LINE('',#9344,#1205);
#931=LINE('',#9345,#1206);
#932=LINE('',#9348,#1207);
#933=LINE('',#9352,#1208);
#934=LINE('',#9358,#1209);
#935=LINE('',#9362,#1210);
#936=LINE('',#9363,#1211);
#937=LINE('',#9369,#1212);
#938=LINE('',#9370,#1213);
#939=LINE('',#9373,#1214);
#940=LINE('',#9377,#1215);
#941=LINE('',#9378,#1216);
#942=LINE('',#9381,#1217);
#943=LINE('',#9387,#1218);
#944=LINE('',#9389,#1219);
#945=LINE('',#9391,#1220);
#946=LINE('',#9393,#1221);
#947=LINE('',#9395,#1222);
#948=LINE('',#9397,#1223);
#949=LINE('',#9401,#1224);
#950=LINE('',#9404,#1225);
#951=LINE('',#9407,#1226);
#952=LINE('',#9408,#1227);
#953=LINE('',#9411,#1228);
#954=LINE('',#9415,#1229);
#955=LINE('',#9416,#1230);
#956=LINE('',#9419,#1231);
#957=LINE('',#9423,#1232);
#958=LINE('',#9426,#1233);
#959=LINE('',#9430,#1234);
#960=LINE('',#9433,#1235);
#961=LINE('',#9435,#1236);
#962=LINE('',#9436,#1237);
#963=LINE('',#9439,#1238);
#964=LINE('',#9443,#1239);
#965=LINE('',#9449,#1240);
#966=LINE('',#9453,#1241);
#967=LINE('',#9454,#1242);
#968=LINE('',#9460,#1243);
#969=LINE('',#9462,#1244);
#970=LINE('',#9463,#1245);
#971=LINE('',#9466,#1246);
#972=LINE('',#9470,#1247);
#973=LINE('',#9471,#1248);
#974=LINE('',#9474,#1249);
#975=LINE('',#9478,#1250);
#976=LINE('',#9481,#1251);
#977=LINE('',#9487,#1252);
#978=LINE('',#9488,#1253);
#979=LINE('',#9491,#1254);
#980=LINE('',#9493,#1255);
#981=LINE('',#9495,#1256);
#982=LINE('',#9499,#1257);
#983=LINE('',#9506,#1258);
#984=LINE('',#9509,#1259);
#985=LINE('',#9515,#1260);
#986=LINE('',#9521,#1261);
#987=LINE('',#9527,#1262);
#988=LINE('',#9533,#1263);
#989=LINE('',#9539,#1264);
#990=LINE('',#9545,#1265);
#991=LINE('',#9556,#1266);
#992=LINE('',#9559,#1267);
#993=LINE('',#9565,#1268);
#994=LINE('',#9571,#1269);
#995=LINE('',#9577,#1270);
#996=LINE('',#9583,#1271);
#997=LINE('',#9589,#1272);
#998=LINE('',#9595,#1273);
#999=LINE('',#9606,#1274);
#1000=LINE('',#9609,#1275);
#1001=LINE('',#9615,#1276);
#1002=LINE('',#9621,#1277);
#1003=LINE('',#9627,#1278);
#1004=LINE('',#9633,#1279);
#1005=LINE('',#9639,#1280);
#1006=LINE('',#9645,#1281);
#1007=LINE('',#9732,#1282);
#1008=LINE('',#9762,#1283);
#1009=LINE('',#9768,#1284);
#1010=LINE('',#9835,#1285);
#1011=LINE('',#9854,#1286);
#1012=LINE('',#9902,#1287);
#1013=LINE('',#9917,#1288);
#1014=LINE('',#9923,#1289);
#1015=LINE('',#9978,#1290);
#1016=LINE('',#10065,#1291);
#1017=LINE('',#10095,#1292);
#1018=LINE('',#10101,#1293);
#1019=LINE('',#10204,#1294);
#1020=VECTOR('',#4667,1.40000000000001);
#1021=VECTOR('',#4676,1.40000000000001);
#1022=VECTOR('',#4685,1.40000000000001);
#1023=VECTOR('',#4694,1.40000000000001);
#1024=VECTOR('',#4703,1.40000000000001);
#1025=VECTOR('',#4712,1.40000000000001);
#1026=VECTOR('',#4721,1.40000000000001);
#1027=VECTOR('',#4730,1.40000000000001);
#1028=VECTOR('',#4739,1.40000000000001);
#1029=VECTOR('',#4748,1.40000000000001);
#1030=VECTOR('',#4757,10.);
#1031=VECTOR('',#4760,10.);
#1032=VECTOR('',#4765,10.);
#1033=VECTOR('',#4772,10.);
#1034=VECTOR('',#4779,10.);
#1035=VECTOR('',#4786,10.);
#1036=VECTOR('',#4793,10.);
#1037=VECTOR('',#4800,10.);
#1038=VECTOR('',#4811,10.);
#1039=VECTOR('',#4812,10.);
#1040=VECTOR('',#4817,10.);
#1041=VECTOR('',#4820,10.);
#1042=VECTOR('',#4833,10.);
#1043=VECTOR('',#4836,10.);
#1044=VECTOR('',#4841,10.);
#1045=VECTOR('',#4848,10.);
#1046=VECTOR('',#4855,10.);
#1047=VECTOR('',#4862,10.);
#1048=VECTOR('',#4869,10.);
#1049=VECTOR('',#4876,10.);
#1050=VECTOR('',#4887,10.);
#1051=VECTOR('',#4888,10.);
#1052=VECTOR('',#4893,10.);
#1053=VECTOR('',#4896,10.);
#1054=VECTOR('',#4897,10.);
#1055=VECTOR('',#4906,10.);
#1056=VECTOR('',#4907,10.);
#1057=VECTOR('',#4912,10.);
#1058=VECTOR('',#4915,10.);
#1059=VECTOR('',#4928,10.);
#1060=VECTOR('',#4931,10.);
#1061=VECTOR('',#4936,10.);
#1062=VECTOR('',#4943,10.);
#1063=VECTOR('',#4950,10.);
#1064=VECTOR('',#4957,10.);
#1065=VECTOR('',#4964,10.);
#1066=VECTOR('',#4971,10.);
#1067=VECTOR('',#4988,10.);
#1068=VECTOR('',#4991,10.);
#1069=VECTOR('',#4992,10.);
#1070=VECTOR('',#4995,10.);
#1071=VECTOR('',#4996,10.);
#1072=VECTOR('',#4997,10.);
#1073=VECTOR('',#5000,10.);
#1074=VECTOR('',#5001,10.);
#1075=VECTOR('',#5004,10.);
#1076=VECTOR('',#5007,10.);
#1077=VECTOR('',#5014,10.);
#1078=VECTOR('',#5015,10.);
#1079=VECTOR('',#5018,10.);
#1080=VECTOR('',#5021,10.);
#1081=VECTOR('',#5024,10.);
#1082=VECTOR('',#5025,10.);
#1083=VECTOR('',#5028,10.);
#1084=VECTOR('',#5031,10.);
#1085=VECTOR('',#5034,10.);
#1086=VECTOR('',#5035,10.);
#1087=VECTOR('',#5036,10.);
#1088=VECTOR('',#5037,10.);
#1089=VECTOR('',#5040,10.);
#1090=VECTOR('',#5043,10.);
#1091=VECTOR('',#5064,10.);
#1092=VECTOR('',#5067,10.);
#1093=VECTOR('',#5070,10.);
#1094=VECTOR('',#5071,10.);
#1095=VECTOR('',#5072,10.);
#1096=VECTOR('',#5075,10.);
#1097=VECTOR('',#5078,10.);
#1098=VECTOR('',#5085,10.);
#1099=VECTOR('',#5088,10.);
#1100=VECTOR('',#5091,10.);
#1101=VECTOR('',#5098,10.);
#1102=VECTOR('',#5101,10.);
#1103=VECTOR('',#5104,10.);
#1104=VECTOR('',#5111,10.);
#1105=VECTOR('',#5114,10.);
#1106=VECTOR('',#5117,10.);
#1107=VECTOR('',#5124,10.);
#1108=VECTOR('',#5127,10.);
#1109=VECTOR('',#5130,10.);
#1110=VECTOR('',#5133,10.);
#1111=VECTOR('',#5136,10.);
#1112=VECTOR('',#5139,10.);
#1113=VECTOR('',#5142,10.);
#1114=VECTOR('',#5149,10.);
#1115=VECTOR('',#5152,10.);
#1116=VECTOR('',#5155,10.);
#1117=VECTOR('',#5162,10.);
#1118=VECTOR('',#5165,10.);
#1119=VECTOR('',#5168,10.);
#1120=VECTOR('',#5175,10.);
#1121=VECTOR('',#5178,10.);
#1122=VECTOR('',#5181,10.);
#1123=VECTOR('',#5188,10.);
#1124=VECTOR('',#5191,10.);
#1125=VECTOR('',#5196,10.);
#1126=VECTOR('',#5201,10.);
#1127=VECTOR('',#5212,10.);
#1128=VECTOR('',#5221,10.);
#1129=VECTOR('',#5222,10.);
#1130=VECTOR('',#5225,10.);
#1131=VECTOR('',#5226,10.);
#1132=VECTOR('',#5227,10.);
#1133=VECTOR('',#5232,10.);
#1134=VECTOR('',#5235,10.);
#1135=VECTOR('',#5238,10.);
#1136=VECTOR('',#5239,10.);
#1137=VECTOR('',#5242,10.);
#1138=VECTOR('',#5245,10.);
#1139=VECTOR('',#5248,10.);
#1140=VECTOR('',#5249,10.);
#1141=VECTOR('',#5250,10.);
#1142=VECTOR('',#5251,10.);
#1143=VECTOR('',#5254,10.);
#1144=VECTOR('',#5257,10.);
#1145=VECTOR('',#5262,10.);
#1146=VECTOR('',#5263,10.);
#1147=VECTOR('',#5264,10.);
#1148=VECTOR('',#5265,10.);
#1149=VECTOR('',#5266,10.);
#1150=VECTOR('',#5269,10.);
#1151=VECTOR('',#5270,10.);
#1152=VECTOR('',#5271,10.);
#1153=VECTOR('',#5274,10.);
#1154=VECTOR('',#5277,10.);
#1155=VECTOR('',#5280,10.);
#1156=VECTOR('',#5283,10.);
#1157=VECTOR('',#5284,10.);
#1158=VECTOR('',#5285,10.);
#1159=VECTOR('',#5286,10.);
#1160=VECTOR('',#5287,10.);
#1161=VECTOR('',#5288,10.);
#1162=VECTOR('',#5289,10.);
#1163=VECTOR('',#5292,10.);
#1164=VECTOR('',#5295,10.);
#1165=VECTOR('',#5298,10.);
#1166=VECTOR('',#5299,10.);
#1167=VECTOR('',#5300,10.);
#1168=VECTOR('',#5301,10.);
#1169=VECTOR('',#5302,10.);
#1170=VECTOR('',#5303,10.);
#1171=VECTOR('',#5304,10.);
#1172=VECTOR('',#5305,10.);
#1173=VECTOR('',#5308,10.);
#1174=VECTOR('',#5315,10.);
#1175=VECTOR('',#5320,10.);
#1176=VECTOR('',#5329,10.);
#1177=VECTOR('',#5332,10.);
#1178=VECTOR('',#5343,10.);
#1179=VECTOR('',#5346,10.);
#1180=VECTOR('',#5355,1.75000000000001);
#1181=VECTOR('',#5360,1.75000000000001);
#1182=VECTOR('',#5365,1.75000000000001);
#1183=VECTOR('',#5368,1.75000000000001);
#1184=VECTOR('',#5373,1.75);
#1185=VECTOR('',#5378,1.75000000000001);
#1186=VECTOR('',#5383,1.75);
#1187=VECTOR('',#5386,1.75000000000001);
#1188=VECTOR('',#5389,10.);
#1189=VECTOR('',#5392,10.);
#1190=VECTOR('',#5395,10.);
#1191=VECTOR('',#5398,10.);
#1192=VECTOR('',#5401,10.);
#1193=VECTOR('',#5406,10.);
#1194=VECTOR('',#5407,10.);
#1195=VECTOR('',#5408,10.);
#1196=VECTOR('',#5411,10.);
#1197=VECTOR('',#5416,10.);
#1198=VECTOR('',#5419,10.);
#1199=VECTOR('',#5422,10.);
#1200=VECTOR('',#5427,10.);
#1201=VECTOR('',#5432,10.);
#1202=VECTOR('',#5433,10.);
#1203=VECTOR('',#5440,10.);
#1204=VECTOR('',#5443,10.);
#1205=VECTOR('',#5444,10.);
#1206=VECTOR('',#5445,10.);
#1207=VECTOR('',#5448,10.);
#1208=VECTOR('',#5453,10.);
#1209=VECTOR('',#5462,10.);
#1210=VECTOR('',#5467,10.);
#1211=VECTOR('',#5468,10.);
#1212=VECTOR('',#5477,10.);
#1213=VECTOR('',#5478,10.);
#1214=VECTOR('',#5481,10.);
#1215=VECTOR('',#5486,10.);
#1216=VECTOR('',#5487,10.);
#1217=VECTOR('',#5490,10.);
#1218=VECTOR('',#5501,10.);
#1219=VECTOR('',#5504,10.);
#1220=VECTOR('',#5507,10.);
#1221=VECTOR('',#5510,10.);
#1222=VECTOR('',#5513,10.);
#1223=VECTOR('',#5516,10.);
#1224=VECTOR('',#5521,10.);
#1225=VECTOR('',#5524,10.);
#1226=VECTOR('',#5527,10.);
#1227=VECTOR('',#5528,10.);
#1228=VECTOR('',#5531,10.);
#1229=VECTOR('',#5536,10.);
#1230=VECTOR('',#5537,10.);
#1231=VECTOR('',#5540,10.);
#1232=VECTOR('',#5545,10.);
#1233=VECTOR('',#5548,10.);
#1234=VECTOR('',#5555,10.);
#1235=VECTOR('',#5558,10.);
#1236=VECTOR('',#5559,10.);
#1237=VECTOR('',#5560,10.);
#1238=VECTOR('',#5563,10.);
#1239=VECTOR('',#5568,10.);
#1240=VECTOR('',#5577,10.);
#1241=VECTOR('',#5582,10.);
#1242=VECTOR('',#5583,10.);
#1243=VECTOR('',#5592,10.);
#1244=VECTOR('',#5593,10.);
#1245=VECTOR('',#5594,10.);
#1246=VECTOR('',#5597,10.);
#1247=VECTOR('',#5602,10.);
#1248=VECTOR('',#5603,10.);
#1249=VECTOR('',#5606,10.);
#1250=VECTOR('',#5611,10.);
#1251=VECTOR('',#5616,10.);
#1252=VECTOR('',#5627,10.);
#1253=VECTOR('',#5628,10.);
#1254=VECTOR('',#5633,10.);
#1255=VECTOR('',#5636,10.);
#1256=VECTOR('',#5639,10.);
#1257=VECTOR('',#5646,10.);
#1258=VECTOR('',#5653,10.);
#1259=VECTOR('',#5656,10.);
#1260=VECTOR('',#5663,10.);
#1261=VECTOR('',#5670,10.);
#1262=VECTOR('',#5677,10.);
#1263=VECTOR('',#5684,10.);
#1264=VECTOR('',#5691,10.);
#1265=VECTOR('',#5698,10.);
#1266=VECTOR('',#5713,10.);
#1267=VECTOR('',#5716,10.);
#1268=VECTOR('',#5723,10.);
#1269=VECTOR('',#5730,10.);
#1270=VECTOR('',#5737,10.);
#1271=VECTOR('',#5744,10.);
#1272=VECTOR('',#5751,10.);
#1273=VECTOR('',#5758,10.);
#1274=VECTOR('',#5773,10.);
#1275=VECTOR('',#5776,10.);
#1276=VECTOR('',#5783,10.);
#1277=VECTOR('',#5790,10.);
#1278=VECTOR('',#5797,10.);
#1279=VECTOR('',#5804,10.);
#1280=VECTOR('',#5811,10.);
#1281=VECTOR('',#5818,10.);
#1282=VECTOR('',#5829,10.);
#1283=VECTOR('',#5830,10.);
#1284=VECTOR('',#5837,10.);
#1285=VECTOR('',#5838,10.);
#1286=VECTOR('',#5839,10.);
#1287=VECTOR('',#5850,10.);
#1288=VECTOR('',#5851,10.);
#1289=VECTOR('',#5858,10.);
#1290=VECTOR('',#5859,10.);
#1291=VECTOR('',#5870,10.);
#1292=VECTOR('',#5871,10.);
#1293=VECTOR('',#5878,10.);
#1294=VECTOR('',#5879,10.);
#1295=CIRCLE('',#4183,1.40000000000001);
#1296=CIRCLE('',#4184,1.40000000000001);
#1297=CIRCLE('',#4187,1.40000000000001);
#1298=CIRCLE('',#4188,1.40000000000001);
#1299=CIRCLE('',#4191,1.40000000000001);
#1300=CIRCLE('',#4192,1.40000000000001);
#1301=CIRCLE('',#4195,1.40000000000001);
#1302=CIRCLE('',#4196,1.40000000000001);
#1303=CIRCLE('',#4199,1.40000000000001);
#1304=CIRCLE('',#4200,1.40000000000001);
#1305=CIRCLE('',#4203,1.40000000000001);
#1306=CIRCLE('',#4204,1.40000000000001);
#1307=CIRCLE('',#4207,1.40000000000001);
#1308=CIRCLE('',#4208,1.40000000000001);
#1309=CIRCLE('',#4211,1.40000000000001);
#1310=CIRCLE('',#4212,1.40000000000001);
#1311=CIRCLE('',#4215,1.40000000000001);
#1312=CIRCLE('',#4216,1.40000000000001);
#1313=CIRCLE('',#4219,1.40000000000001);
#1314=CIRCLE('',#4220,1.40000000000001);
#1315=CIRCLE('',#4223,44.4834797181679);
#1316=CIRCLE('',#4224,44.4834797181679);
#1317=CIRCLE('',#4226,1.);
#1318=CIRCLE('',#4227,1.);
#1319=CIRCLE('',#4229,33.0505103745504);
#1320=CIRCLE('',#4230,33.0505103745504);
#1321=CIRCLE('',#4232,0.699999999999992);
#1322=CIRCLE('',#4233,0.699999999999992);
#1323=CIRCLE('',#4235,34.4505103745504);
#1324=CIRCLE('',#4236,34.4505103745504);
#1325=CIRCLE('',#4238,0.500000000000023);
#1326=CIRCLE('',#4239,0.500000000000023);
#1327=CIRCLE('',#4241,45.8834797181678);
#1328=CIRCLE('',#4242,45.8834797181678);
#1329=CIRCLE('',#4244,0.700000000000008);
#1330=CIRCLE('',#4245,0.700000000000007);
#1331=CIRCLE('',#4248,0.350000000011455);
#1332=CIRCLE('',#4249,0.350000000011455);
#1333=CIRCLE('',#4251,0.350000000000004);
#1334=CIRCLE('',#4252,0.350000000000004);
#1335=CIRCLE('',#4255,0.641249471933553);
#1336=CIRCLE('',#4256,0.641249471933553);
#1337=CIRCLE('',#4258,25.90064330229);
#1338=CIRCLE('',#4259,25.90064330229);
#1339=CIRCLE('',#4261,0.999999999998312);
#1340=CIRCLE('',#4262,0.999999999998312);
#1341=CIRCLE('',#4264,45.1054699352573);
#1342=CIRCLE('',#4265,45.1054699352573);
#1343=CIRCLE('',#4267,0.605649259690827);
#1344=CIRCLE('',#4268,0.605649259690827);
#1345=CIRCLE('',#4270,46.305469935257);
#1346=CIRCLE('',#4271,46.305469935257);
#1347=CIRCLE('',#4273,0.499999999997231);
#1348=CIRCLE('',#4274,0.499999999997231);
#1349=CIRCLE('',#4276,27.1006433022888);
#1350=CIRCLE('',#4277,27.1006433022888);
#1351=CIRCLE('',#4280,0.350000000000002);
#1352=CIRCLE('',#4281,0.350000000000002);
#1353=CIRCLE('',#4283,0.350000000000004);
#1354=CIRCLE('',#4284,0.350000000000003);
#1355=CIRCLE('',#4287,0.449999999999999);
#1356=CIRCLE('',#4288,0.449999999999999);
#1357=CIRCLE('',#4290,0.45);
#1358=CIRCLE('',#4291,0.45);
#1359=CIRCLE('',#4294,42.0953374485728);
#1360=CIRCLE('',#4295,42.0953374485728);
#1361=CIRCLE('',#4297,0.999999999999997);
#1362=CIRCLE('',#4298,0.999999999999997);
#1363=CIRCLE('',#4300,14.8497097847889);
#1364=CIRCLE('',#4301,14.8497097847889);
#1365=CIRCLE('',#4303,0.401892707986878);
#1366=CIRCLE('',#4304,0.401892707986878);
#1367=CIRCLE('',#4306,15.6497097847888);
#1368=CIRCLE('',#4307,15.6497097847888);
#1369=CIRCLE('',#4309,0.499999999999632);
#1370=CIRCLE('',#4310,0.499999999999632);
#1371=CIRCLE('',#4312,42.8953374485725);
#1372=CIRCLE('',#4313,42.8953374485725);
#1373=CIRCLE('',#4315,0.422049457557828);
#1374=CIRCLE('',#4316,0.422049457557828);
#1375=CIRCLE('',#4318,0.999999999999979);
#1376=CIRCLE('',#4319,4.);
#1377=CIRCLE('',#4321,0.999999999999979);
#1378=CIRCLE('',#4322,4.00000000000002);
#1379=CIRCLE('',#4323,3.99999999999998);
#1380=CIRCLE('',#4324,0.99999999999999);
#1381=CIRCLE('',#4325,0.99999999999999);
#1382=CIRCLE('',#4327,4.);
#1383=CIRCLE('',#4330,4.00000000000004);
#1384=CIRCLE('',#4331,4.);
#1385=CIRCLE('',#4332,2.50000000000004);
#1386=CIRCLE('',#4333,1.99999999999999);
#1387=CIRCLE('',#4334,2.);
#1388=CIRCLE('',#4335,2.);
#1389=CIRCLE('',#4336,2.);
#1390=CIRCLE('',#4337,2.);
#1391=CIRCLE('',#4338,1.75000000000001);
#1392=CIRCLE('',#4339,1.75);
#1393=CIRCLE('',#4340,1.75000000000001);
#1394=CIRCLE('',#4341,1.75);
#1395=CIRCLE('',#4342,1.75000000000001);
#1396=CIRCLE('',#4343,1.75000000000001);
#1397=CIRCLE('',#4344,1.75000000000001);
#1398=CIRCLE('',#4345,1.75000000000001);
#1399=CIRCLE('',#4347,4.25);
#1400=CIRCLE('',#4348,4.25000000000004);
#1401=CIRCLE('',#4349,2.50000000000003);
#1402=CIRCLE('',#4350,2.49999999999995);
#1403=CIRCLE('',#4351,2.5);
#1404=CIRCLE('',#4352,3.20000000000002);
#1405=CIRCLE('',#4353,1.00000000000001);
#1406=CIRCLE('',#4354,2.50000000000003);
#1407=CIRCLE('',#4355,2.49999999999998);
#1408=CIRCLE('',#4356,2.50000000000004);
#1409=CIRCLE('',#4357,3.19999999999996);
#1410=CIRCLE('',#4358,0.999999999999979);
#1411=CIRCLE('',#4359,1.5);
#1412=CIRCLE('',#4360,1.49999999999999);
#1413=CIRCLE('',#4361,0.999999999999996);
#1414=CIRCLE('',#4362,3.19999999999999);
#1415=CIRCLE('',#4363,2.5);
#1416=CIRCLE('',#4364,2.49999999999996);
#1417=CIRCLE('',#4365,2.50000000000002);
#1418=CIRCLE('',#4366,0.999999999999996);
#1419=CIRCLE('',#4367,3.19999999999999);
#1420=CIRCLE('',#4368,2.5);
#1421=CIRCLE('',#4369,2.49999999999996);
#1422=CIRCLE('',#4370,2.50000000000001);
#1423=CIRCLE('',#4371,3.00000000000004);
#1424=CIRCLE('',#4372,1.5);
#1425=CIRCLE('',#4373,2.50000000000001);
#1426=CIRCLE('',#4374,2.49999999999996);
#1427=CIRCLE('',#4375,2.50000000000001);
#1428=CIRCLE('',#4376,3.19999999999999);
#1429=CIRCLE('',#4377,1.);
#1430=CIRCLE('',#4378,2.50000000000003);
#1431=CIRCLE('',#4379,2.49999999999996);
#1432=CIRCLE('',#4380,2.5);
#1433=CIRCLE('',#4381,3.2);
#1434=CIRCLE('',#4382,1.);
#1435=CIRCLE('',#4383,1.5);
#1436=CIRCLE('',#4384,1.5);
#1437=CIRCLE('',#4385,1.00000000918519);
#1438=CIRCLE('',#4386,3.20000008842429);
#1439=CIRCLE('',#4387,2.49999997760936);
#1440=CIRCLE('',#4388,2.5000001129241);
#1441=CIRCLE('',#4389,2.4999996437454);
#1442=CIRCLE('',#4390,0.999999831855615);
#1443=CIRCLE('',#4391,3.20000013773548);
#1444=CIRCLE('',#4392,2.49999995019326);
#1445=CIRCLE('',#4393,2.50000023961062);
#1446=CIRCLE('',#4394,2.49999950136431);
#1447=CIRCLE('',#4397,1.00000000000001);
#1448=CIRCLE('',#4399,1.);
#1449=CIRCLE('',#4400,5.00000000000003);
#1450=CIRCLE('',#4402,1.00000000004847);
#1451=CIRCLE('',#4404,0.999999999999999);
#1452=CIRCLE('',#4405,5.);
#1453=CIRCLE('',#4407,5.00000000000004);
#1454=CIRCLE('',#4408,5.);
#1455=CIRCLE('',#4412,3.00000000000004);
#1456=CIRCLE('',#4413,1.49999999999999);
#1457=CIRCLE('',#4414,1.5);
#1458=CIRCLE('',#4415,1.5);
#1459=CIRCLE('',#4416,1.5);
#1460=CIRCLE('',#4417,1.5);
#1461=CIRCLE('',#4428,2.49999950136431);
#1462=CIRCLE('',#4430,2.50000000000003);
#1463=CIRCLE('',#4432,0.999999831855615);
#1464=CIRCLE('',#4434,1.00000000000001);
#1465=CIRCLE('',#4435,3.20000000000002);
#1466=CIRCLE('',#4436,2.5);
#1467=CIRCLE('',#4437,2.49999999999995);
#1468=CIRCLE('',#4438,1.75000000000001);
#1469=CIRCLE('',#4440,0.999999999999979);
#1470=CIRCLE('',#4441,3.19999999999996);
#1471=CIRCLE('',#4442,2.50000000000004);
#1472=CIRCLE('',#4443,2.49999999999998);
#1473=CIRCLE('',#4444,2.50000000000003);
#1474=CIRCLE('',#4445,1.75000000000001);
#1475=CIRCLE('',#4447,1.75000000000001);
#1476=CIRCLE('',#4449,1.75000000000001);
#1477=CIRCLE('',#4451,1.75000000000001);
#1478=CIRCLE('',#4454,1.75);
#1479=CIRCLE('',#4456,1.75000000000001);
#1480=CIRCLE('',#4458,1.75);
#1481=CIRCLE('',#4468,2.50000000000001);
#1482=CIRCLE('',#4470,1.);
#1483=CIRCLE('',#4472,3.19999999999999);
#1484=CIRCLE('',#4474,2.50000000000001);
#1485=CIRCLE('',#4477,2.49999999999996);
#1486=CIRCLE('',#4481,2.5);
#1487=CIRCLE('',#4483,3.19999999999999);
#1488=CIRCLE('',#4485,0.999999999999996);
#1489=CIRCLE('',#4487,2.50000000000001);
#1490=CIRCLE('',#4490,2.49999999999996);
#1491=CIRCLE('',#4494,2.50000023961062);
#1492=CIRCLE('',#4497,2.49999995019326);
#1493=CIRCLE('',#4499,3.20000013773548);
#1494=CIRCLE('',#4509,2.5);
#1495=CIRCLE('',#4512,2.49999999999996);
#1496=CIRCLE('',#4515,2.50000000000003);
#1497=CIRCLE('',#4517,1.);
#1498=CIRCLE('',#4519,3.2);
#1499=CIRCLE('',#4523,2.5);
#1500=CIRCLE('',#4525,3.19999999999999);
#1501=CIRCLE('',#4527,0.999999999999996);
#1502=CIRCLE('',#4529,2.50000000000002);
#1503=CIRCLE('',#4532,2.49999999999996);
#1504=CIRCLE('',#4536,2.5000001129241);
#1505=CIRCLE('',#4539,2.49999997760936);
#1506=CIRCLE('',#4541,3.20000008842429);
#1507=CIRCLE('',#4543,1.00000000918519);
#1508=CIRCLE('',#4545,2.4999996437454);
#1509=CIRCLE('',#4557,42.0953374485728);
#1510=CIRCLE('',#4558,42.0953374485728);
#1511=CIRCLE('',#4560,0.999999999999997);
#1512=CIRCLE('',#4561,0.999999999999997);
#1513=CIRCLE('',#4563,14.8497097847889);
#1514=CIRCLE('',#4564,14.8497097847889);
#1515=CIRCLE('',#4566,0.401892707986878);
#1516=CIRCLE('',#4567,0.401892707986878);
#1517=CIRCLE('',#4569,15.6497097847888);
#1518=CIRCLE('',#4570,15.6497097847888);
#1519=CIRCLE('',#4572,0.499999999999632);
#1520=CIRCLE('',#4573,0.499999999999632);
#1521=CIRCLE('',#4575,42.8953374485725);
#1522=CIRCLE('',#4576,42.8953374485725);
#1523=CIRCLE('',#4578,0.422049457557828);
#1524=CIRCLE('',#4579,0.422049457557828);
#1525=CIRCLE('',#4583,44.4834797181679);
#1526=CIRCLE('',#4584,44.4834797181679);
#1527=CIRCLE('',#4586,1.);
#1528=CIRCLE('',#4587,1.);
#1529=CIRCLE('',#4589,33.0505103745504);
#1530=CIRCLE('',#4590,33.0505103745504);
#1531=CIRCLE('',#4592,0.699999999999992);
#1532=CIRCLE('',#4593,0.699999999999992);
#1533=CIRCLE('',#4595,34.4505103745504);
#1534=CIRCLE('',#4596,34.4505103745504);
#1535=CIRCLE('',#4598,0.500000000000023);
#1536=CIRCLE('',#4599,0.500000000000023);
#1537=CIRCLE('',#4601,45.8834797181678);
#1538=CIRCLE('',#4602,45.8834797181678);
#1539=CIRCLE('',#4604,0.700000000000007);
#1540=CIRCLE('',#4605,0.700000000000007);
#1541=CIRCLE('',#4609,0.641249471933553);
#1542=CIRCLE('',#4610,0.641249471933553);
#1543=CIRCLE('',#4612,25.90064330229);
#1544=CIRCLE('',#4613,25.90064330229);
#1545=CIRCLE('',#4615,0.999999999998312);
#1546=CIRCLE('',#4616,0.999999999998312);
#1547=CIRCLE('',#4618,45.1054699352573);
#1548=CIRCLE('',#4619,45.1054699352573);
#1549=CIRCLE('',#4621,0.605649259690827);
#1550=CIRCLE('',#4622,0.605649259690827);
#1551=CIRCLE('',#4624,46.305469935257);
#1552=CIRCLE('',#4625,46.305469935257);
#1553=CIRCLE('',#4627,0.499999999997231);
#1554=CIRCLE('',#4628,0.499999999997231);
#1555=CIRCLE('',#4630,27.1006433022888);
#1556=CIRCLE('',#4631,27.1006433022888);
#1557=CIRCLE('',#4635,0.350000000000002);
#1558=CIRCLE('',#4636,0.350000000000002);
#1559=CIRCLE('',#4638,0.350000000000003);
#1560=CIRCLE('',#4639,0.350000000000003);
#1561=CIRCLE('',#4643,0.449999999999999);
#1562=CIRCLE('',#4644,0.449999999999999);
#1563=CIRCLE('',#4646,0.45);
#1564=CIRCLE('',#4647,0.45);
#1565=CIRCLE('',#4651,0.350000000011455);
#1566=CIRCLE('',#4652,0.350000000011455);
#1567=CIRCLE('',#4654,0.350000000000004);
#1568=CIRCLE('',#4655,0.350000000000004);
#1569=VERTEX_POINT('',#5895);
#1570=VERTEX_POINT('',#5897);
#1571=VERTEX_POINT('',#5902);
#1572=VERTEX_POINT('',#5904);
#1573=VERTEX_POINT('',#5909);
#1574=VERTEX_POINT('',#5911);
#1575=VERTEX_POINT('',#5916);
#1576=VERTEX_POINT('',#5918);
#1577=VERTEX_POINT('',#5923);
#1578=VERTEX_POINT('',#5925);
#1579=VERTEX_POINT('',#5930);
#1580=VERTEX_POINT('',#5932);
#1581=VERTEX_POINT('',#5937);
#1582=VERTEX_POINT('',#5939);
#1583=VERTEX_POINT('',#5944);
#1584=VERTEX_POINT('',#5946);
#1585=VERTEX_POINT('',#5951);
#1586=VERTEX_POINT('',#5953);
#1587=VERTEX_POINT('',#5958);
#1588=VERTEX_POINT('',#5960);
#1589=VERTEX_POINT('',#5965);
#1590=VERTEX_POINT('',#5966);
#1591=VERTEX_POINT('',#5968);
#1592=VERTEX_POINT('',#5970);
#1593=VERTEX_POINT('',#5974);
#1594=VERTEX_POINT('',#5976);
#1595=VERTEX_POINT('',#5980);
#1596=VERTEX_POINT('',#5982);
#1597=VERTEX_POINT('',#5986);
#1598=VERTEX_POINT('',#5988);
#1599=VERTEX_POINT('',#5992);
#1600=VERTEX_POINT('',#5994);
#1601=VERTEX_POINT('',#5998);
#1602=VERTEX_POINT('',#6000);
#1603=VERTEX_POINT('',#6004);
#1604=VERTEX_POINT('',#6006);
#1605=VERTEX_POINT('',#6063);
#1606=VERTEX_POINT('',#6064);
#1607=VERTEX_POINT('',#6093);
#1608=VERTEX_POINT('',#6095);
#1609=VERTEX_POINT('',#6126);
#1610=VERTEX_POINT('',#6128);
#1611=VERTEX_POINT('',#6181);
#1612=VERTEX_POINT('',#6207);
#1613=VERTEX_POINT('',#6239);
#1614=VERTEX_POINT('',#6240);
#1615=VERTEX_POINT('',#6242);
#1616=VERTEX_POINT('',#6244);
#1617=VERTEX_POINT('',#6248);
#1618=VERTEX_POINT('',#6250);
#1619=VERTEX_POINT('',#6254);
#1620=VERTEX_POINT('',#6256);
#1621=VERTEX_POINT('',#6260);
#1622=VERTEX_POINT('',#6262);
#1623=VERTEX_POINT('',#6266);
#1624=VERTEX_POINT('',#6268);
#1625=VERTEX_POINT('',#6272);
#1626=VERTEX_POINT('',#6274);
#1627=VERTEX_POINT('',#6278);
#1628=VERTEX_POINT('',#6280);
#1629=VERTEX_POINT('',#6337);
#1630=VERTEX_POINT('',#6338);
#1631=VERTEX_POINT('',#6367);
#1632=VERTEX_POINT('',#6369);
#1633=VERTEX_POINT('',#6400);
#1634=VERTEX_POINT('',#6402);
#1635=VERTEX_POINT('',#6437);
#1636=VERTEX_POINT('',#6454);
#1637=VERTEX_POINT('',#6480);
#1638=VERTEX_POINT('',#6485);
#1639=VERTEX_POINT('',#6521);
#1640=VERTEX_POINT('',#6522);
#1641=VERTEX_POINT('',#6536);
#1642=VERTEX_POINT('',#6538);
#1643=VERTEX_POINT('',#6554);
#1644=VERTEX_POINT('',#6556);
#1645=VERTEX_POINT('',#6585);
#1646=VERTEX_POINT('',#6599);
#1647=VERTEX_POINT('',#6619);
#1648=VERTEX_POINT('',#6620);
#1649=VERTEX_POINT('',#6622);
#1650=VERTEX_POINT('',#6624);
#1651=VERTEX_POINT('',#6628);
#1652=VERTEX_POINT('',#6630);
#1653=VERTEX_POINT('',#6634);
#1654=VERTEX_POINT('',#6636);
#1655=VERTEX_POINT('',#6640);
#1656=VERTEX_POINT('',#6642);
#1657=VERTEX_POINT('',#6646);
#1658=VERTEX_POINT('',#6648);
#1659=VERTEX_POINT('',#6652);
#1660=VERTEX_POINT('',#6654);
#1661=VERTEX_POINT('',#6658);
#1662=VERTEX_POINT('',#6660);
#1663=VERTEX_POINT('',#6732);
#1664=VERTEX_POINT('',#6733);
#1665=VERTEX_POINT('',#6735);
#1666=VERTEX_POINT('',#6737);
#1667=VERTEX_POINT('',#6744);
#1668=VERTEX_POINT('',#6752);
#1669=VERTEX_POINT('',#6754);
#1670=VERTEX_POINT('',#7155);
#1671=VERTEX_POINT('',#7157);
#1672=VERTEX_POINT('',#7159);
#1673=VERTEX_POINT('',#7194);
#1674=VERTEX_POINT('',#7196);
#1675=VERTEX_POINT('',#7198);
#1676=VERTEX_POINT('',#7200);
#1677=VERTEX_POINT('',#7839);
#1678=VERTEX_POINT('',#7840);
#1679=VERTEX_POINT('',#7842);
#1680=VERTEX_POINT('',#7844);
#1681=VERTEX_POINT('',#7846);
#1682=VERTEX_POINT('',#7854);
#1683=VERTEX_POINT('',#7856);
#1684=VERTEX_POINT('',#7864);
#1685=VERTEX_POINT('',#7866);
#1686=VERTEX_POINT('',#8009);
#1687=VERTEX_POINT('',#8011);
#1688=VERTEX_POINT('',#8013);
#1689=VERTEX_POINT('',#8015);
#1690=VERTEX_POINT('',#8023);
#1691=VERTEX_POINT('',#8048);
#1692=VERTEX_POINT('',#8050);
#1693=VERTEX_POINT('',#8052);
#1694=VERTEX_POINT('',#8054);
#1695=VERTEX_POINT('',#8057);
#1696=VERTEX_POINT('',#8058);
#1697=VERTEX_POINT('',#8060);
#1698=VERTEX_POINT('',#8062);
#1699=VERTEX_POINT('',#8064);
#1700=VERTEX_POINT('',#8066);
#1701=VERTEX_POINT('',#8068);
#1702=VERTEX_POINT('',#8070);
#1703=VERTEX_POINT('',#8072);
#1704=VERTEX_POINT('',#8074);
#1705=VERTEX_POINT('',#8076);
#1706=VERTEX_POINT('',#8078);
#1707=VERTEX_POINT('',#8080);
#1708=VERTEX_POINT('',#8082);
#1709=VERTEX_POINT('',#8084);
#1710=VERTEX_POINT('',#8087);
#1711=VERTEX_POINT('',#8089);
#1712=VERTEX_POINT('',#8091);
#1713=VERTEX_POINT('',#8093);
#1714=VERTEX_POINT('',#8095);
#1715=VERTEX_POINT('',#8097);
#1716=VERTEX_POINT('',#8099);
#1717=VERTEX_POINT('',#8101);
#1718=VERTEX_POINT('',#8104);
#1719=VERTEX_POINT('',#8106);
#1720=VERTEX_POINT('',#8108);
#1721=VERTEX_POINT('',#8110);
#1722=VERTEX_POINT('',#8114);
#1723=VERTEX_POINT('',#8115);
#1724=VERTEX_POINT('',#8117);
#1725=VERTEX_POINT('',#8119);
#1726=VERTEX_POINT('',#8121);
#1727=VERTEX_POINT('',#8123);
#1728=VERTEX_POINT('',#8125);
#1729=VERTEX_POINT('',#8127);
#1730=VERTEX_POINT('',#8129);
#1731=VERTEX_POINT('',#8131);
#1732=VERTEX_POINT('',#8133);
#1733=VERTEX_POINT('',#8135);
#1734=VERTEX_POINT('',#8137);
#1735=VERTEX_POINT('',#8139);
#1736=VERTEX_POINT('',#8141);
#1737=VERTEX_POINT('',#8143);
#1738=VERTEX_POINT('',#8145);
#1739=VERTEX_POINT('',#8147);
#1740=VERTEX_POINT('',#8149);
#1741=VERTEX_POINT('',#8151);
#1742=VERTEX_POINT('',#8153);
#1743=VERTEX_POINT('',#8155);
#1744=VERTEX_POINT('',#8157);
#1745=VERTEX_POINT('',#8159);
#1746=VERTEX_POINT('',#8161);
#1747=VERTEX_POINT('',#8163);
#1748=VERTEX_POINT('',#8165);
#1749=VERTEX_POINT('',#8167);
#1750=VERTEX_POINT('',#8169);
#1751=VERTEX_POINT('',#8171);
#1752=VERTEX_POINT('',#8173);
#1753=VERTEX_POINT('',#8175);
#1754=VERTEX_POINT('',#8177);
#1755=VERTEX_POINT('',#8179);
#1756=VERTEX_POINT('',#8181);
#1757=VERTEX_POINT('',#8183);
#1758=VERTEX_POINT('',#8185);
#1759=VERTEX_POINT('',#8187);
#1760=VERTEX_POINT('',#8189);
#1761=VERTEX_POINT('',#8191);
#1762=VERTEX_POINT('',#8193);
#1763=VERTEX_POINT('',#8195);
#1764=VERTEX_POINT('',#8197);
#1765=VERTEX_POINT('',#8199);
#1766=VERTEX_POINT('',#8201);
#1767=VERTEX_POINT('',#8203);
#1768=VERTEX_POINT('',#8205);
#1769=VERTEX_POINT('',#8207);
#1770=VERTEX_POINT('',#8209);
#1771=VERTEX_POINT('',#8211);
#1772=VERTEX_POINT('',#8213);
#1773=VERTEX_POINT('',#8215);
#1774=VERTEX_POINT('',#8217);
#1775=VERTEX_POINT('',#8219);
#1776=VERTEX_POINT('',#8221);
#1777=VERTEX_POINT('',#8223);
#1778=VERTEX_POINT('',#8225);
#1779=VERTEX_POINT('',#8227);
#1780=VERTEX_POINT('',#8229);
#1781=VERTEX_POINT('',#8231);
#1782=VERTEX_POINT('',#8233);
#1783=VERTEX_POINT('',#8235);
#1784=VERTEX_POINT('',#8237);
#1785=VERTEX_POINT('',#8239);
#1786=VERTEX_POINT('',#8241);
#1787=VERTEX_POINT('',#8243);
#1788=VERTEX_POINT('',#8245);
#1789=VERTEX_POINT('',#8247);
#1790=VERTEX_POINT('',#8249);
#1791=VERTEX_POINT('',#8251);
#1792=VERTEX_POINT('',#8253);
#1793=VERTEX_POINT('',#8255);
#1794=VERTEX_POINT('',#8257);
#1795=VERTEX_POINT('',#8259);
#1796=VERTEX_POINT('',#8261);
#1797=VERTEX_POINT('',#8263);
#1798=VERTEX_POINT('',#8269);
#1799=VERTEX_POINT('',#8273);
#1800=VERTEX_POINT('',#8277);
#1801=VERTEX_POINT('',#8281);
#1802=VERTEX_POINT('',#8314);
#1803=VERTEX_POINT('',#8322);
#1804=VERTEX_POINT('',#8373);
#1805=VERTEX_POINT('',#8468);
#1806=VERTEX_POINT('',#8554);
#1807=VERTEX_POINT('',#8562);
#1808=VERTEX_POINT('',#8613);
#1809=VERTEX_POINT('',#8650);
#1810=VERTEX_POINT('',#8701);
#1811=VERTEX_POINT('',#8738);
#1812=VERTEX_POINT('',#8789);
#1813=VERTEX_POINT('',#8826);
#1814=VERTEX_POINT('',#8869);
#1815=VERTEX_POINT('',#8912);
#1816=VERTEX_POINT('',#8949);
#1817=VERTEX_POINT('',#9000);
#1818=VERTEX_POINT('',#9037);
#1819=VERTEX_POINT('',#9088);
#1820=VERTEX_POINT('',#9125);
#1821=VERTEX_POINT('',#9178);
#1822=VERTEX_POINT('',#9180);
#1823=VERTEX_POINT('',#9183);
#1824=VERTEX_POINT('',#9188);
#1825=VERTEX_POINT('',#9199);
#1826=VERTEX_POINT('',#9201);
#1827=VERTEX_POINT('',#9204);
#1828=VERTEX_POINT('',#9206);
#1829=VERTEX_POINT('',#9214);
#1830=VERTEX_POINT('',#9217);
#1831=VERTEX_POINT('',#9219);
#1832=VERTEX_POINT('',#9222);
#1833=VERTEX_POINT('',#9224);
#1834=VERTEX_POINT('',#9228);
#1835=VERTEX_POINT('',#9232);
#1836=VERTEX_POINT('',#9236);
#1837=VERTEX_POINT('',#9240);
#1838=VERTEX_POINT('',#9242);
#1839=VERTEX_POINT('',#9244);
#1840=VERTEX_POINT('',#9246);
#1841=VERTEX_POINT('',#9248);
#1842=VERTEX_POINT('',#9251);
#1843=VERTEX_POINT('',#9254);
#1844=VERTEX_POINT('',#9256);
#1845=VERTEX_POINT('',#9258);
#1846=VERTEX_POINT('',#9260);
#1847=VERTEX_POINT('',#9262);
#1848=VERTEX_POINT('',#9264);
#1849=VERTEX_POINT('',#9267);
#1850=VERTEX_POINT('',#9270);
#1851=VERTEX_POINT('',#9274);
#1852=VERTEX_POINT('',#9278);
#1853=VERTEX_POINT('',#9284);
#1854=VERTEX_POINT('',#9288);
#1855=VERTEX_POINT('',#9292);
#1856=VERTEX_POINT('',#9309);
#1857=VERTEX_POINT('',#9311);
#1858=VERTEX_POINT('',#9315);
#1859=VERTEX_POINT('',#9319);
#1860=VERTEX_POINT('',#9321);
#1861=VERTEX_POINT('',#9325);
#1862=VERTEX_POINT('',#9329);
#1863=VERTEX_POINT('',#9333);
#1864=VERTEX_POINT('',#9341);
#1865=VERTEX_POINT('',#9343);
#1866=VERTEX_POINT('',#9347);
#1867=VERTEX_POINT('',#9351);
#1868=VERTEX_POINT('',#9357);
#1869=VERTEX_POINT('',#9361);
#1870=VERTEX_POINT('',#9368);
#1871=VERTEX_POINT('',#9372);
#1872=VERTEX_POINT('',#9376);
#1873=VERTEX_POINT('',#9380);
#1874=VERTEX_POINT('',#9400);
#1875=VERTEX_POINT('',#9402);
#1876=VERTEX_POINT('',#9406);
#1877=VERTEX_POINT('',#9410);
#1878=VERTEX_POINT('',#9414);
#1879=VERTEX_POINT('',#9418);
#1880=VERTEX_POINT('',#9422);
#1881=VERTEX_POINT('',#9424);
#1882=VERTEX_POINT('',#9432);
#1883=VERTEX_POINT('',#9434);
#1884=VERTEX_POINT('',#9438);
#1885=VERTEX_POINT('',#9442);
#1886=VERTEX_POINT('',#9448);
#1887=VERTEX_POINT('',#9452);
#1888=VERTEX_POINT('',#9459);
#1889=VERTEX_POINT('',#9461);
#1890=VERTEX_POINT('',#9465);
#1891=VERTEX_POINT('',#9469);
#1892=VERTEX_POINT('',#9473);
#1893=VERTEX_POINT('',#9477);
#1894=VERTEX_POINT('',#9502);
#1895=VERTEX_POINT('',#9503);
#1896=VERTEX_POINT('',#9505);
#1897=VERTEX_POINT('',#9507);
#1898=VERTEX_POINT('',#9511);
#1899=VERTEX_POINT('',#9513);
#1900=VERTEX_POINT('',#9517);
#1901=VERTEX_POINT('',#9519);
#1902=VERTEX_POINT('',#9523);
#1903=VERTEX_POINT('',#9525);
#1904=VERTEX_POINT('',#9529);
#1905=VERTEX_POINT('',#9531);
#1906=VERTEX_POINT('',#9535);
#1907=VERTEX_POINT('',#9537);
#1908=VERTEX_POINT('',#9541);
#1909=VERTEX_POINT('',#9543);
#1910=VERTEX_POINT('',#9552);
#1911=VERTEX_POINT('',#9553);
#1912=VERTEX_POINT('',#9555);
#1913=VERTEX_POINT('',#9557);
#1914=VERTEX_POINT('',#9561);
#1915=VERTEX_POINT('',#9563);
#1916=VERTEX_POINT('',#9567);
#1917=VERTEX_POINT('',#9569);
#1918=VERTEX_POINT('',#9573);
#1919=VERTEX_POINT('',#9575);
#1920=VERTEX_POINT('',#9579);
#1921=VERTEX_POINT('',#9581);
#1922=VERTEX_POINT('',#9585);
#1923=VERTEX_POINT('',#9587);
#1924=VERTEX_POINT('',#9591);
#1925=VERTEX_POINT('',#9593);
#1926=VERTEX_POINT('',#9602);
#1927=VERTEX_POINT('',#9603);
#1928=VERTEX_POINT('',#9605);
#1929=VERTEX_POINT('',#9607);
#1930=VERTEX_POINT('',#9611);
#1931=VERTEX_POINT('',#9613);
#1932=VERTEX_POINT('',#9617);
#1933=VERTEX_POINT('',#9619);
#1934=VERTEX_POINT('',#9623);
#1935=VERTEX_POINT('',#9625);
#1936=VERTEX_POINT('',#9629);
#1937=VERTEX_POINT('',#9631);
#1938=VERTEX_POINT('',#9635);
#1939=VERTEX_POINT('',#9637);
#1940=VERTEX_POINT('',#9641);
#1941=VERTEX_POINT('',#9643);
#1942=VERTEX_POINT('',#9701);
#1943=VERTEX_POINT('',#9702);
#1944=VERTEX_POINT('',#9731);
#1945=VERTEX_POINT('',#9733);
#1946=VERTEX_POINT('',#9764);
#1947=VERTEX_POINT('',#9766);
#1948=VERTEX_POINT('',#9801);
#1949=VERTEX_POINT('',#9818);
#1950=VERTEX_POINT('',#9844);
#1951=VERTEX_POINT('',#9849);
#1952=VERTEX_POINT('',#9886);
#1953=VERTEX_POINT('',#9887);
#1954=VERTEX_POINT('',#9901);
#1955=VERTEX_POINT('',#9903);
#1956=VERTEX_POINT('',#9919);
#1957=VERTEX_POINT('',#9921);
#1958=VERTEX_POINT('',#9950);
#1959=VERTEX_POINT('',#9964);
#1960=VERTEX_POINT('',#10034);
#1961=VERTEX_POINT('',#10035);
#1962=VERTEX_POINT('',#10064);
#1963=VERTEX_POINT('',#10066);
#1964=VERTEX_POINT('',#10097);
#1965=VERTEX_POINT('',#10099);
#1966=VERTEX_POINT('',#10152);
#1967=VERTEX_POINT('',#10178);
#1968=EDGE_CURVE('',#1569,#1569,#1295,.T.);
#1969=EDGE_CURVE('',#1569,#1570,#745,.T.);
#1970=EDGE_CURVE('',#1570,#1570,#1296,.T.);
#1971=EDGE_CURVE('',#1571,#1571,#1297,.T.);
#1972=EDGE_CURVE('',#1571,#1572,#746,.T.);
#1973=EDGE_CURVE('',#1572,#1572,#1298,.T.);
#1974=EDGE_CURVE('',#1573,#1573,#1299,.T.);
#1975=EDGE_CURVE('',#1573,#1574,#747,.T.);
#1976=EDGE_CURVE('',#1574,#1574,#1300,.T.);
#1977=EDGE_CURVE('',#1575,#1575,#1301,.T.);
#1978=EDGE_CURVE('',#1575,#1576,#748,.T.);
#1979=EDGE_CURVE('',#1576,#1576,#1302,.T.);
#1980=EDGE_CURVE('',#1577,#1577,#1303,.T.);
#1981=EDGE_CURVE('',#1577,#1578,#749,.T.);
#1982=EDGE_CURVE('',#1578,#1578,#1304,.T.);
#1983=EDGE_CURVE('',#1579,#1579,#1305,.T.);
#1984=EDGE_CURVE('',#1579,#1580,#750,.T.);
#1985=EDGE_CURVE('',#1580,#1580,#1306,.T.);
#1986=EDGE_CURVE('',#1581,#1581,#1307,.T.);
#1987=EDGE_CURVE('',#1581,#1582,#751,.T.);
#1988=EDGE_CURVE('',#1582,#1582,#1308,.T.);
#1989=EDGE_CURVE('',#1583,#1583,#1309,.T.);
#1990=EDGE_CURVE('',#1583,#1584,#752,.T.);
#1991=EDGE_CURVE('',#1584,#1584,#1310,.T.);
#1992=EDGE_CURVE('',#1585,#1585,#1311,.T.);
#1993=EDGE_CURVE('',#1585,#1586,#753,.T.);
#1994=EDGE_CURVE('',#1586,#1586,#1312,.T.);
#1995=EDGE_CURVE('',#1587,#1587,#1313,.T.);
#1996=EDGE_CURVE('',#1587,#1588,#754,.T.);
#1997=EDGE_CURVE('',#1588,#1588,#1314,.T.);
#1998=EDGE_CURVE('',#1589,#1590,#1315,.T.);
#1999=EDGE_CURVE('',#1589,#1591,#755,.T.);
#2000=EDGE_CURVE('',#1591,#1592,#1316,.T.);
#2001=EDGE_CURVE('',#1590,#1592,#756,.T.);
#2002=EDGE_CURVE('',#1593,#1589,#1317,.T.);
#2003=EDGE_CURVE('',#1593,#1594,#757,.T.);
#2004=EDGE_CURVE('',#1594,#1591,#1318,.T.);
#2005=EDGE_CURVE('',#1595,#1593,#1319,.T.);
#2006=EDGE_CURVE('',#1595,#1596,#758,.T.);
#2007=EDGE_CURVE('',#1596,#1594,#1320,.T.);
#2008=EDGE_CURVE('',#1597,#1595,#1321,.T.);
#2009=EDGE_CURVE('',#1597,#1598,#759,.T.);
#2010=EDGE_CURVE('',#1598,#1596,#1322,.T.);
#2011=EDGE_CURVE('',#1599,#1597,#1323,.T.);
#2012=EDGE_CURVE('',#1599,#1600,#760,.T.);
#2013=EDGE_CURVE('',#1600,#1598,#1324,.T.);
#2014=EDGE_CURVE('',#1601,#1599,#1325,.T.);
#2015=EDGE_CURVE('',#1601,#1602,#761,.T.);
#2016=EDGE_CURVE('',#1602,#1600,#1326,.T.);
#2017=EDGE_CURVE('',#1603,#1601,#1327,.T.);
#2018=EDGE_CURVE('',#1603,#1604,#762,.T.);
#2019=EDGE_CURVE('',#1604,#1602,#1328,.T.);
#2020=EDGE_CURVE('',#1590,#1603,#1329,.T.);
#2021=EDGE_CURVE('',#1592,#1604,#1330,.T.);
#2022=EDGE_CURVE('',#1605,#1606,#69,.T.);
#2023=EDGE_CURVE('',#1605,#1607,#763,.T.);
#2024=EDGE_CURVE('',#1607,#1608,#70,.T.);
#2025=EDGE_CURVE('',#1606,#1608,#764,.T.);
#2026=EDGE_CURVE('',#1609,#1605,#1331,.T.);
#2027=EDGE_CURVE('',#1609,#1610,#765,.T.);
#2028=EDGE_CURVE('',#1610,#1607,#1332,.T.);
#2029=EDGE_CURVE('',#1611,#1609,#71,.T.);
#2030=EDGE_CURVE('',#1611,#1612,#766,.T.);
#2031=EDGE_CURVE('',#1612,#1610,#72,.T.);
#2032=EDGE_CURVE('',#1606,#1611,#1333,.T.);
#2033=EDGE_CURVE('',#1608,#1612,#1334,.T.);
#2034=EDGE_CURVE('',#1613,#1614,#1335,.T.);
#2035=EDGE_CURVE('',#1613,#1615,#767,.T.);
#2036=EDGE_CURVE('',#1615,#1616,#1336,.T.);
#2037=EDGE_CURVE('',#1614,#1616,#768,.T.);
#2038=EDGE_CURVE('',#1617,#1613,#1337,.T.);
#2039=EDGE_CURVE('',#1617,#1618,#769,.T.);
#2040=EDGE_CURVE('',#1618,#1615,#1338,.T.);
#2041=EDGE_CURVE('',#1619,#1617,#1339,.T.);
#2042=EDGE_CURVE('',#1619,#1620,#770,.T.);
#2043=EDGE_CURVE('',#1620,#1618,#1340,.T.);
#2044=EDGE_CURVE('',#1621,#1619,#1341,.T.);
#2045=EDGE_CURVE('',#1621,#1622,#771,.T.);
#2046=EDGE_CURVE('',#1622,#1620,#1342,.T.);
#2047=EDGE_CURVE('',#1623,#1621,#1343,.T.);
#2048=EDGE_CURVE('',#1623,#1624,#772,.T.);
#2049=EDGE_CURVE('',#1624,#1622,#1344,.T.);
#2050=EDGE_CURVE('',#1625,#1623,#1345,.T.);
#2051=EDGE_CURVE('',#1625,#1626,#773,.T.);
#2052=EDGE_CURVE('',#1626,#1624,#1346,.T.);
#2053=EDGE_CURVE('',#1627,#1625,#1347,.T.);
#2054=EDGE_CURVE('',#1627,#1628,#774,.T.);
#2055=EDGE_CURVE('',#1628,#1626,#1348,.T.);
#2056=EDGE_CURVE('',#1614,#1627,#1349,.T.);
#2057=EDGE_CURVE('',#1616,#1628,#1350,.T.);
#2058=EDGE_CURVE('',#1629,#1630,#73,.T.);
#2059=EDGE_CURVE('',#1629,#1631,#775,.T.);
#2060=EDGE_CURVE('',#1631,#1632,#74,.T.);
#2061=EDGE_CURVE('',#1630,#1632,#776,.T.);
#2062=EDGE_CURVE('',#1633,#1629,#1351,.T.);
#2063=EDGE_CURVE('',#1633,#1634,#777,.T.);
#2064=EDGE_CURVE('',#1634,#1631,#1352,.T.);
#2065=EDGE_CURVE('',#1635,#1633,#75,.T.);
#2066=EDGE_CURVE('',#1635,#1636,#778,.T.);
#2067=EDGE_CURVE('',#1636,#1634,#76,.T.);
#2068=EDGE_CURVE('',#1637,#1635,#77,.T.);
#2069=EDGE_CURVE('',#1637,#1638,#779,.T.);
#2070=EDGE_CURVE('',#1638,#1636,#78,.T.);
#2071=EDGE_CURVE('',#1630,#1637,#1353,.T.);
#2072=EDGE_CURVE('',#1632,#1638,#1354,.T.);
#2073=EDGE_CURVE('',#1639,#1640,#79,.T.);
#2074=EDGE_CURVE('',#1639,#1641,#780,.T.);
#2075=EDGE_CURVE('',#1641,#1642,#80,.T.);
#2076=EDGE_CURVE('',#1640,#1642,#781,.T.);
#2077=EDGE_CURVE('',#1643,#1639,#1355,.T.);
#2078=EDGE_CURVE('',#1643,#1644,#782,.T.);
#2079=EDGE_CURVE('',#1644,#1641,#1356,.T.);
#2080=EDGE_CURVE('',#1645,#1643,#81,.T.);
#2081=EDGE_CURVE('',#1645,#1646,#783,.T.);
#2082=EDGE_CURVE('',#1646,#1644,#82,.T.);
#2083=EDGE_CURVE('',#1640,#1645,#1357,.T.);
#2084=EDGE_CURVE('',#1642,#1646,#1358,.T.);
#2085=EDGE_CURVE('',#1647,#1648,#1359,.T.);
#2086=EDGE_CURVE('',#1647,#1649,#784,.T.);
#2087=EDGE_CURVE('',#1649,#1650,#1360,.T.);
#2088=EDGE_CURVE('',#1648,#1650,#785,.T.);
#2089=EDGE_CURVE('',#1651,#1647,#1361,.T.);
#2090=EDGE_CURVE('',#1651,#1652,#786,.T.);
#2091=EDGE_CURVE('',#1652,#1649,#1362,.T.);
#2092=EDGE_CURVE('',#1653,#1651,#1363,.T.);
#2093=EDGE_CURVE('',#1653,#1654,#787,.T.);
#2094=EDGE_CURVE('',#1654,#1652,#1364,.T.);
#2095=EDGE_CURVE('',#1655,#1653,#1365,.T.);
#2096=EDGE_CURVE('',#1655,#1656,#788,.T.);
#2097=EDGE_CURVE('',#1656,#1654,#1366,.T.);
#2098=EDGE_CURVE('',#1657,#1655,#1367,.T.);
#2099=EDGE_CURVE('',#1657,#1658,#789,.T.);
#2100=EDGE_CURVE('',#1658,#1656,#1368,.T.);
#2101=EDGE_CURVE('',#1659,#1657,#1369,.T.);
#2102=EDGE_CURVE('',#1659,#1660,#790,.T.);
#2103=EDGE_CURVE('',#1660,#1658,#1370,.T.);
#2104=EDGE_CURVE('',#1661,#1659,#1371,.T.);
#2105=EDGE_CURVE('',#1661,#1662,#791,.T.);
#2106=EDGE_CURVE('',#1662,#1660,#1372,.T.);
#2107=EDGE_CURVE('',#1648,#1661,#1373,.T.);
#2108=EDGE_CURVE('',#1650,#1662,#1374,.T.);
#2109=EDGE_CURVE('',#1663,#1664,#1375,.T.);
#2110=EDGE_CURVE('',#1664,#1665,#1376,.T.);
#2111=EDGE_CURVE('',#1666,#1665,#83,.T.);
#2112=EDGE_CURVE('',#1667,#1666,#84,.T.);
#2113=EDGE_CURVE('',#1668,#1667,#67,.T.);
#2114=EDGE_CURVE('',#1669,#1668,#792,.T.);
#2115=EDGE_CURVE('',#1663,#1669,#85,.T.);
#2116=EDGE_CURVE('',#1670,#1663,#1377,.T.);
#2117=EDGE_CURVE('',#1671,#1669,#793,.T.);
#2118=EDGE_CURVE('',#1671,#1672,#86,.T.);
#2119=EDGE_CURVE('',#1673,#1672,#794,.T.);
#2120=EDGE_CURVE('',#1674,#1673,#1378,.T.);
#2121=EDGE_CURVE('',#1675,#1674,#795,.T.);
#2122=EDGE_CURVE('',#1676,#1675,#87,.T.);
#2123=EDGE_CURVE('',#1676,#1670,#796,.T.);
#2124=EDGE_CURVE('',#1677,#1678,#797,.T.);
#2125=EDGE_CURVE('',#1679,#1677,#1379,.T.);
#2126=EDGE_CURVE('',#1680,#1679,#798,.T.);
#2127=EDGE_CURVE('',#1681,#1680,#88,.T.);
#2128=EDGE_CURVE('',#1681,#1682,#799,.T.);
#2129=EDGE_CURVE('',#1683,#1682,#89,.T.);
#2130=EDGE_CURVE('',#1684,#1683,#1380,.T.);
#2131=EDGE_CURVE('',#1685,#1684,#800,.T.);
#2132=EDGE_CURVE('',#1685,#1678,#90,.T.);
#2133=EDGE_CURVE('',#1683,#1686,#1381,.T.);
#2134=EDGE_CURVE('',#1687,#1682,#801,.T.);
#2135=EDGE_CURVE('',#1688,#1687,#68,.T.);
#2136=EDGE_CURVE('',#1689,#1688,#91,.T.);
#2137=EDGE_CURVE('',#1690,#1689,#92,.T.);
#2138=EDGE_CURVE('',#1690,#1686,#1382,.T.);
#2139=EDGE_CURVE('',#1688,#1667,#802,.T.);
#2140=EDGE_CURVE('',#1665,#1690,#803,.T.);
#2141=EDGE_CURVE('',#1691,#1664,#804,.T.);
#2142=EDGE_CURVE('',#1692,#1691,#1383,.T.);
#2143=EDGE_CURVE('',#1693,#1692,#805,.T.);
#2144=EDGE_CURVE('',#1694,#1693,#1384,.T.);
#2145=EDGE_CURVE('',#1686,#1694,#806,.T.);
#2146=EDGE_CURVE('',#1695,#1696,#807,.T.);
#2147=EDGE_CURVE('',#1697,#1695,#1385,.T.);
#2148=EDGE_CURVE('',#1698,#1697,#808,.T.);
#2149=EDGE_CURVE('',#1699,#1698,#1386,.T.);
#2150=EDGE_CURVE('',#1700,#1699,#809,.T.);
#2151=EDGE_CURVE('',#1701,#1700,#1387,.T.);
#2152=EDGE_CURVE('',#1702,#1701,#810,.T.);
#2153=EDGE_CURVE('',#1703,#1702,#811,.T.);
#2154=EDGE_CURVE('',#1704,#1703,#812,.T.);
#2155=EDGE_CURVE('',#1705,#1704,#813,.T.);
#2156=EDGE_CURVE('',#1706,#1705,#1388,.T.);
#2157=EDGE_CURVE('',#1707,#1706,#814,.T.);
#2158=EDGE_CURVE('',#1708,#1707,#1389,.T.);
#2159=EDGE_CURVE('',#1709,#1708,#815,.T.);
#2160=EDGE_CURVE('',#1696,#1709,#1390,.T.);
#2161=EDGE_CURVE('',#1710,#1710,#1391,.T.);
#2162=EDGE_CURVE('',#1711,#1711,#1392,.T.);
#2163=EDGE_CURVE('',#1712,#1712,#1393,.T.);
#2164=EDGE_CURVE('',#1713,#1713,#1394,.T.);
#2165=EDGE_CURVE('',#1714,#1714,#1395,.T.);
#2166=EDGE_CURVE('',#1715,#1715,#1396,.T.);
#2167=EDGE_CURVE('',#1716,#1716,#1397,.T.);
#2168=EDGE_CURVE('',#1717,#1717,#1398,.T.);
#2169=EDGE_CURVE('',#1718,#1678,#816,.T.);
#2170=EDGE_CURVE('',#1719,#1718,#1399,.T.);
#2171=EDGE_CURVE('',#1720,#1719,#817,.T.);
#2172=EDGE_CURVE('',#1721,#1720,#1400,.T.);
#2173=EDGE_CURVE('',#1675,#1721,#818,.T.);
#2174=EDGE_CURVE('',#1680,#1672,#819,.T.);
#2175=EDGE_CURVE('',#1722,#1723,#820,.T.);
#2176=EDGE_CURVE('',#1723,#1724,#1401,.T.);
#2177=EDGE_CURVE('',#1724,#1725,#821,.T.);
#2178=EDGE_CURVE('',#1725,#1726,#1402,.T.);
#2179=EDGE_CURVE('',#1726,#1727,#822,.T.);
#2180=EDGE_CURVE('',#1727,#1728,#1403,.T.);
#2181=EDGE_CURVE('',#1728,#1729,#1404,.T.);
#2182=EDGE_CURVE('',#1729,#1730,#1405,.T.);
#2183=EDGE_CURVE('',#1730,#1731,#823,.F.);
#2184=EDGE_CURVE('',#1731,#1732,#1406,.T.);
#2185=EDGE_CURVE('',#1732,#1733,#824,.T.);
#2186=EDGE_CURVE('',#1733,#1734,#1407,.T.);
#2187=EDGE_CURVE('',#1734,#1735,#825,.T.);
#2188=EDGE_CURVE('',#1735,#1736,#1408,.T.);
#2189=EDGE_CURVE('',#1736,#1737,#1409,.T.);
#2190=EDGE_CURVE('',#1737,#1738,#1410,.T.);
#2191=EDGE_CURVE('',#1739,#1738,#826,.T.);
#2192=EDGE_CURVE('',#1740,#1739,#1411,.T.);
#2193=EDGE_CURVE('',#1741,#1740,#827,.T.);
#2194=EDGE_CURVE('',#1742,#1741,#1412,.T.);
#2195=EDGE_CURVE('',#1743,#1742,#828,.T.);
#2196=EDGE_CURVE('',#1743,#1744,#1413,.T.);
#2197=EDGE_CURVE('',#1744,#1745,#1414,.T.);
#2198=EDGE_CURVE('',#1745,#1746,#1415,.T.);
#2199=EDGE_CURVE('',#1746,#1747,#829,.T.);
#2200=EDGE_CURVE('',#1747,#1748,#1416,.T.);
#2201=EDGE_CURVE('',#1748,#1749,#830,.T.);
#2202=EDGE_CURVE('',#1749,#1750,#1417,.T.);
#2203=EDGE_CURVE('',#1751,#1750,#831,.T.);
#2204=EDGE_CURVE('',#1751,#1752,#1418,.T.);
#2205=EDGE_CURVE('',#1752,#1753,#1419,.T.);
#2206=EDGE_CURVE('',#1753,#1754,#1420,.T.);
#2207=EDGE_CURVE('',#1754,#1755,#832,.T.);
#2208=EDGE_CURVE('',#1755,#1756,#1421,.T.);
#2209=EDGE_CURVE('',#1756,#1757,#833,.T.);
#2210=EDGE_CURVE('',#1757,#1758,#1422,.T.);
#2211=EDGE_CURVE('',#1759,#1758,#834,.T.);
#2212=EDGE_CURVE('',#1760,#1759,#1423,.T.);
#2213=EDGE_CURVE('',#1761,#1760,#835,.T.);
#2214=EDGE_CURVE('',#1762,#1761,#1424,.T.);
#2215=EDGE_CURVE('',#1763,#1762,#836,.T.);
#2216=EDGE_CURVE('',#1763,#1764,#1425,.T.);
#2217=EDGE_CURVE('',#1764,#1765,#837,.T.);
#2218=EDGE_CURVE('',#1765,#1766,#1426,.T.);
#2219=EDGE_CURVE('',#1766,#1767,#838,.T.);
#2220=EDGE_CURVE('',#1767,#1768,#1427,.T.);
#2221=EDGE_CURVE('',#1768,#1769,#1428,.T.);
#2222=EDGE_CURVE('',#1769,#1770,#1429,.T.);
#2223=EDGE_CURVE('',#1771,#1770,#839,.T.);
#2224=EDGE_CURVE('',#1771,#1772,#1430,.T.);
#2225=EDGE_CURVE('',#1772,#1773,#840,.T.);
#2226=EDGE_CURVE('',#1773,#1774,#1431,.T.);
#2227=EDGE_CURVE('',#1774,#1775,#841,.T.);
#2228=EDGE_CURVE('',#1775,#1776,#1432,.T.);
#2229=EDGE_CURVE('',#1776,#1777,#1433,.T.);
#2230=EDGE_CURVE('',#1777,#1778,#1434,.T.);
#2231=EDGE_CURVE('',#1779,#1778,#842,.T.);
#2232=EDGE_CURVE('',#1780,#1779,#1435,.T.);
#2233=EDGE_CURVE('',#1781,#1780,#843,.T.);
#2234=EDGE_CURVE('',#1782,#1781,#1436,.T.);
#2235=EDGE_CURVE('',#1783,#1782,#844,.T.);
#2236=EDGE_CURVE('',#1783,#1784,#1437,.T.);
#2237=EDGE_CURVE('',#1784,#1785,#1438,.T.);
#2238=EDGE_CURVE('',#1785,#1786,#1439,.T.);
#2239=EDGE_CURVE('',#1786,#1787,#845,.T.);
#2240=EDGE_CURVE('',#1787,#1788,#1440,.T.);
#2241=EDGE_CURVE('',#1788,#1789,#846,.T.);
#2242=EDGE_CURVE('',#1789,#1790,#1441,.T.);
#2243=EDGE_CURVE('',#1790,#1791,#847,.T.);
#2244=EDGE_CURVE('',#1791,#1792,#1442,.T.);
#2245=EDGE_CURVE('',#1792,#1793,#1443,.T.);
#2246=EDGE_CURVE('',#1793,#1794,#1444,.T.);
#2247=EDGE_CURVE('',#1794,#1795,#848,.T.);
#2248=EDGE_CURVE('',#1795,#1796,#1445,.T.);
#2249=EDGE_CURVE('',#1796,#1797,#849,.T.);
#2250=EDGE_CURVE('',#1797,#1722,#1446,.T.);
#2251=EDGE_CURVE('',#1682,#1669,#850,.T.);
#2252=EDGE_CURVE('',#1798,#1691,#1447,.T.);
#2253=EDGE_CURVE('',#1670,#1798,#851,.T.);
#2254=EDGE_CURVE('',#1799,#1692,#1448,.T.);
#2255=EDGE_CURVE('',#1798,#1799,#1449,.T.);
#2256=EDGE_CURVE('',#1800,#1693,#1450,.T.);
#2257=EDGE_CURVE('',#1799,#1800,#852,.T.);
#2258=EDGE_CURVE('',#1801,#1694,#1451,.T.);
#2259=EDGE_CURVE('',#1800,#1801,#1452,.T.);
#2260=EDGE_CURVE('',#1801,#1684,#853,.T.);
#2261=EDGE_CURVE('',#1719,#1802,#93,.T.);
#2262=EDGE_CURVE('',#1802,#1803,#854,.T.);
#2263=EDGE_CURVE('',#1803,#1720,#94,.T.);
#2264=EDGE_CURVE('',#1804,#1721,#95,.T.);
#2265=EDGE_CURVE('',#1803,#1804,#1453,.T.);
#2266=EDGE_CURVE('',#1804,#1676,#855,.T.);
#2267=EDGE_CURVE('',#1671,#1681,#856,.T.);
#2268=EDGE_CURVE('',#1805,#1718,#96,.T.);
#2269=EDGE_CURVE('',#1685,#1805,#857,.T.);
#2270=EDGE_CURVE('',#1805,#1802,#1454,.T.);
#2271=EDGE_CURVE('',#1804,#1798,#858,.T.);
#2272=EDGE_CURVE('',#1803,#1799,#859,.T.);
#2273=EDGE_CURVE('',#1802,#1800,#860,.T.);
#2274=EDGE_CURVE('',#1696,#1806,#97,.T.);
#2275=EDGE_CURVE('',#1806,#1807,#861,.T.);
#2276=EDGE_CURVE('',#1807,#1695,#98,.T.);
#2277=EDGE_CURVE('',#1808,#1697,#99,.T.);
#2278=EDGE_CURVE('',#1807,#1808,#1455,.T.);
#2279=EDGE_CURVE('',#1809,#1698,#100,.T.);
#2280=EDGE_CURVE('',#1808,#1809,#862,.T.);
#2281=EDGE_CURVE('',#1810,#1699,#101,.T.);
#2282=EDGE_CURVE('',#1809,#1810,#1456,.T.);
#2283=EDGE_CURVE('',#1811,#1700,#102,.T.);
#2284=EDGE_CURVE('',#1810,#1811,#863,.T.);
#2285=EDGE_CURVE('',#1812,#1701,#103,.T.);
#2286=EDGE_CURVE('',#1811,#1812,#1457,.T.);
#2287=EDGE_CURVE('',#1813,#1702,#104,.T.);
#2288=EDGE_CURVE('',#1812,#1813,#864,.T.);
#2289=EDGE_CURVE('',#1814,#1703,#105,.T.);
#2290=EDGE_CURVE('',#1813,#1814,#865,.T.);
#2291=EDGE_CURVE('',#1815,#1704,#106,.T.);
#2292=EDGE_CURVE('',#1814,#1815,#866,.T.);
#2293=EDGE_CURVE('',#1815,#1816,#867,.T.);
#2294=EDGE_CURVE('',#1816,#1705,#107,.T.);
#2295=EDGE_CURVE('',#1817,#1706,#108,.T.);
#2296=EDGE_CURVE('',#1816,#1817,#1458,.T.);
#2297=EDGE_CURVE('',#1818,#1707,#109,.T.);
#2298=EDGE_CURVE('',#1817,#1818,#868,.T.);
#2299=EDGE_CURVE('',#1819,#1708,#110,.T.);
#2300=EDGE_CURVE('',#1818,#1819,#1459,.T.);
#2301=EDGE_CURVE('',#1820,#1709,#111,.T.);
#2302=EDGE_CURVE('',#1819,#1820,#869,.T.);
#2303=EDGE_CURVE('',#1820,#1806,#1460,.T.);
#2304=EDGE_CURVE('',#1821,#1813,#870,.T.);
#2305=EDGE_CURVE('',#1822,#1821,#871,.T.);
#2306=EDGE_CURVE('',#1731,#1822,#872,.T.);
#2307=EDGE_CURVE('',#1730,#1823,#873,.T.);
#2308=EDGE_CURVE('',#1823,#1814,#874,.T.);
#2309=EDGE_CURVE('',#1739,#1812,#875,.T.);
#2310=EDGE_CURVE('',#1738,#1824,#876,.T.);
#2311=EDGE_CURVE('',#1821,#1824,#877,.T.);
#2312=EDGE_CURVE('',#1740,#1811,#878,.T.);
#2313=EDGE_CURVE('',#1741,#1810,#879,.T.);
#2314=EDGE_CURVE('',#1742,#1809,#880,.T.);
#2315=EDGE_CURVE('',#1759,#1808,#881,.T.);
#2316=EDGE_CURVE('',#1825,#1758,#882,.T.);
#2317=EDGE_CURVE('',#1825,#1826,#883,.T.);
#2318=EDGE_CURVE('',#1826,#1751,#884,.T.);
#2319=EDGE_CURVE('',#1827,#1750,#885,.T.);
#2320=EDGE_CURVE('',#1827,#1828,#886,.T.);
#2321=EDGE_CURVE('',#1828,#1743,#887,.T.);
#2322=EDGE_CURVE('',#1760,#1807,#888,.T.);
#2323=EDGE_CURVE('',#1761,#1806,#889,.T.);
#2324=EDGE_CURVE('',#1829,#1823,#890,.T.);
#2325=EDGE_CURVE('',#1723,#1829,#891,.T.);
#2326=EDGE_CURVE('',#1722,#1830,#892,.T.);
#2327=EDGE_CURVE('',#1830,#1831,#893,.T.);
#2328=EDGE_CURVE('',#1791,#1831,#894,.T.);
#2329=EDGE_CURVE('',#1790,#1832,#895,.T.);
#2330=EDGE_CURVE('',#1832,#1833,#896,.T.);
#2331=EDGE_CURVE('',#1833,#1815,#897,.T.);
#2332=EDGE_CURVE('',#1797,#1834,#898,.T.);
#2333=EDGE_CURVE('',#1834,#1830,#1461,.T.);
#2334=EDGE_CURVE('',#1829,#1835,#1462,.T.);
#2335=EDGE_CURVE('',#1724,#1835,#899,.T.);
#2336=EDGE_CURVE('',#1831,#1836,#1463,.T.);
#2337=EDGE_CURVE('',#1792,#1836,#900,.T.);
#2338=EDGE_CURVE('',#1837,#1823,#1464,.T.);
#2339=EDGE_CURVE('',#1838,#1837,#1465,.T.);
#2340=EDGE_CURVE('',#1839,#1838,#1466,.T.);
#2341=EDGE_CURVE('',#1840,#1839,#901,.T.);
#2342=EDGE_CURVE('',#1841,#1840,#1467,.T.);
#2343=EDGE_CURVE('',#1835,#1841,#902,.T.);
#2344=EDGE_CURVE('',#1842,#1842,#1468,.T.);
#2345=EDGE_CURVE('',#1843,#1824,#1469,.T.);
#2346=EDGE_CURVE('',#1844,#1843,#1470,.T.);
#2347=EDGE_CURVE('',#1845,#1844,#1471,.T.);
#2348=EDGE_CURVE('',#1846,#1845,#903,.T.);
#2349=EDGE_CURVE('',#1847,#1846,#1472,.T.);
#2350=EDGE_CURVE('',#1848,#1847,#904,.T.);
#2351=EDGE_CURVE('',#1822,#1848,#1473,.T.);
#2352=EDGE_CURVE('',#1849,#1849,#1474,.T.);
#2353=EDGE_CURVE('',#1850,#1850,#1475,.T.);
#2354=EDGE_CURVE('',#1850,#1717,#905,.T.);
#2355=EDGE_CURVE('',#1851,#1851,#1476,.T.);
#2356=EDGE_CURVE('',#1851,#1716,#906,.T.);
#2357=EDGE_CURVE('',#1852,#1852,#1477,.T.);
#2358=EDGE_CURVE('',#1852,#1715,#907,.T.);
#2359=EDGE_CURVE('',#1842,#1714,#908,.T.);
#2360=EDGE_CURVE('',#1853,#1853,#1478,.T.);
#2361=EDGE_CURVE('',#1853,#1713,#909,.T.);
#2362=EDGE_CURVE('',#1854,#1854,#1479,.T.);
#2363=EDGE_CURVE('',#1854,#1712,#910,.T.);
#2364=EDGE_CURVE('',#1855,#1855,#1480,.T.);
#2365=EDGE_CURVE('',#1855,#1711,#911,.T.);
#2366=EDGE_CURVE('',#1849,#1710,#912,.T.);
#2367=EDGE_CURVE('',#1729,#1837,#913,.T.);
#2368=EDGE_CURVE('',#1728,#1838,#914,.T.);
#2369=EDGE_CURVE('',#1727,#1839,#915,.T.);
#2370=EDGE_CURVE('',#1726,#1840,#916,.T.);
#2371=EDGE_CURVE('',#1725,#1841,#917,.T.);
#2372=EDGE_CURVE('',#1764,#1856,#918,.T.);
#2373=EDGE_CURVE('',#1856,#1857,#919,.T.);
#2374=EDGE_CURVE('',#1765,#1857,#920,.T.);
#2375=EDGE_CURVE('',#1858,#1763,#921,.T.);
#2376=EDGE_CURVE('',#1858,#1856,#1481,.T.);
#2377=EDGE_CURVE('',#1769,#1859,#922,.T.);
#2378=EDGE_CURVE('',#1859,#1860,#1482,.T.);
#2379=EDGE_CURVE('',#1860,#1770,#923,.T.);
#2380=EDGE_CURVE('',#1768,#1861,#924,.T.);
#2381=EDGE_CURVE('',#1861,#1859,#1483,.T.);
#2382=EDGE_CURVE('',#1767,#1862,#925,.T.);
#2383=EDGE_CURVE('',#1862,#1861,#1484,.T.);
#2384=EDGE_CURVE('',#1766,#1863,#926,.T.);
#2385=EDGE_CURVE('',#1863,#1862,#927,.T.);
#2386=EDGE_CURVE('',#1857,#1863,#1485,.T.);
#2387=EDGE_CURVE('',#1860,#1858,#928,.T.);
#2388=EDGE_CURVE('',#1754,#1864,#929,.T.);
#2389=EDGE_CURVE('',#1864,#1865,#930,.T.);
#2390=EDGE_CURVE('',#1755,#1865,#931,.T.);
#2391=EDGE_CURVE('',#1753,#1866,#932,.T.);
#2392=EDGE_CURVE('',#1866,#1864,#1486,.T.);
#2393=EDGE_CURVE('',#1752,#1867,#933,.T.);
#2394=EDGE_CURVE('',#1867,#1866,#1487,.T.);
#2395=EDGE_CURVE('',#1826,#1867,#1488,.T.);
#2396=EDGE_CURVE('',#1757,#1868,#934,.T.);
#2397=EDGE_CURVE('',#1868,#1825,#1489,.T.);
#2398=EDGE_CURVE('',#1756,#1869,#935,.T.);
#2399=EDGE_CURVE('',#1869,#1868,#936,.T.);
#2400=EDGE_CURVE('',#1865,#1869,#1490,.T.);
#2401=EDGE_CURVE('',#1796,#1870,#937,.T.);
#2402=EDGE_CURVE('',#1870,#1834,#938,.T.);
#2403=EDGE_CURVE('',#1795,#1871,#939,.T.);
#2404=EDGE_CURVE('',#1871,#1870,#1491,.T.);
#2405=EDGE_CURVE('',#1794,#1872,#940,.T.);
#2406=EDGE_CURVE('',#1872,#1871,#941,.T.);
#2407=EDGE_CURVE('',#1793,#1873,#942,.T.);
#2408=EDGE_CURVE('',#1873,#1872,#1492,.T.);
#2409=EDGE_CURVE('',#1836,#1873,#1493,.T.);
#2410=EDGE_CURVE('',#1732,#1848,#943,.T.);
#2411=EDGE_CURVE('',#1737,#1843,#944,.T.);
#2412=EDGE_CURVE('',#1736,#1844,#945,.T.);
#2413=EDGE_CURVE('',#1735,#1845,#946,.T.);
#2414=EDGE_CURVE('',#1734,#1846,#947,.T.);
#2415=EDGE_CURVE('',#1733,#1847,#948,.T.);
#2416=EDGE_CURVE('',#1775,#1874,#949,.T.);
#2417=EDGE_CURVE('',#1874,#1875,#1494,.T.);
#2418=EDGE_CURVE('',#1776,#1875,#950,.T.);
#2419=EDGE_CURVE('',#1774,#1876,#951,.T.);
#2420=EDGE_CURVE('',#1876,#1874,#952,.T.);
#2421=EDGE_CURVE('',#1773,#1877,#953,.T.);
#2422=EDGE_CURVE('',#1877,#1876,#1495,.T.);
#2423=EDGE_CURVE('',#1772,#1878,#954,.T.);
#2424=EDGE_CURVE('',#1878,#1877,#955,.T.);
#2425=EDGE_CURVE('',#1879,#1771,#956,.T.);
#2426=EDGE_CURVE('',#1879,#1878,#1496,.T.);
#2427=EDGE_CURVE('',#1777,#1880,#957,.T.);
#2428=EDGE_CURVE('',#1880,#1881,#1497,.T.);
#2429=EDGE_CURVE('',#1881,#1778,#958,.T.);
#2430=EDGE_CURVE('',#1875,#1880,#1498,.T.);
#2431=EDGE_CURVE('',#1881,#1879,#959,.T.);
#2432=EDGE_CURVE('',#1746,#1882,#960,.T.);
#2433=EDGE_CURVE('',#1882,#1883,#961,.T.);
#2434=EDGE_CURVE('',#1747,#1883,#962,.T.);
#2435=EDGE_CURVE('',#1745,#1884,#963,.T.);
#2436=EDGE_CURVE('',#1884,#1882,#1499,.T.);
#2437=EDGE_CURVE('',#1744,#1885,#964,.T.);
#2438=EDGE_CURVE('',#1885,#1884,#1500,.T.);
#2439=EDGE_CURVE('',#1828,#1885,#1501,.T.);
#2440=EDGE_CURVE('',#1749,#1886,#965,.T.);
#2441=EDGE_CURVE('',#1886,#1827,#1502,.T.);
#2442=EDGE_CURVE('',#1748,#1887,#966,.T.);
#2443=EDGE_CURVE('',#1887,#1886,#967,.T.);
#2444=EDGE_CURVE('',#1883,#1887,#1503,.T.);
#2445=EDGE_CURVE('',#1788,#1888,#968,.T.);
#2446=EDGE_CURVE('',#1888,#1889,#969,.T.);
#2447=EDGE_CURVE('',#1789,#1889,#970,.T.);
#2448=EDGE_CURVE('',#1787,#1890,#971,.T.);
#2449=EDGE_CURVE('',#1890,#1888,#1504,.T.);
#2450=EDGE_CURVE('',#1786,#1891,#972,.T.);
#2451=EDGE_CURVE('',#1891,#1890,#973,.T.);
#2452=EDGE_CURVE('',#1785,#1892,#974,.T.);
#2453=EDGE_CURVE('',#1892,#1891,#1505,.T.);
#2454=EDGE_CURVE('',#1784,#1893,#975,.T.);
#2455=EDGE_CURVE('',#1893,#1892,#1506,.T.);
#2456=EDGE_CURVE('',#1783,#1833,#976,.T.);
#2457=EDGE_CURVE('',#1833,#1893,#1507,.T.);
#2458=EDGE_CURVE('',#1889,#1832,#1508,.T.);
#2459=EDGE_CURVE('',#1779,#1819,#977,.T.);
#2460=EDGE_CURVE('',#1762,#1820,#978,.T.);
#2461=EDGE_CURVE('',#1780,#1818,#979,.T.);
#2462=EDGE_CURVE('',#1781,#1817,#980,.T.);
#2463=EDGE_CURVE('',#1782,#1816,#981,.T.);
#2464=EDGE_CURVE('',#1805,#1801,#982,.T.);
#2465=EDGE_CURVE('',#1894,#1895,#1509,.T.);
#2466=EDGE_CURVE('',#1895,#1896,#983,.T.);
#2467=EDGE_CURVE('',#1897,#1896,#1510,.T.);
#2468=EDGE_CURVE('',#1894,#1897,#984,.T.);
#2469=EDGE_CURVE('',#1894,#1898,#1511,.T.);
#2470=EDGE_CURVE('',#1899,#1897,#1512,.T.);
#2471=EDGE_CURVE('',#1898,#1899,#985,.T.);
#2472=EDGE_CURVE('',#1900,#1898,#1513,.T.);
#2473=EDGE_CURVE('',#1901,#1899,#1514,.T.);
#2474=EDGE_CURVE('',#1900,#1901,#986,.T.);
#2475=EDGE_CURVE('',#1900,#1902,#1515,.T.);
#2476=EDGE_CURVE('',#1903,#1901,#1516,.T.);
#2477=EDGE_CURVE('',#1902,#1903,#987,.T.);
#2478=EDGE_CURVE('',#1902,#1904,#1517,.T.);
#2479=EDGE_CURVE('',#1905,#1903,#1518,.T.);
#2480=EDGE_CURVE('',#1904,#1905,#988,.T.);
#2481=EDGE_CURVE('',#1906,#1904,#1519,.T.);
#2482=EDGE_CURVE('',#1907,#1905,#1520,.T.);
#2483=EDGE_CURVE('',#1906,#1907,#989,.T.);
#2484=EDGE_CURVE('',#1906,#1908,#1521,.T.);
#2485=EDGE_CURVE('',#1909,#1907,#1522,.T.);
#2486=EDGE_CURVE('',#1908,#1909,#990,.T.);
#2487=EDGE_CURVE('',#1908,#1895,#1523,.T.);
#2488=EDGE_CURVE('',#1896,#1909,#1524,.T.);
#2489=EDGE_CURVE('',#1910,#1911,#1525,.T.);
#2490=EDGE_CURVE('',#1911,#1912,#991,.T.);
#2491=EDGE_CURVE('',#1913,#1912,#1526,.T.);
#2492=EDGE_CURVE('',#1910,#1913,#992,.T.);
#2493=EDGE_CURVE('',#1910,#1914,#1527,.T.);
#2494=EDGE_CURVE('',#1915,#1913,#1528,.T.);
#2495=EDGE_CURVE('',#1914,#1915,#993,.T.);
#2496=EDGE_CURVE('',#1916,#1914,#1529,.T.);
#2497=EDGE_CURVE('',#1917,#1915,#1530,.T.);
#2498=EDGE_CURVE('',#1916,#1917,#994,.T.);
#2499=EDGE_CURVE('',#1916,#1918,#1531,.T.);
#2500=EDGE_CURVE('',#1919,#1917,#1532,.T.);
#2501=EDGE_CURVE('',#1918,#1919,#995,.T.);
#2502=EDGE_CURVE('',#1918,#1920,#1533,.T.);
#2503=EDGE_CURVE('',#1921,#1919,#1534,.T.);
#2504=EDGE_CURVE('',#1920,#1921,#996,.T.);
#2505=EDGE_CURVE('',#1922,#1920,#1535,.T.);
#2506=EDGE_CURVE('',#1923,#1921,#1536,.T.);
#2507=EDGE_CURVE('',#1922,#1923,#997,.T.);
#2508=EDGE_CURVE('',#1922,#1924,#1537,.T.);
#2509=EDGE_CURVE('',#1925,#1923,#1538,.T.);
#2510=EDGE_CURVE('',#1924,#1925,#998,.T.);
#2511=EDGE_CURVE('',#1924,#1911,#1539,.T.);
#2512=EDGE_CURVE('',#1912,#1925,#1540,.T.);
#2513=EDGE_CURVE('',#1926,#1927,#1541,.T.);
#2514=EDGE_CURVE('',#1926,#1928,#999,.T.);
#2515=EDGE_CURVE('',#1929,#1928,#1542,.T.);
#2516=EDGE_CURVE('',#1927,#1929,#1000,.T.);
#2517=EDGE_CURVE('',#1930,#1927,#1543,.T.);
#2518=EDGE_CURVE('',#1931,#1929,#1544,.T.);
#2519=EDGE_CURVE('',#1930,#1931,#1001,.T.);
#2520=EDGE_CURVE('',#1930,#1932,#1545,.T.);
#2521=EDGE_CURVE('',#1933,#1931,#1546,.T.);
#2522=EDGE_CURVE('',#1932,#1933,#1002,.T.);
#2523=EDGE_CURVE('',#1934,#1932,#1547,.T.);
#2524=EDGE_CURVE('',#1935,#1933,#1548,.T.);
#2525=EDGE_CURVE('',#1934,#1935,#1003,.T.);
#2526=EDGE_CURVE('',#1934,#1936,#1549,.T.);
#2527=EDGE_CURVE('',#1937,#1935,#1550,.T.);
#2528=EDGE_CURVE('',#1936,#1937,#1004,.T.);
#2529=EDGE_CURVE('',#1936,#1938,#1551,.T.);
#2530=EDGE_CURVE('',#1939,#1937,#1552,.T.);
#2531=EDGE_CURVE('',#1938,#1939,#1005,.T.);
#2532=EDGE_CURVE('',#1940,#1938,#1553,.T.);
#2533=EDGE_CURVE('',#1941,#1939,#1554,.T.);
#2534=EDGE_CURVE('',#1940,#1941,#1006,.T.);
#2535=EDGE_CURVE('',#1940,#1926,#1555,.T.);
#2536=EDGE_CURVE('',#1928,#1941,#1556,.T.);
#2537=EDGE_CURVE('',#1942,#1943,#112,.T.);
#2538=EDGE_CURVE('',#1942,#1944,#1007,.T.);
#2539=EDGE_CURVE('',#1945,#1944,#113,.T.);
#2540=EDGE_CURVE('',#1943,#1945,#1008,.T.);
#2541=EDGE_CURVE('',#1943,#1946,#1557,.T.);
#2542=EDGE_CURVE('',#1947,#1945,#1558,.T.);
#2543=EDGE_CURVE('',#1946,#1947,#1009,.T.);
#2544=EDGE_CURVE('',#1948,#1946,#114,.T.);
#2545=EDGE_CURVE('',#1949,#1947,#115,.T.);
#2546=EDGE_CURVE('',#1948,#1949,#1010,.T.);
#2547=EDGE_CURVE('',#1950,#1948,#116,.T.);
#2548=EDGE_CURVE('',#1951,#1949,#117,.T.);
#2549=EDGE_CURVE('',#1950,#1951,#1011,.T.);
#2550=EDGE_CURVE('',#1950,#1942,#1559,.T.);
#2551=EDGE_CURVE('',#1944,#1951,#1560,.T.);
#2552=EDGE_CURVE('',#1952,#1953,#118,.T.);
#2553=EDGE_CURVE('',#1952,#1954,#1012,.T.);
#2554=EDGE_CURVE('',#1955,#1954,#119,.T.);
#2555=EDGE_CURVE('',#1953,#1955,#1013,.T.);
#2556=EDGE_CURVE('',#1953,#1956,#1561,.T.);
#2557=EDGE_CURVE('',#1957,#1955,#1562,.T.);
#2558=EDGE_CURVE('',#1956,#1957,#1014,.T.);
#2559=EDGE_CURVE('',#1958,#1956,#120,.T.);
#2560=EDGE_CURVE('',#1959,#1957,#121,.T.);
#2561=EDGE_CURVE('',#1958,#1959,#1015,.T.);
#2562=EDGE_CURVE('',#1958,#1952,#1563,.T.);
#2563=EDGE_CURVE('',#1954,#1959,#1564,.T.);
#2564=EDGE_CURVE('',#1960,#1961,#122,.T.);
#2565=EDGE_CURVE('',#1960,#1962,#1016,.T.);
#2566=EDGE_CURVE('',#1963,#1962,#123,.T.);
#2567=EDGE_CURVE('',#1961,#1963,#1017,.T.);
#2568=EDGE_CURVE('',#1961,#1964,#1565,.T.);
#2569=EDGE_CURVE('',#1965,#1963,#1566,.T.);
#2570=EDGE_CURVE('',#1964,#1965,#1018,.T.);
#2571=EDGE_CURVE('',#1966,#1964,#124,.T.);
#2572=EDGE_CURVE('',#1967,#1965,#125,.T.);
#2573=EDGE_CURVE('',#1966,#1967,#1019,.T.);
#2574=EDGE_CURVE('',#1966,#1960,#1567,.T.);
#2575=EDGE_CURVE('',#1962,#1967,#1568,.T.);
#2576=ORIENTED_EDGE('',*,*,#1968,.F.);
#2577=ORIENTED_EDGE('',*,*,#1969,.T.);
#2578=ORIENTED_EDGE('',*,*,#1970,.T.);
#2579=ORIENTED_EDGE('',*,*,#1969,.F.);
#2580=ORIENTED_EDGE('',*,*,#1970,.F.);
#2581=ORIENTED_EDGE('',*,*,#1971,.F.);
#2582=ORIENTED_EDGE('',*,*,#1972,.T.);
#2583=ORIENTED_EDGE('',*,*,#1973,.T.);
#2584=ORIENTED_EDGE('',*,*,#1972,.F.);
#2585=ORIENTED_EDGE('',*,*,#1973,.F.);
#2586=ORIENTED_EDGE('',*,*,#1974,.F.);
#2587=ORIENTED_EDGE('',*,*,#1975,.T.);
#2588=ORIENTED_EDGE('',*,*,#1976,.T.);
#2589=ORIENTED_EDGE('',*,*,#1975,.F.);
#2590=ORIENTED_EDGE('',*,*,#1976,.F.);
#2591=ORIENTED_EDGE('',*,*,#1977,.F.);
#2592=ORIENTED_EDGE('',*,*,#1978,.T.);
#2593=ORIENTED_EDGE('',*,*,#1979,.T.);
#2594=ORIENTED_EDGE('',*,*,#1978,.F.);
#2595=ORIENTED_EDGE('',*,*,#1979,.F.);
#2596=ORIENTED_EDGE('',*,*,#1980,.F.);
#2597=ORIENTED_EDGE('',*,*,#1981,.T.);
#2598=ORIENTED_EDGE('',*,*,#1982,.T.);
#2599=ORIENTED_EDGE('',*,*,#1981,.F.);
#2600=ORIENTED_EDGE('',*,*,#1982,.F.);
#2601=ORIENTED_EDGE('',*,*,#1983,.F.);
#2602=ORIENTED_EDGE('',*,*,#1984,.T.);
#2603=ORIENTED_EDGE('',*,*,#1985,.T.);
#2604=ORIENTED_EDGE('',*,*,#1984,.F.);
#2605=ORIENTED_EDGE('',*,*,#1985,.F.);
#2606=ORIENTED_EDGE('',*,*,#1986,.F.);
#2607=ORIENTED_EDGE('',*,*,#1987,.T.);
#2608=ORIENTED_EDGE('',*,*,#1988,.T.);
#2609=ORIENTED_EDGE('',*,*,#1987,.F.);
#2610=ORIENTED_EDGE('',*,*,#1988,.F.);
#2611=ORIENTED_EDGE('',*,*,#1989,.F.);
#2612=ORIENTED_EDGE('',*,*,#1990,.T.);
#2613=ORIENTED_EDGE('',*,*,#1991,.T.);
#2614=ORIENTED_EDGE('',*,*,#1990,.F.);
#2615=ORIENTED_EDGE('',*,*,#1991,.F.);
#2616=ORIENTED_EDGE('',*,*,#1992,.F.);
#2617=ORIENTED_EDGE('',*,*,#1993,.T.);
#2618=ORIENTED_EDGE('',*,*,#1994,.T.);
#2619=ORIENTED_EDGE('',*,*,#1993,.F.);
#2620=ORIENTED_EDGE('',*,*,#1994,.F.);
#2621=ORIENTED_EDGE('',*,*,#1995,.F.);
#2622=ORIENTED_EDGE('',*,*,#1996,.T.);
#2623=ORIENTED_EDGE('',*,*,#1997,.T.);
#2624=ORIENTED_EDGE('',*,*,#1996,.F.);
#2625=ORIENTED_EDGE('',*,*,#1997,.F.);
#2626=ORIENTED_EDGE('',*,*,#1998,.F.);
#2627=ORIENTED_EDGE('',*,*,#1999,.T.);
#2628=ORIENTED_EDGE('',*,*,#2000,.T.);
#2629=ORIENTED_EDGE('',*,*,#2001,.F.);
#2630=ORIENTED_EDGE('',*,*,#2002,.F.);
#2631=ORIENTED_EDGE('',*,*,#2003,.T.);
#2632=ORIENTED_EDGE('',*,*,#2004,.T.);
#2633=ORIENTED_EDGE('',*,*,#1999,.F.);
#2634=ORIENTED_EDGE('',*,*,#2005,.F.);
#2635=ORIENTED_EDGE('',*,*,#2006,.T.);
#2636=ORIENTED_EDGE('',*,*,#2007,.T.);
#2637=ORIENTED_EDGE('',*,*,#2003,.F.);
#2638=ORIENTED_EDGE('',*,*,#2008,.F.);
#2639=ORIENTED_EDGE('',*,*,#2009,.T.);
#2640=ORIENTED_EDGE('',*,*,#2010,.T.);
#2641=ORIENTED_EDGE('',*,*,#2006,.F.);
#2642=ORIENTED_EDGE('',*,*,#2011,.F.);
#2643=ORIENTED_EDGE('',*,*,#2012,.T.);
#2644=ORIENTED_EDGE('',*,*,#2013,.T.);
#2645=ORIENTED_EDGE('',*,*,#2009,.F.);
#2646=ORIENTED_EDGE('',*,*,#2014,.F.);
#2647=ORIENTED_EDGE('',*,*,#2015,.T.);
#2648=ORIENTED_EDGE('',*,*,#2016,.T.);
#2649=ORIENTED_EDGE('',*,*,#2012,.F.);
#2650=ORIENTED_EDGE('',*,*,#2017,.F.);
#2651=ORIENTED_EDGE('',*,*,#2018,.T.);
#2652=ORIENTED_EDGE('',*,*,#2019,.T.);
#2653=ORIENTED_EDGE('',*,*,#2015,.F.);
#2654=ORIENTED_EDGE('',*,*,#2020,.F.);
#2655=ORIENTED_EDGE('',*,*,#2001,.T.);
#2656=ORIENTED_EDGE('',*,*,#2021,.T.);
#2657=ORIENTED_EDGE('',*,*,#2018,.F.);
#2658=ORIENTED_EDGE('',*,*,#2021,.F.);
#2659=ORIENTED_EDGE('',*,*,#2000,.F.);
#2660=ORIENTED_EDGE('',*,*,#2004,.F.);
#2661=ORIENTED_EDGE('',*,*,#2007,.F.);
#2662=ORIENTED_EDGE('',*,*,#2010,.F.);
#2663=ORIENTED_EDGE('',*,*,#2013,.F.);
#2664=ORIENTED_EDGE('',*,*,#2016,.F.);
#2665=ORIENTED_EDGE('',*,*,#2019,.F.);
#2666=ORIENTED_EDGE('',*,*,#2022,.F.);
#2667=ORIENTED_EDGE('',*,*,#2023,.T.);
#2668=ORIENTED_EDGE('',*,*,#2024,.T.);
#2669=ORIENTED_EDGE('',*,*,#2025,.F.);
#2670=ORIENTED_EDGE('',*,*,#2026,.F.);
#2671=ORIENTED_EDGE('',*,*,#2027,.T.);
#2672=ORIENTED_EDGE('',*,*,#2028,.T.);
#2673=ORIENTED_EDGE('',*,*,#2023,.F.);
#2674=ORIENTED_EDGE('',*,*,#2029,.F.);
#2675=ORIENTED_EDGE('',*,*,#2030,.T.);
#2676=ORIENTED_EDGE('',*,*,#2031,.T.);
#2677=ORIENTED_EDGE('',*,*,#2027,.F.);
#2678=ORIENTED_EDGE('',*,*,#2032,.F.);
#2679=ORIENTED_EDGE('',*,*,#2025,.T.);
#2680=ORIENTED_EDGE('',*,*,#2033,.T.);
#2681=ORIENTED_EDGE('',*,*,#2030,.F.);
#2682=ORIENTED_EDGE('',*,*,#2033,.F.);
#2683=ORIENTED_EDGE('',*,*,#2024,.F.);
#2684=ORIENTED_EDGE('',*,*,#2028,.F.);
#2685=ORIENTED_EDGE('',*,*,#2031,.F.);
#2686=ORIENTED_EDGE('',*,*,#2034,.F.);
#2687=ORIENTED_EDGE('',*,*,#2035,.T.);
#2688=ORIENTED_EDGE('',*,*,#2036,.T.);
#2689=ORIENTED_EDGE('',*,*,#2037,.F.);
#2690=ORIENTED_EDGE('',*,*,#2038,.F.);
#2691=ORIENTED_EDGE('',*,*,#2039,.T.);
#2692=ORIENTED_EDGE('',*,*,#2040,.T.);
#2693=ORIENTED_EDGE('',*,*,#2035,.F.);
#2694=ORIENTED_EDGE('',*,*,#2041,.F.);
#2695=ORIENTED_EDGE('',*,*,#2042,.T.);
#2696=ORIENTED_EDGE('',*,*,#2043,.T.);
#2697=ORIENTED_EDGE('',*,*,#2039,.F.);
#2698=ORIENTED_EDGE('',*,*,#2044,.F.);
#2699=ORIENTED_EDGE('',*,*,#2045,.T.);
#2700=ORIENTED_EDGE('',*,*,#2046,.T.);
#2701=ORIENTED_EDGE('',*,*,#2042,.F.);
#2702=ORIENTED_EDGE('',*,*,#2047,.F.);
#2703=ORIENTED_EDGE('',*,*,#2048,.T.);
#2704=ORIENTED_EDGE('',*,*,#2049,.T.);
#2705=ORIENTED_EDGE('',*,*,#2045,.F.);
#2706=ORIENTED_EDGE('',*,*,#2050,.F.);
#2707=ORIENTED_EDGE('',*,*,#2051,.T.);
#2708=ORIENTED_EDGE('',*,*,#2052,.T.);
#2709=ORIENTED_EDGE('',*,*,#2048,.F.);
#2710=ORIENTED_EDGE('',*,*,#2053,.F.);
#2711=ORIENTED_EDGE('',*,*,#2054,.T.);
#2712=ORIENTED_EDGE('',*,*,#2055,.T.);
#2713=ORIENTED_EDGE('',*,*,#2051,.F.);
#2714=ORIENTED_EDGE('',*,*,#2056,.F.);
#2715=ORIENTED_EDGE('',*,*,#2037,.T.);
#2716=ORIENTED_EDGE('',*,*,#2057,.T.);
#2717=ORIENTED_EDGE('',*,*,#2054,.F.);
#2718=ORIENTED_EDGE('',*,*,#2057,.F.);
#2719=ORIENTED_EDGE('',*,*,#2036,.F.);
#2720=ORIENTED_EDGE('',*,*,#2040,.F.);
#2721=ORIENTED_EDGE('',*,*,#2043,.F.);
#2722=ORIENTED_EDGE('',*,*,#2046,.F.);
#2723=ORIENTED_EDGE('',*,*,#2049,.F.);
#2724=ORIENTED_EDGE('',*,*,#2052,.F.);
#2725=ORIENTED_EDGE('',*,*,#2055,.F.);
#2726=ORIENTED_EDGE('',*,*,#2058,.F.);
#2727=ORIENTED_EDGE('',*,*,#2059,.T.);
#2728=ORIENTED_EDGE('',*,*,#2060,.T.);
#2729=ORIENTED_EDGE('',*,*,#2061,.F.);
#2730=ORIENTED_EDGE('',*,*,#2062,.F.);
#2731=ORIENTED_EDGE('',*,*,#2063,.T.);
#2732=ORIENTED_EDGE('',*,*,#2064,.T.);
#2733=ORIENTED_EDGE('',*,*,#2059,.F.);
#2734=ORIENTED_EDGE('',*,*,#2065,.F.);
#2735=ORIENTED_EDGE('',*,*,#2066,.T.);
#2736=ORIENTED_EDGE('',*,*,#2067,.T.);
#2737=ORIENTED_EDGE('',*,*,#2063,.F.);
#2738=ORIENTED_EDGE('',*,*,#2068,.F.);
#2739=ORIENTED_EDGE('',*,*,#2069,.T.);
#2740=ORIENTED_EDGE('',*,*,#2070,.T.);
#2741=ORIENTED_EDGE('',*,*,#2066,.F.);
#2742=ORIENTED_EDGE('',*,*,#2071,.F.);
#2743=ORIENTED_EDGE('',*,*,#2061,.T.);
#2744=ORIENTED_EDGE('',*,*,#2072,.T.);
#2745=ORIENTED_EDGE('',*,*,#2069,.F.);
#2746=ORIENTED_EDGE('',*,*,#2072,.F.);
#2747=ORIENTED_EDGE('',*,*,#2060,.F.);
#2748=ORIENTED_EDGE('',*,*,#2064,.F.);
#2749=ORIENTED_EDGE('',*,*,#2067,.F.);
#2750=ORIENTED_EDGE('',*,*,#2070,.F.);
#2751=ORIENTED_EDGE('',*,*,#2073,.F.);
#2752=ORIENTED_EDGE('',*,*,#2074,.T.);
#2753=ORIENTED_EDGE('',*,*,#2075,.T.);
#2754=ORIENTED_EDGE('',*,*,#2076,.F.);
#2755=ORIENTED_EDGE('',*,*,#2077,.F.);
#2756=ORIENTED_EDGE('',*,*,#2078,.T.);
#2757=ORIENTED_EDGE('',*,*,#2079,.T.);
#2758=ORIENTED_EDGE('',*,*,#2074,.F.);
#2759=ORIENTED_EDGE('',*,*,#2080,.F.);
#2760=ORIENTED_EDGE('',*,*,#2081,.T.);
#2761=ORIENTED_EDGE('',*,*,#2082,.T.);
#2762=ORIENTED_EDGE('',*,*,#2078,.F.);
#2763=ORIENTED_EDGE('',*,*,#2083,.F.);
#2764=ORIENTED_EDGE('',*,*,#2076,.T.);
#2765=ORIENTED_EDGE('',*,*,#2084,.T.);
#2766=ORIENTED_EDGE('',*,*,#2081,.F.);
#2767=ORIENTED_EDGE('',*,*,#2084,.F.);
#2768=ORIENTED_EDGE('',*,*,#2075,.F.);
#2769=ORIENTED_EDGE('',*,*,#2079,.F.);
#2770=ORIENTED_EDGE('',*,*,#2082,.F.);
#2771=ORIENTED_EDGE('',*,*,#2085,.F.);
#2772=ORIENTED_EDGE('',*,*,#2086,.T.);
#2773=ORIENTED_EDGE('',*,*,#2087,.T.);
#2774=ORIENTED_EDGE('',*,*,#2088,.F.);
#2775=ORIENTED_EDGE('',*,*,#2089,.F.);
#2776=ORIENTED_EDGE('',*,*,#2090,.T.);
#2777=ORIENTED_EDGE('',*,*,#2091,.T.);
#2778=ORIENTED_EDGE('',*,*,#2086,.F.);
#2779=ORIENTED_EDGE('',*,*,#2092,.F.);
#2780=ORIENTED_EDGE('',*,*,#2093,.T.);
#2781=ORIENTED_EDGE('',*,*,#2094,.T.);
#2782=ORIENTED_EDGE('',*,*,#2090,.F.);
#2783=ORIENTED_EDGE('',*,*,#2095,.F.);
#2784=ORIENTED_EDGE('',*,*,#2096,.T.);
#2785=ORIENTED_EDGE('',*,*,#2097,.T.);
#2786=ORIENTED_EDGE('',*,*,#2093,.F.);
#2787=ORIENTED_EDGE('',*,*,#2098,.F.);
#2788=ORIENTED_EDGE('',*,*,#2099,.T.);
#2789=ORIENTED_EDGE('',*,*,#2100,.T.);
#2790=ORIENTED_EDGE('',*,*,#2096,.F.);
#2791=ORIENTED_EDGE('',*,*,#2101,.F.);
#2792=ORIENTED_EDGE('',*,*,#2102,.T.);
#2793=ORIENTED_EDGE('',*,*,#2103,.T.);
#2794=ORIENTED_EDGE('',*,*,#2099,.F.);
#2795=ORIENTED_EDGE('',*,*,#2104,.F.);
#2796=ORIENTED_EDGE('',*,*,#2105,.T.);
#2797=ORIENTED_EDGE('',*,*,#2106,.T.);
#2798=ORIENTED_EDGE('',*,*,#2102,.F.);
#2799=ORIENTED_EDGE('',*,*,#2107,.F.);
#2800=ORIENTED_EDGE('',*,*,#2088,.T.);
#2801=ORIENTED_EDGE('',*,*,#2108,.T.);
#2802=ORIENTED_EDGE('',*,*,#2105,.F.);
#2803=ORIENTED_EDGE('',*,*,#2108,.F.);
#2804=ORIENTED_EDGE('',*,*,#2087,.F.);
#2805=ORIENTED_EDGE('',*,*,#2091,.F.);
#2806=ORIENTED_EDGE('',*,*,#2094,.F.);
#2807=ORIENTED_EDGE('',*,*,#2097,.F.);
#2808=ORIENTED_EDGE('',*,*,#2100,.F.);
#2809=ORIENTED_EDGE('',*,*,#2103,.F.);
#2810=ORIENTED_EDGE('',*,*,#2106,.F.);
#2811=ORIENTED_EDGE('',*,*,#2109,.T.);
#2812=ORIENTED_EDGE('',*,*,#2110,.T.);
#2813=ORIENTED_EDGE('',*,*,#2111,.F.);
#2814=ORIENTED_EDGE('',*,*,#2112,.F.);
#2815=ORIENTED_EDGE('',*,*,#2113,.F.);
#2816=ORIENTED_EDGE('',*,*,#2114,.F.);
#2817=ORIENTED_EDGE('',*,*,#2115,.F.);
#2818=ORIENTED_EDGE('',*,*,#2116,.T.);
#2819=ORIENTED_EDGE('',*,*,#2115,.T.);
#2820=ORIENTED_EDGE('',*,*,#2117,.F.);
#2821=ORIENTED_EDGE('',*,*,#2118,.T.);
#2822=ORIENTED_EDGE('',*,*,#2119,.F.);
#2823=ORIENTED_EDGE('',*,*,#2120,.F.);
#2824=ORIENTED_EDGE('',*,*,#2121,.F.);
#2825=ORIENTED_EDGE('',*,*,#2122,.F.);
#2826=ORIENTED_EDGE('',*,*,#2123,.T.);
#2827=ORIENTED_EDGE('',*,*,#2124,.F.);
#2828=ORIENTED_EDGE('',*,*,#2125,.F.);
#2829=ORIENTED_EDGE('',*,*,#2126,.F.);
#2830=ORIENTED_EDGE('',*,*,#2127,.F.);
#2831=ORIENTED_EDGE('',*,*,#2128,.T.);
#2832=ORIENTED_EDGE('',*,*,#2129,.F.);
#2833=ORIENTED_EDGE('',*,*,#2130,.F.);
#2834=ORIENTED_EDGE('',*,*,#2131,.F.);
#2835=ORIENTED_EDGE('',*,*,#2132,.T.);
#2836=ORIENTED_EDGE('',*,*,#2133,.F.);
#2837=ORIENTED_EDGE('',*,*,#2129,.T.);
#2838=ORIENTED_EDGE('',*,*,#2134,.F.);
#2839=ORIENTED_EDGE('',*,*,#2135,.F.);
#2840=ORIENTED_EDGE('',*,*,#2136,.F.);
#2841=ORIENTED_EDGE('',*,*,#2137,.F.);
#2842=ORIENTED_EDGE('',*,*,#2138,.T.);
#2843=ORIENTED_EDGE('',*,*,#2137,.T.);
#2844=ORIENTED_EDGE('',*,*,#2136,.T.);
#2845=ORIENTED_EDGE('',*,*,#2139,.T.);
#2846=ORIENTED_EDGE('',*,*,#2112,.T.);
#2847=ORIENTED_EDGE('',*,*,#2111,.T.);
#2848=ORIENTED_EDGE('',*,*,#2140,.T.);
#2849=ORIENTED_EDGE('',*,*,#2140,.F.);
#2850=ORIENTED_EDGE('',*,*,#2110,.F.);
#2851=ORIENTED_EDGE('',*,*,#2141,.F.);
#2852=ORIENTED_EDGE('',*,*,#2142,.F.);
#2853=ORIENTED_EDGE('',*,*,#2143,.F.);
#2854=ORIENTED_EDGE('',*,*,#2144,.F.);
#2855=ORIENTED_EDGE('',*,*,#2145,.F.);
#2856=ORIENTED_EDGE('',*,*,#2138,.F.);
#2857=ORIENTED_EDGE('',*,*,#2022,.T.);
#2858=ORIENTED_EDGE('',*,*,#2032,.T.);
#2859=ORIENTED_EDGE('',*,*,#2029,.T.);
#2860=ORIENTED_EDGE('',*,*,#2026,.T.);
#2861=ORIENTED_EDGE('',*,*,#2058,.T.);
#2862=ORIENTED_EDGE('',*,*,#2071,.T.);
#2863=ORIENTED_EDGE('',*,*,#2068,.T.);
#2864=ORIENTED_EDGE('',*,*,#2065,.T.);
#2865=ORIENTED_EDGE('',*,*,#2062,.T.);
#2866=ORIENTED_EDGE('',*,*,#2085,.T.);
#2867=ORIENTED_EDGE('',*,*,#2107,.T.);
#2868=ORIENTED_EDGE('',*,*,#2104,.T.);
#2869=ORIENTED_EDGE('',*,*,#2101,.T.);
#2870=ORIENTED_EDGE('',*,*,#2098,.T.);
#2871=ORIENTED_EDGE('',*,*,#2095,.T.);
#2872=ORIENTED_EDGE('',*,*,#2092,.T.);
#2873=ORIENTED_EDGE('',*,*,#2089,.T.);
#2874=ORIENTED_EDGE('',*,*,#2146,.F.);
#2875=ORIENTED_EDGE('',*,*,#2147,.F.);
#2876=ORIENTED_EDGE('',*,*,#2148,.F.);
#2877=ORIENTED_EDGE('',*,*,#2149,.F.);
#2878=ORIENTED_EDGE('',*,*,#2150,.F.);
#2879=ORIENTED_EDGE('',*,*,#2151,.F.);
#2880=ORIENTED_EDGE('',*,*,#2152,.F.);
#2881=ORIENTED_EDGE('',*,*,#2153,.F.);
#2882=ORIENTED_EDGE('',*,*,#2154,.F.);
#2883=ORIENTED_EDGE('',*,*,#2155,.F.);
#2884=ORIENTED_EDGE('',*,*,#2156,.F.);
#2885=ORIENTED_EDGE('',*,*,#2157,.F.);
#2886=ORIENTED_EDGE('',*,*,#2158,.F.);
#2887=ORIENTED_EDGE('',*,*,#2159,.F.);
#2888=ORIENTED_EDGE('',*,*,#2160,.F.);
#2889=ORIENTED_EDGE('',*,*,#2161,.T.);
#2890=ORIENTED_EDGE('',*,*,#2162,.T.);
#2891=ORIENTED_EDGE('',*,*,#2163,.T.);
#2892=ORIENTED_EDGE('',*,*,#2164,.T.);
#2893=ORIENTED_EDGE('',*,*,#2165,.T.);
#2894=ORIENTED_EDGE('',*,*,#2166,.T.);
#2895=ORIENTED_EDGE('',*,*,#2167,.T.);
#2896=ORIENTED_EDGE('',*,*,#2168,.T.);
#2897=ORIENTED_EDGE('',*,*,#2073,.T.);
#2898=ORIENTED_EDGE('',*,*,#2083,.T.);
#2899=ORIENTED_EDGE('',*,*,#2080,.T.);
#2900=ORIENTED_EDGE('',*,*,#2077,.T.);
#2901=ORIENTED_EDGE('',*,*,#2034,.T.);
#2902=ORIENTED_EDGE('',*,*,#2056,.T.);
#2903=ORIENTED_EDGE('',*,*,#2053,.T.);
#2904=ORIENTED_EDGE('',*,*,#2050,.T.);
#2905=ORIENTED_EDGE('',*,*,#2047,.T.);
#2906=ORIENTED_EDGE('',*,*,#2044,.T.);
#2907=ORIENTED_EDGE('',*,*,#2041,.T.);
#2908=ORIENTED_EDGE('',*,*,#2038,.T.);
#2909=ORIENTED_EDGE('',*,*,#1998,.T.);
#2910=ORIENTED_EDGE('',*,*,#2020,.T.);
#2911=ORIENTED_EDGE('',*,*,#2017,.T.);
#2912=ORIENTED_EDGE('',*,*,#2014,.T.);
#2913=ORIENTED_EDGE('',*,*,#2011,.T.);
#2914=ORIENTED_EDGE('',*,*,#2008,.T.);
#2915=ORIENTED_EDGE('',*,*,#2005,.T.);
#2916=ORIENTED_EDGE('',*,*,#2002,.T.);
#2917=ORIENTED_EDGE('',*,*,#2126,.T.);
#2918=ORIENTED_EDGE('',*,*,#2125,.T.);
#2919=ORIENTED_EDGE('',*,*,#2124,.T.);
#2920=ORIENTED_EDGE('',*,*,#2169,.F.);
#2921=ORIENTED_EDGE('',*,*,#2170,.F.);
#2922=ORIENTED_EDGE('',*,*,#2171,.F.);
#2923=ORIENTED_EDGE('',*,*,#2172,.F.);
#2924=ORIENTED_EDGE('',*,*,#2173,.F.);
#2925=ORIENTED_EDGE('',*,*,#2121,.T.);
#2926=ORIENTED_EDGE('',*,*,#2120,.T.);
#2927=ORIENTED_EDGE('',*,*,#2119,.T.);
#2928=ORIENTED_EDGE('',*,*,#2174,.F.);
#2929=ORIENTED_EDGE('',*,*,#2175,.T.);
#2930=ORIENTED_EDGE('',*,*,#2176,.T.);
#2931=ORIENTED_EDGE('',*,*,#2177,.T.);
#2932=ORIENTED_EDGE('',*,*,#2178,.T.);
#2933=ORIENTED_EDGE('',*,*,#2179,.T.);
#2934=ORIENTED_EDGE('',*,*,#2180,.T.);
#2935=ORIENTED_EDGE('',*,*,#2181,.T.);
#2936=ORIENTED_EDGE('',*,*,#2182,.T.);
#2937=ORIENTED_EDGE('',*,*,#2183,.T.);
#2938=ORIENTED_EDGE('',*,*,#2184,.T.);
#2939=ORIENTED_EDGE('',*,*,#2185,.T.);
#2940=ORIENTED_EDGE('',*,*,#2186,.T.);
#2941=ORIENTED_EDGE('',*,*,#2187,.T.);
#2942=ORIENTED_EDGE('',*,*,#2188,.T.);
#2943=ORIENTED_EDGE('',*,*,#2189,.T.);
#2944=ORIENTED_EDGE('',*,*,#2190,.T.);
#2945=ORIENTED_EDGE('',*,*,#2191,.F.);
#2946=ORIENTED_EDGE('',*,*,#2192,.F.);
#2947=ORIENTED_EDGE('',*,*,#2193,.F.);
#2948=ORIENTED_EDGE('',*,*,#2194,.F.);
#2949=ORIENTED_EDGE('',*,*,#2195,.F.);
#2950=ORIENTED_EDGE('',*,*,#2196,.T.);
#2951=ORIENTED_EDGE('',*,*,#2197,.T.);
#2952=ORIENTED_EDGE('',*,*,#2198,.T.);
#2953=ORIENTED_EDGE('',*,*,#2199,.T.);
#2954=ORIENTED_EDGE('',*,*,#2200,.T.);
#2955=ORIENTED_EDGE('',*,*,#2201,.T.);
#2956=ORIENTED_EDGE('',*,*,#2202,.T.);
#2957=ORIENTED_EDGE('',*,*,#2203,.F.);
#2958=ORIENTED_EDGE('',*,*,#2204,.T.);
#2959=ORIENTED_EDGE('',*,*,#2205,.T.);
#2960=ORIENTED_EDGE('',*,*,#2206,.T.);
#2961=ORIENTED_EDGE('',*,*,#2207,.T.);
#2962=ORIENTED_EDGE('',*,*,#2208,.T.);
#2963=ORIENTED_EDGE('',*,*,#2209,.T.);
#2964=ORIENTED_EDGE('',*,*,#2210,.T.);
#2965=ORIENTED_EDGE('',*,*,#2211,.F.);
#2966=ORIENTED_EDGE('',*,*,#2212,.F.);
#2967=ORIENTED_EDGE('',*,*,#2213,.F.);
#2968=ORIENTED_EDGE('',*,*,#2214,.F.);
#2969=ORIENTED_EDGE('',*,*,#2215,.F.);
#2970=ORIENTED_EDGE('',*,*,#2216,.T.);
#2971=ORIENTED_EDGE('',*,*,#2217,.T.);
#2972=ORIENTED_EDGE('',*,*,#2218,.T.);
#2973=ORIENTED_EDGE('',*,*,#2219,.T.);
#2974=ORIENTED_EDGE('',*,*,#2220,.T.);
#2975=ORIENTED_EDGE('',*,*,#2221,.T.);
#2976=ORIENTED_EDGE('',*,*,#2222,.T.);
#2977=ORIENTED_EDGE('',*,*,#2223,.F.);
#2978=ORIENTED_EDGE('',*,*,#2224,.T.);
#2979=ORIENTED_EDGE('',*,*,#2225,.T.);
#2980=ORIENTED_EDGE('',*,*,#2226,.T.);
#2981=ORIENTED_EDGE('',*,*,#2227,.T.);
#2982=ORIENTED_EDGE('',*,*,#2228,.T.);
#2983=ORIENTED_EDGE('',*,*,#2229,.T.);
#2984=ORIENTED_EDGE('',*,*,#2230,.T.);
#2985=ORIENTED_EDGE('',*,*,#2231,.F.);
#2986=ORIENTED_EDGE('',*,*,#2232,.F.);
#2987=ORIENTED_EDGE('',*,*,#2233,.F.);
#2988=ORIENTED_EDGE('',*,*,#2234,.F.);
#2989=ORIENTED_EDGE('',*,*,#2235,.F.);
#2990=ORIENTED_EDGE('',*,*,#2236,.T.);
#2991=ORIENTED_EDGE('',*,*,#2237,.T.);
#2992=ORIENTED_EDGE('',*,*,#2238,.T.);
#2993=ORIENTED_EDGE('',*,*,#2239,.T.);
#2994=ORIENTED_EDGE('',*,*,#2240,.T.);
#2995=ORIENTED_EDGE('',*,*,#2241,.T.);
#2996=ORIENTED_EDGE('',*,*,#2242,.T.);
#2997=ORIENTED_EDGE('',*,*,#2243,.T.);
#2998=ORIENTED_EDGE('',*,*,#2244,.T.);
#2999=ORIENTED_EDGE('',*,*,#2245,.T.);
#3000=ORIENTED_EDGE('',*,*,#2246,.T.);
#3001=ORIENTED_EDGE('',*,*,#2247,.T.);
#3002=ORIENTED_EDGE('',*,*,#2248,.T.);
#3003=ORIENTED_EDGE('',*,*,#2249,.T.);
#3004=ORIENTED_EDGE('',*,*,#2250,.T.);
#3005=ORIENTED_EDGE('',*,*,#1995,.T.);
#3006=ORIENTED_EDGE('',*,*,#1992,.T.);
#3007=ORIENTED_EDGE('',*,*,#1989,.T.);
#3008=ORIENTED_EDGE('',*,*,#1986,.T.);
#3009=ORIENTED_EDGE('',*,*,#1983,.T.);
#3010=ORIENTED_EDGE('',*,*,#1980,.T.);
#3011=ORIENTED_EDGE('',*,*,#1977,.T.);
#3012=ORIENTED_EDGE('',*,*,#1974,.T.);
#3013=ORIENTED_EDGE('',*,*,#1971,.T.);
#3014=ORIENTED_EDGE('',*,*,#1968,.T.);
#3015=ORIENTED_EDGE('',*,*,#2139,.F.);
#3016=ORIENTED_EDGE('',*,*,#2135,.T.);
#3017=ORIENTED_EDGE('',*,*,#2134,.T.);
#3018=ORIENTED_EDGE('',*,*,#2251,.T.);
#3019=ORIENTED_EDGE('',*,*,#2114,.T.);
#3020=ORIENTED_EDGE('',*,*,#2113,.T.);
#3021=ORIENTED_EDGE('',*,*,#2252,.T.);
#3022=ORIENTED_EDGE('',*,*,#2141,.T.);
#3023=ORIENTED_EDGE('',*,*,#2109,.F.);
#3024=ORIENTED_EDGE('',*,*,#2116,.F.);
#3025=ORIENTED_EDGE('',*,*,#2253,.T.);
#3026=ORIENTED_EDGE('',*,*,#2254,.T.);
#3027=ORIENTED_EDGE('',*,*,#2142,.T.);
#3028=ORIENTED_EDGE('',*,*,#2252,.F.);
#3029=ORIENTED_EDGE('',*,*,#2255,.T.);
#3030=ORIENTED_EDGE('',*,*,#2256,.T.);
#3031=ORIENTED_EDGE('',*,*,#2143,.T.);
#3032=ORIENTED_EDGE('',*,*,#2254,.F.);
#3033=ORIENTED_EDGE('',*,*,#2257,.T.);
#3034=ORIENTED_EDGE('',*,*,#2258,.T.);
#3035=ORIENTED_EDGE('',*,*,#2144,.T.);
#3036=ORIENTED_EDGE('',*,*,#2256,.F.);
#3037=ORIENTED_EDGE('',*,*,#2259,.T.);
#3038=ORIENTED_EDGE('',*,*,#2130,.T.);
#3039=ORIENTED_EDGE('',*,*,#2133,.T.);
#3040=ORIENTED_EDGE('',*,*,#2145,.T.);
#3041=ORIENTED_EDGE('',*,*,#2258,.F.);
#3042=ORIENTED_EDGE('',*,*,#2260,.T.);
#3043=ORIENTED_EDGE('',*,*,#2261,.T.);
#3044=ORIENTED_EDGE('',*,*,#2262,.T.);
#3045=ORIENTED_EDGE('',*,*,#2263,.T.);
#3046=ORIENTED_EDGE('',*,*,#2171,.T.);
#3047=ORIENTED_EDGE('',*,*,#2264,.T.);
#3048=ORIENTED_EDGE('',*,*,#2172,.T.);
#3049=ORIENTED_EDGE('',*,*,#2263,.F.);
#3050=ORIENTED_EDGE('',*,*,#2265,.T.);
#3051=ORIENTED_EDGE('',*,*,#2122,.T.);
#3052=ORIENTED_EDGE('',*,*,#2173,.T.);
#3053=ORIENTED_EDGE('',*,*,#2264,.F.);
#3054=ORIENTED_EDGE('',*,*,#2266,.T.);
#3055=ORIENTED_EDGE('',*,*,#2127,.T.);
#3056=ORIENTED_EDGE('',*,*,#2174,.T.);
#3057=ORIENTED_EDGE('',*,*,#2118,.F.);
#3058=ORIENTED_EDGE('',*,*,#2267,.T.);
#3059=ORIENTED_EDGE('',*,*,#2268,.T.);
#3060=ORIENTED_EDGE('',*,*,#2169,.T.);
#3061=ORIENTED_EDGE('',*,*,#2132,.F.);
#3062=ORIENTED_EDGE('',*,*,#2269,.T.);
#3063=ORIENTED_EDGE('',*,*,#2268,.F.);
#3064=ORIENTED_EDGE('',*,*,#2270,.T.);
#3065=ORIENTED_EDGE('',*,*,#2261,.F.);
#3066=ORIENTED_EDGE('',*,*,#2170,.T.);
#3067=ORIENTED_EDGE('',*,*,#2253,.F.);
#3068=ORIENTED_EDGE('',*,*,#2123,.F.);
#3069=ORIENTED_EDGE('',*,*,#2266,.F.);
#3070=ORIENTED_EDGE('',*,*,#2271,.T.);
#3071=ORIENTED_EDGE('',*,*,#2255,.F.);
#3072=ORIENTED_EDGE('',*,*,#2271,.F.);
#3073=ORIENTED_EDGE('',*,*,#2265,.F.);
#3074=ORIENTED_EDGE('',*,*,#2272,.T.);
#3075=ORIENTED_EDGE('',*,*,#2257,.F.);
#3076=ORIENTED_EDGE('',*,*,#2272,.F.);
#3077=ORIENTED_EDGE('',*,*,#2262,.F.);
#3078=ORIENTED_EDGE('',*,*,#2273,.T.);
#3079=ORIENTED_EDGE('',*,*,#2274,.T.);
#3080=ORIENTED_EDGE('',*,*,#2275,.T.);
#3081=ORIENTED_EDGE('',*,*,#2276,.T.);
#3082=ORIENTED_EDGE('',*,*,#2146,.T.);
#3083=ORIENTED_EDGE('',*,*,#2277,.T.);
#3084=ORIENTED_EDGE('',*,*,#2147,.T.);
#3085=ORIENTED_EDGE('',*,*,#2276,.F.);
#3086=ORIENTED_EDGE('',*,*,#2278,.T.);
#3087=ORIENTED_EDGE('',*,*,#2279,.T.);
#3088=ORIENTED_EDGE('',*,*,#2148,.T.);
#3089=ORIENTED_EDGE('',*,*,#2277,.F.);
#3090=ORIENTED_EDGE('',*,*,#2280,.T.);
#3091=ORIENTED_EDGE('',*,*,#2281,.T.);
#3092=ORIENTED_EDGE('',*,*,#2149,.T.);
#3093=ORIENTED_EDGE('',*,*,#2279,.F.);
#3094=ORIENTED_EDGE('',*,*,#2282,.T.);
#3095=ORIENTED_EDGE('',*,*,#2283,.T.);
#3096=ORIENTED_EDGE('',*,*,#2150,.T.);
#3097=ORIENTED_EDGE('',*,*,#2281,.F.);
#3098=ORIENTED_EDGE('',*,*,#2284,.T.);
#3099=ORIENTED_EDGE('',*,*,#2285,.T.);
#3100=ORIENTED_EDGE('',*,*,#2151,.T.);
#3101=ORIENTED_EDGE('',*,*,#2283,.F.);
#3102=ORIENTED_EDGE('',*,*,#2286,.T.);
#3103=ORIENTED_EDGE('',*,*,#2287,.T.);
#3104=ORIENTED_EDGE('',*,*,#2152,.T.);
#3105=ORIENTED_EDGE('',*,*,#2285,.F.);
#3106=ORIENTED_EDGE('',*,*,#2288,.T.);
#3107=ORIENTED_EDGE('',*,*,#2289,.T.);
#3108=ORIENTED_EDGE('',*,*,#2153,.T.);
#3109=ORIENTED_EDGE('',*,*,#2287,.F.);
#3110=ORIENTED_EDGE('',*,*,#2290,.T.);
#3111=ORIENTED_EDGE('',*,*,#2291,.T.);
#3112=ORIENTED_EDGE('',*,*,#2154,.T.);
#3113=ORIENTED_EDGE('',*,*,#2289,.F.);
#3114=ORIENTED_EDGE('',*,*,#2292,.T.);
#3115=ORIENTED_EDGE('',*,*,#2291,.F.);
#3116=ORIENTED_EDGE('',*,*,#2293,.T.);
#3117=ORIENTED_EDGE('',*,*,#2294,.T.);
#3118=ORIENTED_EDGE('',*,*,#2155,.T.);
#3119=ORIENTED_EDGE('',*,*,#2295,.T.);
#3120=ORIENTED_EDGE('',*,*,#2156,.T.);
#3121=ORIENTED_EDGE('',*,*,#2294,.F.);
#3122=ORIENTED_EDGE('',*,*,#2296,.T.);
#3123=ORIENTED_EDGE('',*,*,#2297,.T.);
#3124=ORIENTED_EDGE('',*,*,#2157,.T.);
#3125=ORIENTED_EDGE('',*,*,#2295,.F.);
#3126=ORIENTED_EDGE('',*,*,#2298,.T.);
#3127=ORIENTED_EDGE('',*,*,#2299,.T.);
#3128=ORIENTED_EDGE('',*,*,#2158,.T.);
#3129=ORIENTED_EDGE('',*,*,#2297,.F.);
#3130=ORIENTED_EDGE('',*,*,#2300,.T.);
#3131=ORIENTED_EDGE('',*,*,#2301,.T.);
#3132=ORIENTED_EDGE('',*,*,#2159,.T.);
#3133=ORIENTED_EDGE('',*,*,#2299,.F.);
#3134=ORIENTED_EDGE('',*,*,#2302,.T.);
#3135=ORIENTED_EDGE('',*,*,#2274,.F.);
#3136=ORIENTED_EDGE('',*,*,#2160,.T.);
#3137=ORIENTED_EDGE('',*,*,#2301,.F.);
#3138=ORIENTED_EDGE('',*,*,#2303,.T.);
#3139=ORIENTED_EDGE('',*,*,#2290,.F.);
#3140=ORIENTED_EDGE('',*,*,#2304,.F.);
#3141=ORIENTED_EDGE('',*,*,#2305,.F.);
#3142=ORIENTED_EDGE('',*,*,#2306,.F.);
#3143=ORIENTED_EDGE('',*,*,#2183,.F.);
#3144=ORIENTED_EDGE('',*,*,#2307,.T.);
#3145=ORIENTED_EDGE('',*,*,#2308,.T.);
#3146=ORIENTED_EDGE('',*,*,#2288,.F.);
#3147=ORIENTED_EDGE('',*,*,#2309,.F.);
#3148=ORIENTED_EDGE('',*,*,#2191,.T.);
#3149=ORIENTED_EDGE('',*,*,#2310,.T.);
#3150=ORIENTED_EDGE('',*,*,#2311,.F.);
#3151=ORIENTED_EDGE('',*,*,#2304,.T.);
#3152=ORIENTED_EDGE('',*,*,#2286,.F.);
#3153=ORIENTED_EDGE('',*,*,#2312,.F.);
#3154=ORIENTED_EDGE('',*,*,#2192,.T.);
#3155=ORIENTED_EDGE('',*,*,#2309,.T.);
#3156=ORIENTED_EDGE('',*,*,#2284,.F.);
#3157=ORIENTED_EDGE('',*,*,#2313,.F.);
#3158=ORIENTED_EDGE('',*,*,#2193,.T.);
#3159=ORIENTED_EDGE('',*,*,#2312,.T.);
#3160=ORIENTED_EDGE('',*,*,#2282,.F.);
#3161=ORIENTED_EDGE('',*,*,#2314,.F.);
#3162=ORIENTED_EDGE('',*,*,#2194,.T.);
#3163=ORIENTED_EDGE('',*,*,#2313,.T.);
#3164=ORIENTED_EDGE('',*,*,#2280,.F.);
#3165=ORIENTED_EDGE('',*,*,#2315,.F.);
#3166=ORIENTED_EDGE('',*,*,#2211,.T.);
#3167=ORIENTED_EDGE('',*,*,#2316,.F.);
#3168=ORIENTED_EDGE('',*,*,#2317,.T.);
#3169=ORIENTED_EDGE('',*,*,#2318,.T.);
#3170=ORIENTED_EDGE('',*,*,#2203,.T.);
#3171=ORIENTED_EDGE('',*,*,#2319,.F.);
#3172=ORIENTED_EDGE('',*,*,#2320,.T.);
#3173=ORIENTED_EDGE('',*,*,#2321,.T.);
#3174=ORIENTED_EDGE('',*,*,#2195,.T.);
#3175=ORIENTED_EDGE('',*,*,#2314,.T.);
#3176=ORIENTED_EDGE('',*,*,#2278,.F.);
#3177=ORIENTED_EDGE('',*,*,#2322,.F.);
#3178=ORIENTED_EDGE('',*,*,#2212,.T.);
#3179=ORIENTED_EDGE('',*,*,#2315,.T.);
#3180=ORIENTED_EDGE('',*,*,#2275,.F.);
#3181=ORIENTED_EDGE('',*,*,#2323,.F.);
#3182=ORIENTED_EDGE('',*,*,#2213,.T.);
#3183=ORIENTED_EDGE('',*,*,#2322,.T.);
#3184=ORIENTED_EDGE('',*,*,#2292,.F.);
#3185=ORIENTED_EDGE('',*,*,#2308,.F.);
#3186=ORIENTED_EDGE('',*,*,#2324,.F.);
#3187=ORIENTED_EDGE('',*,*,#2325,.F.);
#3188=ORIENTED_EDGE('',*,*,#2175,.F.);
#3189=ORIENTED_EDGE('',*,*,#2326,.T.);
#3190=ORIENTED_EDGE('',*,*,#2327,.T.);
#3191=ORIENTED_EDGE('',*,*,#2328,.F.);
#3192=ORIENTED_EDGE('',*,*,#2243,.F.);
#3193=ORIENTED_EDGE('',*,*,#2329,.T.);
#3194=ORIENTED_EDGE('',*,*,#2330,.T.);
#3195=ORIENTED_EDGE('',*,*,#2331,.T.);
#3196=ORIENTED_EDGE('',*,*,#2326,.F.);
#3197=ORIENTED_EDGE('',*,*,#2250,.F.);
#3198=ORIENTED_EDGE('',*,*,#2332,.T.);
#3199=ORIENTED_EDGE('',*,*,#2333,.T.);
#3200=ORIENTED_EDGE('',*,*,#2325,.T.);
#3201=ORIENTED_EDGE('',*,*,#2334,.T.);
#3202=ORIENTED_EDGE('',*,*,#2335,.F.);
#3203=ORIENTED_EDGE('',*,*,#2176,.F.);
#3204=ORIENTED_EDGE('',*,*,#2328,.T.);
#3205=ORIENTED_EDGE('',*,*,#2336,.T.);
#3206=ORIENTED_EDGE('',*,*,#2337,.F.);
#3207=ORIENTED_EDGE('',*,*,#2244,.F.);
#3208=ORIENTED_EDGE('',*,*,#2324,.T.);
#3209=ORIENTED_EDGE('',*,*,#2338,.F.);
#3210=ORIENTED_EDGE('',*,*,#2339,.F.);
#3211=ORIENTED_EDGE('',*,*,#2340,.F.);
#3212=ORIENTED_EDGE('',*,*,#2341,.F.);
#3213=ORIENTED_EDGE('',*,*,#2342,.F.);
#3214=ORIENTED_EDGE('',*,*,#2343,.F.);
#3215=ORIENTED_EDGE('',*,*,#2334,.F.);
#3216=ORIENTED_EDGE('',*,*,#2344,.T.);
#3217=ORIENTED_EDGE('',*,*,#2311,.T.);
#3218=ORIENTED_EDGE('',*,*,#2345,.F.);
#3219=ORIENTED_EDGE('',*,*,#2346,.F.);
#3220=ORIENTED_EDGE('',*,*,#2347,.F.);
#3221=ORIENTED_EDGE('',*,*,#2348,.F.);
#3222=ORIENTED_EDGE('',*,*,#2349,.F.);
#3223=ORIENTED_EDGE('',*,*,#2350,.F.);
#3224=ORIENTED_EDGE('',*,*,#2351,.F.);
#3225=ORIENTED_EDGE('',*,*,#2305,.T.);
#3226=ORIENTED_EDGE('',*,*,#2352,.T.);
#3227=ORIENTED_EDGE('',*,*,#2353,.F.);
#3228=ORIENTED_EDGE('',*,*,#2354,.T.);
#3229=ORIENTED_EDGE('',*,*,#2168,.F.);
#3230=ORIENTED_EDGE('',*,*,#2354,.F.);
#3231=ORIENTED_EDGE('',*,*,#2355,.F.);
#3232=ORIENTED_EDGE('',*,*,#2356,.T.);
#3233=ORIENTED_EDGE('',*,*,#2167,.F.);
#3234=ORIENTED_EDGE('',*,*,#2356,.F.);
#3235=ORIENTED_EDGE('',*,*,#2357,.F.);
#3236=ORIENTED_EDGE('',*,*,#2358,.T.);
#3237=ORIENTED_EDGE('',*,*,#2166,.F.);
#3238=ORIENTED_EDGE('',*,*,#2358,.F.);
#3239=ORIENTED_EDGE('',*,*,#2344,.F.);
#3240=ORIENTED_EDGE('',*,*,#2359,.T.);
#3241=ORIENTED_EDGE('',*,*,#2165,.F.);
#3242=ORIENTED_EDGE('',*,*,#2359,.F.);
#3243=ORIENTED_EDGE('',*,*,#2360,.F.);
#3244=ORIENTED_EDGE('',*,*,#2361,.T.);
#3245=ORIENTED_EDGE('',*,*,#2164,.F.);
#3246=ORIENTED_EDGE('',*,*,#2361,.F.);
#3247=ORIENTED_EDGE('',*,*,#2362,.F.);
#3248=ORIENTED_EDGE('',*,*,#2363,.T.);
#3249=ORIENTED_EDGE('',*,*,#2163,.F.);
#3250=ORIENTED_EDGE('',*,*,#2363,.F.);
#3251=ORIENTED_EDGE('',*,*,#2364,.F.);
#3252=ORIENTED_EDGE('',*,*,#2365,.T.);
#3253=ORIENTED_EDGE('',*,*,#2162,.F.);
#3254=ORIENTED_EDGE('',*,*,#2365,.F.);
#3255=ORIENTED_EDGE('',*,*,#2352,.F.);
#3256=ORIENTED_EDGE('',*,*,#2366,.T.);
#3257=ORIENTED_EDGE('',*,*,#2161,.F.);
#3258=ORIENTED_EDGE('',*,*,#2366,.F.);
#3259=ORIENTED_EDGE('',*,*,#2182,.F.);
#3260=ORIENTED_EDGE('',*,*,#2367,.T.);
#3261=ORIENTED_EDGE('',*,*,#2338,.T.);
#3262=ORIENTED_EDGE('',*,*,#2307,.F.);
#3263=ORIENTED_EDGE('',*,*,#2181,.F.);
#3264=ORIENTED_EDGE('',*,*,#2368,.T.);
#3265=ORIENTED_EDGE('',*,*,#2339,.T.);
#3266=ORIENTED_EDGE('',*,*,#2367,.F.);
#3267=ORIENTED_EDGE('',*,*,#2180,.F.);
#3268=ORIENTED_EDGE('',*,*,#2369,.T.);
#3269=ORIENTED_EDGE('',*,*,#2340,.T.);
#3270=ORIENTED_EDGE('',*,*,#2368,.F.);
#3271=ORIENTED_EDGE('',*,*,#2179,.F.);
#3272=ORIENTED_EDGE('',*,*,#2370,.T.);
#3273=ORIENTED_EDGE('',*,*,#2341,.T.);
#3274=ORIENTED_EDGE('',*,*,#2369,.F.);
#3275=ORIENTED_EDGE('',*,*,#2178,.F.);
#3276=ORIENTED_EDGE('',*,*,#2371,.T.);
#3277=ORIENTED_EDGE('',*,*,#2342,.T.);
#3278=ORIENTED_EDGE('',*,*,#2370,.F.);
#3279=ORIENTED_EDGE('',*,*,#2177,.F.);
#3280=ORIENTED_EDGE('',*,*,#2335,.T.);
#3281=ORIENTED_EDGE('',*,*,#2343,.T.);
#3282=ORIENTED_EDGE('',*,*,#2371,.F.);
#3283=ORIENTED_EDGE('',*,*,#2217,.F.);
#3284=ORIENTED_EDGE('',*,*,#2372,.T.);
#3285=ORIENTED_EDGE('',*,*,#2373,.T.);
#3286=ORIENTED_EDGE('',*,*,#2374,.F.);
#3287=ORIENTED_EDGE('',*,*,#2216,.F.);
#3288=ORIENTED_EDGE('',*,*,#2375,.F.);
#3289=ORIENTED_EDGE('',*,*,#2376,.T.);
#3290=ORIENTED_EDGE('',*,*,#2372,.F.);
#3291=ORIENTED_EDGE('',*,*,#2222,.F.);
#3292=ORIENTED_EDGE('',*,*,#2377,.T.);
#3293=ORIENTED_EDGE('',*,*,#2378,.T.);
#3294=ORIENTED_EDGE('',*,*,#2379,.T.);
#3295=ORIENTED_EDGE('',*,*,#2221,.F.);
#3296=ORIENTED_EDGE('',*,*,#2380,.T.);
#3297=ORIENTED_EDGE('',*,*,#2381,.T.);
#3298=ORIENTED_EDGE('',*,*,#2377,.F.);
#3299=ORIENTED_EDGE('',*,*,#2220,.F.);
#3300=ORIENTED_EDGE('',*,*,#2382,.T.);
#3301=ORIENTED_EDGE('',*,*,#2383,.T.);
#3302=ORIENTED_EDGE('',*,*,#2380,.F.);
#3303=ORIENTED_EDGE('',*,*,#2219,.F.);
#3304=ORIENTED_EDGE('',*,*,#2384,.T.);
#3305=ORIENTED_EDGE('',*,*,#2385,.T.);
#3306=ORIENTED_EDGE('',*,*,#2382,.F.);
#3307=ORIENTED_EDGE('',*,*,#2218,.F.);
#3308=ORIENTED_EDGE('',*,*,#2374,.T.);
#3309=ORIENTED_EDGE('',*,*,#2386,.T.);
#3310=ORIENTED_EDGE('',*,*,#2384,.F.);
#3311=ORIENTED_EDGE('',*,*,#2386,.F.);
#3312=ORIENTED_EDGE('',*,*,#2373,.F.);
#3313=ORIENTED_EDGE('',*,*,#2376,.F.);
#3314=ORIENTED_EDGE('',*,*,#2387,.F.);
#3315=ORIENTED_EDGE('',*,*,#2378,.F.);
#3316=ORIENTED_EDGE('',*,*,#2381,.F.);
#3317=ORIENTED_EDGE('',*,*,#2383,.F.);
#3318=ORIENTED_EDGE('',*,*,#2385,.F.);
#3319=ORIENTED_EDGE('',*,*,#2357,.T.);
#3320=ORIENTED_EDGE('',*,*,#2207,.F.);
#3321=ORIENTED_EDGE('',*,*,#2388,.T.);
#3322=ORIENTED_EDGE('',*,*,#2389,.T.);
#3323=ORIENTED_EDGE('',*,*,#2390,.F.);
#3324=ORIENTED_EDGE('',*,*,#2206,.F.);
#3325=ORIENTED_EDGE('',*,*,#2391,.T.);
#3326=ORIENTED_EDGE('',*,*,#2392,.T.);
#3327=ORIENTED_EDGE('',*,*,#2388,.F.);
#3328=ORIENTED_EDGE('',*,*,#2205,.F.);
#3329=ORIENTED_EDGE('',*,*,#2393,.T.);
#3330=ORIENTED_EDGE('',*,*,#2394,.T.);
#3331=ORIENTED_EDGE('',*,*,#2391,.F.);
#3332=ORIENTED_EDGE('',*,*,#2204,.F.);
#3333=ORIENTED_EDGE('',*,*,#2318,.F.);
#3334=ORIENTED_EDGE('',*,*,#2395,.T.);
#3335=ORIENTED_EDGE('',*,*,#2393,.F.);
#3336=ORIENTED_EDGE('',*,*,#2210,.F.);
#3337=ORIENTED_EDGE('',*,*,#2396,.T.);
#3338=ORIENTED_EDGE('',*,*,#2397,.T.);
#3339=ORIENTED_EDGE('',*,*,#2316,.T.);
#3340=ORIENTED_EDGE('',*,*,#2209,.F.);
#3341=ORIENTED_EDGE('',*,*,#2398,.T.);
#3342=ORIENTED_EDGE('',*,*,#2399,.T.);
#3343=ORIENTED_EDGE('',*,*,#2396,.F.);
#3344=ORIENTED_EDGE('',*,*,#2208,.F.);
#3345=ORIENTED_EDGE('',*,*,#2390,.T.);
#3346=ORIENTED_EDGE('',*,*,#2400,.T.);
#3347=ORIENTED_EDGE('',*,*,#2398,.F.);
#3348=ORIENTED_EDGE('',*,*,#2400,.F.);
#3349=ORIENTED_EDGE('',*,*,#2389,.F.);
#3350=ORIENTED_EDGE('',*,*,#2392,.F.);
#3351=ORIENTED_EDGE('',*,*,#2394,.F.);
#3352=ORIENTED_EDGE('',*,*,#2395,.F.);
#3353=ORIENTED_EDGE('',*,*,#2317,.F.);
#3354=ORIENTED_EDGE('',*,*,#2397,.F.);
#3355=ORIENTED_EDGE('',*,*,#2399,.F.);
#3356=ORIENTED_EDGE('',*,*,#2355,.T.);
#3357=ORIENTED_EDGE('',*,*,#2249,.F.);
#3358=ORIENTED_EDGE('',*,*,#2401,.T.);
#3359=ORIENTED_EDGE('',*,*,#2402,.T.);
#3360=ORIENTED_EDGE('',*,*,#2332,.F.);
#3361=ORIENTED_EDGE('',*,*,#2248,.F.);
#3362=ORIENTED_EDGE('',*,*,#2403,.T.);
#3363=ORIENTED_EDGE('',*,*,#2404,.T.);
#3364=ORIENTED_EDGE('',*,*,#2401,.F.);
#3365=ORIENTED_EDGE('',*,*,#2247,.F.);
#3366=ORIENTED_EDGE('',*,*,#2405,.T.);
#3367=ORIENTED_EDGE('',*,*,#2406,.T.);
#3368=ORIENTED_EDGE('',*,*,#2403,.F.);
#3369=ORIENTED_EDGE('',*,*,#2246,.F.);
#3370=ORIENTED_EDGE('',*,*,#2407,.T.);
#3371=ORIENTED_EDGE('',*,*,#2408,.T.);
#3372=ORIENTED_EDGE('',*,*,#2405,.F.);
#3373=ORIENTED_EDGE('',*,*,#2245,.F.);
#3374=ORIENTED_EDGE('',*,*,#2337,.T.);
#3375=ORIENTED_EDGE('',*,*,#2409,.T.);
#3376=ORIENTED_EDGE('',*,*,#2407,.F.);
#3377=ORIENTED_EDGE('',*,*,#2409,.F.);
#3378=ORIENTED_EDGE('',*,*,#2336,.F.);
#3379=ORIENTED_EDGE('',*,*,#2327,.F.);
#3380=ORIENTED_EDGE('',*,*,#2333,.F.);
#3381=ORIENTED_EDGE('',*,*,#2402,.F.);
#3382=ORIENTED_EDGE('',*,*,#2404,.F.);
#3383=ORIENTED_EDGE('',*,*,#2406,.F.);
#3384=ORIENTED_EDGE('',*,*,#2408,.F.);
#3385=ORIENTED_EDGE('',*,*,#2353,.T.);
#3386=ORIENTED_EDGE('',*,*,#2184,.F.);
#3387=ORIENTED_EDGE('',*,*,#2306,.T.);
#3388=ORIENTED_EDGE('',*,*,#2351,.T.);
#3389=ORIENTED_EDGE('',*,*,#2410,.F.);
#3390=ORIENTED_EDGE('',*,*,#2345,.T.);
#3391=ORIENTED_EDGE('',*,*,#2310,.F.);
#3392=ORIENTED_EDGE('',*,*,#2190,.F.);
#3393=ORIENTED_EDGE('',*,*,#2411,.T.);
#3394=ORIENTED_EDGE('',*,*,#2189,.F.);
#3395=ORIENTED_EDGE('',*,*,#2412,.T.);
#3396=ORIENTED_EDGE('',*,*,#2346,.T.);
#3397=ORIENTED_EDGE('',*,*,#2411,.F.);
#3398=ORIENTED_EDGE('',*,*,#2188,.F.);
#3399=ORIENTED_EDGE('',*,*,#2413,.T.);
#3400=ORIENTED_EDGE('',*,*,#2347,.T.);
#3401=ORIENTED_EDGE('',*,*,#2412,.F.);
#3402=ORIENTED_EDGE('',*,*,#2187,.F.);
#3403=ORIENTED_EDGE('',*,*,#2414,.T.);
#3404=ORIENTED_EDGE('',*,*,#2348,.T.);
#3405=ORIENTED_EDGE('',*,*,#2413,.F.);
#3406=ORIENTED_EDGE('',*,*,#2186,.F.);
#3407=ORIENTED_EDGE('',*,*,#2415,.T.);
#3408=ORIENTED_EDGE('',*,*,#2349,.T.);
#3409=ORIENTED_EDGE('',*,*,#2414,.F.);
#3410=ORIENTED_EDGE('',*,*,#2185,.F.);
#3411=ORIENTED_EDGE('',*,*,#2410,.T.);
#3412=ORIENTED_EDGE('',*,*,#2350,.T.);
#3413=ORIENTED_EDGE('',*,*,#2415,.F.);
#3414=ORIENTED_EDGE('',*,*,#2228,.F.);
#3415=ORIENTED_EDGE('',*,*,#2416,.T.);
#3416=ORIENTED_EDGE('',*,*,#2417,.T.);
#3417=ORIENTED_EDGE('',*,*,#2418,.F.);
#3418=ORIENTED_EDGE('',*,*,#2227,.F.);
#3419=ORIENTED_EDGE('',*,*,#2419,.T.);
#3420=ORIENTED_EDGE('',*,*,#2420,.T.);
#3421=ORIENTED_EDGE('',*,*,#2416,.F.);
#3422=ORIENTED_EDGE('',*,*,#2226,.F.);
#3423=ORIENTED_EDGE('',*,*,#2421,.T.);
#3424=ORIENTED_EDGE('',*,*,#2422,.T.);
#3425=ORIENTED_EDGE('',*,*,#2419,.F.);
#3426=ORIENTED_EDGE('',*,*,#2225,.F.);
#3427=ORIENTED_EDGE('',*,*,#2423,.T.);
#3428=ORIENTED_EDGE('',*,*,#2424,.T.);
#3429=ORIENTED_EDGE('',*,*,#2421,.F.);
#3430=ORIENTED_EDGE('',*,*,#2224,.F.);
#3431=ORIENTED_EDGE('',*,*,#2425,.F.);
#3432=ORIENTED_EDGE('',*,*,#2426,.T.);
#3433=ORIENTED_EDGE('',*,*,#2423,.F.);
#3434=ORIENTED_EDGE('',*,*,#2230,.F.);
#3435=ORIENTED_EDGE('',*,*,#2427,.T.);
#3436=ORIENTED_EDGE('',*,*,#2428,.T.);
#3437=ORIENTED_EDGE('',*,*,#2429,.T.);
#3438=ORIENTED_EDGE('',*,*,#2229,.F.);
#3439=ORIENTED_EDGE('',*,*,#2418,.T.);
#3440=ORIENTED_EDGE('',*,*,#2430,.T.);
#3441=ORIENTED_EDGE('',*,*,#2427,.F.);
#3442=ORIENTED_EDGE('',*,*,#2430,.F.);
#3443=ORIENTED_EDGE('',*,*,#2417,.F.);
#3444=ORIENTED_EDGE('',*,*,#2420,.F.);
#3445=ORIENTED_EDGE('',*,*,#2422,.F.);
#3446=ORIENTED_EDGE('',*,*,#2424,.F.);
#3447=ORIENTED_EDGE('',*,*,#2426,.F.);
#3448=ORIENTED_EDGE('',*,*,#2431,.F.);
#3449=ORIENTED_EDGE('',*,*,#2428,.F.);
#3450=ORIENTED_EDGE('',*,*,#2364,.T.);
#3451=ORIENTED_EDGE('',*,*,#2199,.F.);
#3452=ORIENTED_EDGE('',*,*,#2432,.T.);
#3453=ORIENTED_EDGE('',*,*,#2433,.T.);
#3454=ORIENTED_EDGE('',*,*,#2434,.F.);
#3455=ORIENTED_EDGE('',*,*,#2198,.F.);
#3456=ORIENTED_EDGE('',*,*,#2435,.T.);
#3457=ORIENTED_EDGE('',*,*,#2436,.T.);
#3458=ORIENTED_EDGE('',*,*,#2432,.F.);
#3459=ORIENTED_EDGE('',*,*,#2197,.F.);
#3460=ORIENTED_EDGE('',*,*,#2437,.T.);
#3461=ORIENTED_EDGE('',*,*,#2438,.T.);
#3462=ORIENTED_EDGE('',*,*,#2435,.F.);
#3463=ORIENTED_EDGE('',*,*,#2196,.F.);
#3464=ORIENTED_EDGE('',*,*,#2321,.F.);
#3465=ORIENTED_EDGE('',*,*,#2439,.T.);
#3466=ORIENTED_EDGE('',*,*,#2437,.F.);
#3467=ORIENTED_EDGE('',*,*,#2202,.F.);
#3468=ORIENTED_EDGE('',*,*,#2440,.T.);
#3469=ORIENTED_EDGE('',*,*,#2441,.T.);
#3470=ORIENTED_EDGE('',*,*,#2319,.T.);
#3471=ORIENTED_EDGE('',*,*,#2201,.F.);
#3472=ORIENTED_EDGE('',*,*,#2442,.T.);
#3473=ORIENTED_EDGE('',*,*,#2443,.T.);
#3474=ORIENTED_EDGE('',*,*,#2440,.F.);
#3475=ORIENTED_EDGE('',*,*,#2200,.F.);
#3476=ORIENTED_EDGE('',*,*,#2434,.T.);
#3477=ORIENTED_EDGE('',*,*,#2444,.T.);
#3478=ORIENTED_EDGE('',*,*,#2442,.F.);
#3479=ORIENTED_EDGE('',*,*,#2444,.F.);
#3480=ORIENTED_EDGE('',*,*,#2433,.F.);
#3481=ORIENTED_EDGE('',*,*,#2436,.F.);
#3482=ORIENTED_EDGE('',*,*,#2438,.F.);
#3483=ORIENTED_EDGE('',*,*,#2439,.F.);
#3484=ORIENTED_EDGE('',*,*,#2320,.F.);
#3485=ORIENTED_EDGE('',*,*,#2441,.F.);
#3486=ORIENTED_EDGE('',*,*,#2443,.F.);
#3487=ORIENTED_EDGE('',*,*,#2362,.T.);
#3488=ORIENTED_EDGE('',*,*,#2241,.F.);
#3489=ORIENTED_EDGE('',*,*,#2445,.T.);
#3490=ORIENTED_EDGE('',*,*,#2446,.T.);
#3491=ORIENTED_EDGE('',*,*,#2447,.F.);
#3492=ORIENTED_EDGE('',*,*,#2240,.F.);
#3493=ORIENTED_EDGE('',*,*,#2448,.T.);
#3494=ORIENTED_EDGE('',*,*,#2449,.T.);
#3495=ORIENTED_EDGE('',*,*,#2445,.F.);
#3496=ORIENTED_EDGE('',*,*,#2239,.F.);
#3497=ORIENTED_EDGE('',*,*,#2450,.T.);
#3498=ORIENTED_EDGE('',*,*,#2451,.T.);
#3499=ORIENTED_EDGE('',*,*,#2448,.F.);
#3500=ORIENTED_EDGE('',*,*,#2238,.F.);
#3501=ORIENTED_EDGE('',*,*,#2452,.T.);
#3502=ORIENTED_EDGE('',*,*,#2453,.T.);
#3503=ORIENTED_EDGE('',*,*,#2450,.F.);
#3504=ORIENTED_EDGE('',*,*,#2237,.F.);
#3505=ORIENTED_EDGE('',*,*,#2454,.T.);
#3506=ORIENTED_EDGE('',*,*,#2455,.T.);
#3507=ORIENTED_EDGE('',*,*,#2452,.F.);
#3508=ORIENTED_EDGE('',*,*,#2236,.F.);
#3509=ORIENTED_EDGE('',*,*,#2456,.T.);
#3510=ORIENTED_EDGE('',*,*,#2457,.T.);
#3511=ORIENTED_EDGE('',*,*,#2454,.F.);
#3512=ORIENTED_EDGE('',*,*,#2242,.F.);
#3513=ORIENTED_EDGE('',*,*,#2447,.T.);
#3514=ORIENTED_EDGE('',*,*,#2458,.T.);
#3515=ORIENTED_EDGE('',*,*,#2329,.F.);
#3516=ORIENTED_EDGE('',*,*,#2458,.F.);
#3517=ORIENTED_EDGE('',*,*,#2446,.F.);
#3518=ORIENTED_EDGE('',*,*,#2449,.F.);
#3519=ORIENTED_EDGE('',*,*,#2451,.F.);
#3520=ORIENTED_EDGE('',*,*,#2453,.F.);
#3521=ORIENTED_EDGE('',*,*,#2455,.F.);
#3522=ORIENTED_EDGE('',*,*,#2457,.F.);
#3523=ORIENTED_EDGE('',*,*,#2330,.F.);
#3524=ORIENTED_EDGE('',*,*,#2360,.T.);
#3525=ORIENTED_EDGE('',*,*,#2302,.F.);
#3526=ORIENTED_EDGE('',*,*,#2459,.F.);
#3527=ORIENTED_EDGE('',*,*,#2231,.T.);
#3528=ORIENTED_EDGE('',*,*,#2429,.F.);
#3529=ORIENTED_EDGE('',*,*,#2431,.T.);
#3530=ORIENTED_EDGE('',*,*,#2425,.T.);
#3531=ORIENTED_EDGE('',*,*,#2223,.T.);
#3532=ORIENTED_EDGE('',*,*,#2379,.F.);
#3533=ORIENTED_EDGE('',*,*,#2387,.T.);
#3534=ORIENTED_EDGE('',*,*,#2375,.T.);
#3535=ORIENTED_EDGE('',*,*,#2215,.T.);
#3536=ORIENTED_EDGE('',*,*,#2460,.T.);
#3537=ORIENTED_EDGE('',*,*,#2303,.F.);
#3538=ORIENTED_EDGE('',*,*,#2460,.F.);
#3539=ORIENTED_EDGE('',*,*,#2214,.T.);
#3540=ORIENTED_EDGE('',*,*,#2323,.T.);
#3541=ORIENTED_EDGE('',*,*,#2300,.F.);
#3542=ORIENTED_EDGE('',*,*,#2461,.F.);
#3543=ORIENTED_EDGE('',*,*,#2232,.T.);
#3544=ORIENTED_EDGE('',*,*,#2459,.T.);
#3545=ORIENTED_EDGE('',*,*,#2298,.F.);
#3546=ORIENTED_EDGE('',*,*,#2462,.F.);
#3547=ORIENTED_EDGE('',*,*,#2233,.T.);
#3548=ORIENTED_EDGE('',*,*,#2461,.T.);
#3549=ORIENTED_EDGE('',*,*,#2296,.F.);
#3550=ORIENTED_EDGE('',*,*,#2463,.F.);
#3551=ORIENTED_EDGE('',*,*,#2234,.T.);
#3552=ORIENTED_EDGE('',*,*,#2462,.T.);
#3553=ORIENTED_EDGE('',*,*,#2293,.F.);
#3554=ORIENTED_EDGE('',*,*,#2331,.F.);
#3555=ORIENTED_EDGE('',*,*,#2456,.F.);
#3556=ORIENTED_EDGE('',*,*,#2235,.T.);
#3557=ORIENTED_EDGE('',*,*,#2463,.T.);
#3558=ORIENTED_EDGE('',*,*,#2251,.F.);
#3559=ORIENTED_EDGE('',*,*,#2128,.F.);
#3560=ORIENTED_EDGE('',*,*,#2267,.F.);
#3561=ORIENTED_EDGE('',*,*,#2117,.T.);
#3562=ORIENTED_EDGE('',*,*,#2260,.F.);
#3563=ORIENTED_EDGE('',*,*,#2464,.F.);
#3564=ORIENTED_EDGE('',*,*,#2269,.F.);
#3565=ORIENTED_EDGE('',*,*,#2131,.T.);
#3566=ORIENTED_EDGE('',*,*,#2259,.F.);
#3567=ORIENTED_EDGE('',*,*,#2273,.F.);
#3568=ORIENTED_EDGE('',*,*,#2270,.F.);
#3569=ORIENTED_EDGE('',*,*,#2464,.T.);
#3570=ORIENTED_EDGE('',*,*,#2465,.T.);
#3571=ORIENTED_EDGE('',*,*,#2466,.T.);
#3572=ORIENTED_EDGE('',*,*,#2467,.F.);
#3573=ORIENTED_EDGE('',*,*,#2468,.F.);
#3574=ORIENTED_EDGE('',*,*,#2469,.F.);
#3575=ORIENTED_EDGE('',*,*,#2468,.T.);
#3576=ORIENTED_EDGE('',*,*,#2470,.F.);
#3577=ORIENTED_EDGE('',*,*,#2471,.F.);
#3578=ORIENTED_EDGE('',*,*,#2472,.T.);
#3579=ORIENTED_EDGE('',*,*,#2471,.T.);
#3580=ORIENTED_EDGE('',*,*,#2473,.F.);
#3581=ORIENTED_EDGE('',*,*,#2474,.F.);
#3582=ORIENTED_EDGE('',*,*,#2475,.F.);
#3583=ORIENTED_EDGE('',*,*,#2474,.T.);
#3584=ORIENTED_EDGE('',*,*,#2476,.F.);
#3585=ORIENTED_EDGE('',*,*,#2477,.F.);
#3586=ORIENTED_EDGE('',*,*,#2478,.F.);
#3587=ORIENTED_EDGE('',*,*,#2477,.T.);
#3588=ORIENTED_EDGE('',*,*,#2479,.F.);
#3589=ORIENTED_EDGE('',*,*,#2480,.F.);
#3590=ORIENTED_EDGE('',*,*,#2481,.T.);
#3591=ORIENTED_EDGE('',*,*,#2480,.T.);
#3592=ORIENTED_EDGE('',*,*,#2482,.F.);
#3593=ORIENTED_EDGE('',*,*,#2483,.F.);
#3594=ORIENTED_EDGE('',*,*,#2484,.F.);
#3595=ORIENTED_EDGE('',*,*,#2483,.T.);
#3596=ORIENTED_EDGE('',*,*,#2485,.F.);
#3597=ORIENTED_EDGE('',*,*,#2486,.F.);
#3598=ORIENTED_EDGE('',*,*,#2487,.F.);
#3599=ORIENTED_EDGE('',*,*,#2486,.T.);
#3600=ORIENTED_EDGE('',*,*,#2488,.F.);
#3601=ORIENTED_EDGE('',*,*,#2466,.F.);
#3602=ORIENTED_EDGE('',*,*,#2487,.T.);
#3603=ORIENTED_EDGE('',*,*,#2465,.F.);
#3604=ORIENTED_EDGE('',*,*,#2469,.T.);
#3605=ORIENTED_EDGE('',*,*,#2472,.F.);
#3606=ORIENTED_EDGE('',*,*,#2475,.T.);
#3607=ORIENTED_EDGE('',*,*,#2478,.T.);
#3608=ORIENTED_EDGE('',*,*,#2481,.F.);
#3609=ORIENTED_EDGE('',*,*,#2484,.T.);
#3610=ORIENTED_EDGE('',*,*,#2488,.T.);
#3611=ORIENTED_EDGE('',*,*,#2485,.T.);
#3612=ORIENTED_EDGE('',*,*,#2482,.T.);
#3613=ORIENTED_EDGE('',*,*,#2479,.T.);
#3614=ORIENTED_EDGE('',*,*,#2476,.T.);
#3615=ORIENTED_EDGE('',*,*,#2473,.T.);
#3616=ORIENTED_EDGE('',*,*,#2470,.T.);
#3617=ORIENTED_EDGE('',*,*,#2467,.T.);
#3618=ORIENTED_EDGE('',*,*,#2489,.T.);
#3619=ORIENTED_EDGE('',*,*,#2490,.T.);
#3620=ORIENTED_EDGE('',*,*,#2491,.F.);
#3621=ORIENTED_EDGE('',*,*,#2492,.F.);
#3622=ORIENTED_EDGE('',*,*,#2493,.F.);
#3623=ORIENTED_EDGE('',*,*,#2492,.T.);
#3624=ORIENTED_EDGE('',*,*,#2494,.F.);
#3625=ORIENTED_EDGE('',*,*,#2495,.F.);
#3626=ORIENTED_EDGE('',*,*,#2496,.T.);
#3627=ORIENTED_EDGE('',*,*,#2495,.T.);
#3628=ORIENTED_EDGE('',*,*,#2497,.F.);
#3629=ORIENTED_EDGE('',*,*,#2498,.F.);
#3630=ORIENTED_EDGE('',*,*,#2499,.F.);
#3631=ORIENTED_EDGE('',*,*,#2498,.T.);
#3632=ORIENTED_EDGE('',*,*,#2500,.F.);
#3633=ORIENTED_EDGE('',*,*,#2501,.F.);
#3634=ORIENTED_EDGE('',*,*,#2502,.F.);
#3635=ORIENTED_EDGE('',*,*,#2501,.T.);
#3636=ORIENTED_EDGE('',*,*,#2503,.F.);
#3637=ORIENTED_EDGE('',*,*,#2504,.F.);
#3638=ORIENTED_EDGE('',*,*,#2505,.T.);
#3639=ORIENTED_EDGE('',*,*,#2504,.T.);
#3640=ORIENTED_EDGE('',*,*,#2506,.F.);
#3641=ORIENTED_EDGE('',*,*,#2507,.F.);
#3642=ORIENTED_EDGE('',*,*,#2508,.F.);
#3643=ORIENTED_EDGE('',*,*,#2507,.T.);
#3644=ORIENTED_EDGE('',*,*,#2509,.F.);
#3645=ORIENTED_EDGE('',*,*,#2510,.F.);
#3646=ORIENTED_EDGE('',*,*,#2511,.F.);
#3647=ORIENTED_EDGE('',*,*,#2510,.T.);
#3648=ORIENTED_EDGE('',*,*,#2512,.F.);
#3649=ORIENTED_EDGE('',*,*,#2490,.F.);
#3650=ORIENTED_EDGE('',*,*,#2511,.T.);
#3651=ORIENTED_EDGE('',*,*,#2489,.F.);
#3652=ORIENTED_EDGE('',*,*,#2493,.T.);
#3653=ORIENTED_EDGE('',*,*,#2496,.F.);
#3654=ORIENTED_EDGE('',*,*,#2499,.T.);
#3655=ORIENTED_EDGE('',*,*,#2502,.T.);
#3656=ORIENTED_EDGE('',*,*,#2505,.F.);
#3657=ORIENTED_EDGE('',*,*,#2508,.T.);
#3658=ORIENTED_EDGE('',*,*,#2512,.T.);
#3659=ORIENTED_EDGE('',*,*,#2509,.T.);
#3660=ORIENTED_EDGE('',*,*,#2506,.T.);
#3661=ORIENTED_EDGE('',*,*,#2503,.T.);
#3662=ORIENTED_EDGE('',*,*,#2500,.T.);
#3663=ORIENTED_EDGE('',*,*,#2497,.T.);
#3664=ORIENTED_EDGE('',*,*,#2494,.T.);
#3665=ORIENTED_EDGE('',*,*,#2491,.T.);
#3666=ORIENTED_EDGE('',*,*,#2513,.F.);
#3667=ORIENTED_EDGE('',*,*,#2514,.T.);
#3668=ORIENTED_EDGE('',*,*,#2515,.F.);
#3669=ORIENTED_EDGE('',*,*,#2516,.F.);
#3670=ORIENTED_EDGE('',*,*,#2517,.T.);
#3671=ORIENTED_EDGE('',*,*,#2516,.T.);
#3672=ORIENTED_EDGE('',*,*,#2518,.F.);
#3673=ORIENTED_EDGE('',*,*,#2519,.F.);
#3674=ORIENTED_EDGE('',*,*,#2520,.F.);
#3675=ORIENTED_EDGE('',*,*,#2519,.T.);
#3676=ORIENTED_EDGE('',*,*,#2521,.F.);
#3677=ORIENTED_EDGE('',*,*,#2522,.F.);
#3678=ORIENTED_EDGE('',*,*,#2523,.T.);
#3679=ORIENTED_EDGE('',*,*,#2522,.T.);
#3680=ORIENTED_EDGE('',*,*,#2524,.F.);
#3681=ORIENTED_EDGE('',*,*,#2525,.F.);
#3682=ORIENTED_EDGE('',*,*,#2526,.F.);
#3683=ORIENTED_EDGE('',*,*,#2525,.T.);
#3684=ORIENTED_EDGE('',*,*,#2527,.F.);
#3685=ORIENTED_EDGE('',*,*,#2528,.F.);
#3686=ORIENTED_EDGE('',*,*,#2529,.F.);
#3687=ORIENTED_EDGE('',*,*,#2528,.T.);
#3688=ORIENTED_EDGE('',*,*,#2530,.F.);
#3689=ORIENTED_EDGE('',*,*,#2531,.F.);
#3690=ORIENTED_EDGE('',*,*,#2532,.T.);
#3691=ORIENTED_EDGE('',*,*,#2531,.T.);
#3692=ORIENTED_EDGE('',*,*,#2533,.F.);
#3693=ORIENTED_EDGE('',*,*,#2534,.F.);
#3694=ORIENTED_EDGE('',*,*,#2535,.F.);
#3695=ORIENTED_EDGE('',*,*,#2534,.T.);
#3696=ORIENTED_EDGE('',*,*,#2536,.F.);
#3697=ORIENTED_EDGE('',*,*,#2514,.F.);
#3698=ORIENTED_EDGE('',*,*,#2535,.T.);
#3699=ORIENTED_EDGE('',*,*,#2513,.T.);
#3700=ORIENTED_EDGE('',*,*,#2517,.F.);
#3701=ORIENTED_EDGE('',*,*,#2520,.T.);
#3702=ORIENTED_EDGE('',*,*,#2523,.F.);
#3703=ORIENTED_EDGE('',*,*,#2526,.T.);
#3704=ORIENTED_EDGE('',*,*,#2529,.T.);
#3705=ORIENTED_EDGE('',*,*,#2532,.F.);
#3706=ORIENTED_EDGE('',*,*,#2536,.T.);
#3707=ORIENTED_EDGE('',*,*,#2533,.T.);
#3708=ORIENTED_EDGE('',*,*,#2530,.T.);
#3709=ORIENTED_EDGE('',*,*,#2527,.T.);
#3710=ORIENTED_EDGE('',*,*,#2524,.T.);
#3711=ORIENTED_EDGE('',*,*,#2521,.T.);
#3712=ORIENTED_EDGE('',*,*,#2518,.T.);
#3713=ORIENTED_EDGE('',*,*,#2515,.T.);
#3714=ORIENTED_EDGE('',*,*,#2537,.F.);
#3715=ORIENTED_EDGE('',*,*,#2538,.T.);
#3716=ORIENTED_EDGE('',*,*,#2539,.F.);
#3717=ORIENTED_EDGE('',*,*,#2540,.F.);
#3718=ORIENTED_EDGE('',*,*,#2541,.F.);
#3719=ORIENTED_EDGE('',*,*,#2540,.T.);
#3720=ORIENTED_EDGE('',*,*,#2542,.F.);
#3721=ORIENTED_EDGE('',*,*,#2543,.F.);
#3722=ORIENTED_EDGE('',*,*,#2544,.T.);
#3723=ORIENTED_EDGE('',*,*,#2543,.T.);
#3724=ORIENTED_EDGE('',*,*,#2545,.F.);
#3725=ORIENTED_EDGE('',*,*,#2546,.F.);
#3726=ORIENTED_EDGE('',*,*,#2547,.T.);
#3727=ORIENTED_EDGE('',*,*,#2546,.T.);
#3728=ORIENTED_EDGE('',*,*,#2548,.F.);
#3729=ORIENTED_EDGE('',*,*,#2549,.F.);
#3730=ORIENTED_EDGE('',*,*,#2550,.F.);
#3731=ORIENTED_EDGE('',*,*,#2549,.T.);
#3732=ORIENTED_EDGE('',*,*,#2551,.F.);
#3733=ORIENTED_EDGE('',*,*,#2538,.F.);
#3734=ORIENTED_EDGE('',*,*,#2550,.T.);
#3735=ORIENTED_EDGE('',*,*,#2537,.T.);
#3736=ORIENTED_EDGE('',*,*,#2541,.T.);
#3737=ORIENTED_EDGE('',*,*,#2544,.F.);
#3738=ORIENTED_EDGE('',*,*,#2547,.F.);
#3739=ORIENTED_EDGE('',*,*,#2551,.T.);
#3740=ORIENTED_EDGE('',*,*,#2548,.T.);
#3741=ORIENTED_EDGE('',*,*,#2545,.T.);
#3742=ORIENTED_EDGE('',*,*,#2542,.T.);
#3743=ORIENTED_EDGE('',*,*,#2539,.T.);
#3744=ORIENTED_EDGE('',*,*,#2552,.F.);
#3745=ORIENTED_EDGE('',*,*,#2553,.T.);
#3746=ORIENTED_EDGE('',*,*,#2554,.F.);
#3747=ORIENTED_EDGE('',*,*,#2555,.F.);
#3748=ORIENTED_EDGE('',*,*,#2556,.F.);
#3749=ORIENTED_EDGE('',*,*,#2555,.T.);
#3750=ORIENTED_EDGE('',*,*,#2557,.F.);
#3751=ORIENTED_EDGE('',*,*,#2558,.F.);
#3752=ORIENTED_EDGE('',*,*,#2559,.T.);
#3753=ORIENTED_EDGE('',*,*,#2558,.T.);
#3754=ORIENTED_EDGE('',*,*,#2560,.F.);
#3755=ORIENTED_EDGE('',*,*,#2561,.F.);
#3756=ORIENTED_EDGE('',*,*,#2562,.F.);
#3757=ORIENTED_EDGE('',*,*,#2561,.T.);
#3758=ORIENTED_EDGE('',*,*,#2563,.F.);
#3759=ORIENTED_EDGE('',*,*,#2553,.F.);
#3760=ORIENTED_EDGE('',*,*,#2562,.T.);
#3761=ORIENTED_EDGE('',*,*,#2552,.T.);
#3762=ORIENTED_EDGE('',*,*,#2556,.T.);
#3763=ORIENTED_EDGE('',*,*,#2559,.F.);
#3764=ORIENTED_EDGE('',*,*,#2563,.T.);
#3765=ORIENTED_EDGE('',*,*,#2560,.T.);
#3766=ORIENTED_EDGE('',*,*,#2557,.T.);
#3767=ORIENTED_EDGE('',*,*,#2554,.T.);
#3768=ORIENTED_EDGE('',*,*,#2564,.F.);
#3769=ORIENTED_EDGE('',*,*,#2565,.T.);
#3770=ORIENTED_EDGE('',*,*,#2566,.F.);
#3771=ORIENTED_EDGE('',*,*,#2567,.F.);
#3772=ORIENTED_EDGE('',*,*,#2568,.F.);
#3773=ORIENTED_EDGE('',*,*,#2567,.T.);
#3774=ORIENTED_EDGE('',*,*,#2569,.F.);
#3775=ORIENTED_EDGE('',*,*,#2570,.F.);
#3776=ORIENTED_EDGE('',*,*,#2571,.T.);
#3777=ORIENTED_EDGE('',*,*,#2570,.T.);
#3778=ORIENTED_EDGE('',*,*,#2572,.F.);
#3779=ORIENTED_EDGE('',*,*,#2573,.F.);
#3780=ORIENTED_EDGE('',*,*,#2574,.F.);
#3781=ORIENTED_EDGE('',*,*,#2573,.T.);
#3782=ORIENTED_EDGE('',*,*,#2575,.F.);
#3783=ORIENTED_EDGE('',*,*,#2565,.F.);
#3784=ORIENTED_EDGE('',*,*,#2574,.T.);
#3785=ORIENTED_EDGE('',*,*,#2564,.T.);
#3786=ORIENTED_EDGE('',*,*,#2568,.T.);
#3787=ORIENTED_EDGE('',*,*,#2571,.F.);
#3788=ORIENTED_EDGE('',*,*,#2575,.T.);
#3789=ORIENTED_EDGE('',*,*,#2572,.T.);
#3790=ORIENTED_EDGE('',*,*,#2569,.T.);
#3791=ORIENTED_EDGE('',*,*,#2566,.T.);
#3792=CYLINDRICAL_SURFACE('',#4182,1.40000000000001);
#3793=CYLINDRICAL_SURFACE('',#4186,1.40000000000001);
#3794=CYLINDRICAL_SURFACE('',#4190,1.40000000000001);
#3795=CYLINDRICAL_SURFACE('',#4194,1.40000000000001);
#3796=CYLINDRICAL_SURFACE('',#4198,1.40000000000001);
#3797=CYLINDRICAL_SURFACE('',#4202,1.40000000000001);
#3798=CYLINDRICAL_SURFACE('',#4206,1.40000000000001);
#3799=CYLINDRICAL_SURFACE('',#4210,1.40000000000001);
#3800=CYLINDRICAL_SURFACE('',#4214,1.40000000000001);
#3801=CYLINDRICAL_SURFACE('',#4218,1.40000000000001);
#3802=CYLINDRICAL_SURFACE('',#4222,44.4834797181679);
#3803=CYLINDRICAL_SURFACE('',#4225,1.);
#3804=CYLINDRICAL_SURFACE('',#4228,33.0505103745504);
#3805=CYLINDRICAL_SURFACE('',#4231,0.699999999999992);
#3806=CYLINDRICAL_SURFACE('',#4234,34.4505103745504);
#3807=CYLINDRICAL_SURFACE('',#4237,0.500000000000023);
#3808=CYLINDRICAL_SURFACE('',#4240,45.8834797181678);
#3809=CYLINDRICAL_SURFACE('',#4243,0.700000000000008);
#3810=CYLINDRICAL_SURFACE('',#4247,0.350000000011455);
#3811=CYLINDRICAL_SURFACE('',#4250,0.350000000000004);
#3812=CYLINDRICAL_SURFACE('',#4254,0.641249471933553);
#3813=CYLINDRICAL_SURFACE('',#4257,25.90064330229);
#3814=CYLINDRICAL_SURFACE('',#4260,0.999999999998312);
#3815=CYLINDRICAL_SURFACE('',#4263,45.1054699352573);
#3816=CYLINDRICAL_SURFACE('',#4266,0.605649259690827);
#3817=CYLINDRICAL_SURFACE('',#4269,46.305469935257);
#3818=CYLINDRICAL_SURFACE('',#4272,0.499999999997231);
#3819=CYLINDRICAL_SURFACE('',#4275,27.1006433022888);
#3820=CYLINDRICAL_SURFACE('',#4279,0.350000000000002);
#3821=CYLINDRICAL_SURFACE('',#4282,0.350000000000004);
#3822=CYLINDRICAL_SURFACE('',#4286,0.449999999999999);
#3823=CYLINDRICAL_SURFACE('',#4289,0.45);
#3824=CYLINDRICAL_SURFACE('',#4293,42.0953374485728);
#3825=CYLINDRICAL_SURFACE('',#4296,0.999999999999997);
#3826=CYLINDRICAL_SURFACE('',#4299,14.8497097847889);
#3827=CYLINDRICAL_SURFACE('',#4302,0.401892707986878);
#3828=CYLINDRICAL_SURFACE('',#4305,15.6497097847888);
#3829=CYLINDRICAL_SURFACE('',#4308,0.499999999999632);
#3830=CYLINDRICAL_SURFACE('',#4311,42.8953374485725);
#3831=CYLINDRICAL_SURFACE('',#4314,0.422049457557828);
#3832=CYLINDRICAL_SURFACE('',#4328,1.);
#3833=CYLINDRICAL_SURFACE('',#4396,1.);
#3834=CYLINDRICAL_SURFACE('',#4401,1.);
#3835=CYLINDRICAL_SURFACE('',#4406,1.);
#3836=CYLINDRICAL_SURFACE('',#4410,5.00000000000004);
#3837=CYLINDRICAL_SURFACE('',#4420,1.5);
#3838=CYLINDRICAL_SURFACE('',#4422,1.49999999999999);
#3839=CYLINDRICAL_SURFACE('',#4424,3.00000000000004);
#3840=CYLINDRICAL_SURFACE('',#4427,2.49999950136431);
#3841=CYLINDRICAL_SURFACE('',#4429,2.50000000000003);
#3842=CYLINDRICAL_SURFACE('',#4431,0.999999831855615);
#3843=CYLINDRICAL_SURFACE('',#4446,1.75000000000001);
#3844=CYLINDRICAL_SURFACE('',#4448,1.75000000000001);
#3845=CYLINDRICAL_SURFACE('',#4450,1.75000000000001);
#3846=CYLINDRICAL_SURFACE('',#4452,1.75000000000001);
#3847=CYLINDRICAL_SURFACE('',#4453,1.75);
#3848=CYLINDRICAL_SURFACE('',#4455,1.75000000000001);
#3849=CYLINDRICAL_SURFACE('',#4457,1.75);
#3850=CYLINDRICAL_SURFACE('',#4459,1.75000000000001);
#3851=CYLINDRICAL_SURFACE('',#4460,1.00000000000001);
#3852=CYLINDRICAL_SURFACE('',#4461,3.20000000000002);
#3853=CYLINDRICAL_SURFACE('',#4462,2.5);
#3854=CYLINDRICAL_SURFACE('',#4464,2.49999999999995);
#3855=CYLINDRICAL_SURFACE('',#4467,2.50000000000001);
#3856=CYLINDRICAL_SURFACE('',#4469,1.);
#3857=CYLINDRICAL_SURFACE('',#4471,3.19999999999999);
#3858=CYLINDRICAL_SURFACE('',#4473,2.50000000000001);
#3859=CYLINDRICAL_SURFACE('',#4476,2.49999999999996);
#3860=CYLINDRICAL_SURFACE('',#4480,2.5);
#3861=CYLINDRICAL_SURFACE('',#4482,3.19999999999999);
#3862=CYLINDRICAL_SURFACE('',#4484,0.999999999999996);
#3863=CYLINDRICAL_SURFACE('',#4486,2.50000000000001);
#3864=CYLINDRICAL_SURFACE('',#4489,2.49999999999996);
#3865=CYLINDRICAL_SURFACE('',#4493,2.50000023961062);
#3866=CYLINDRICAL_SURFACE('',#4496,2.49999995019326);
#3867=CYLINDRICAL_SURFACE('',#4498,3.20000013773548);
#3868=CYLINDRICAL_SURFACE('',#4501,2.50000000000003);
#3869=CYLINDRICAL_SURFACE('',#4502,0.999999999999979);
#3870=CYLINDRICAL_SURFACE('',#4503,3.19999999999996);
#3871=CYLINDRICAL_SURFACE('',#4504,2.50000000000004);
#3872=CYLINDRICAL_SURFACE('',#4506,2.49999999999998);
#3873=CYLINDRICAL_SURFACE('',#4508,2.5);
#3874=CYLINDRICAL_SURFACE('',#4511,2.49999999999996);
#3875=CYLINDRICAL_SURFACE('',#4514,2.50000000000003);
#3876=CYLINDRICAL_SURFACE('',#4516,1.);
#3877=CYLINDRICAL_SURFACE('',#4518,3.2);
#3878=CYLINDRICAL_SURFACE('',#4522,2.5);
#3879=CYLINDRICAL_SURFACE('',#4524,3.19999999999999);
#3880=CYLINDRICAL_SURFACE('',#4526,0.999999999999996);
#3881=CYLINDRICAL_SURFACE('',#4528,2.50000000000002);
#3882=CYLINDRICAL_SURFACE('',#4531,2.49999999999996);
#3883=CYLINDRICAL_SURFACE('',#4535,2.5000001129241);
#3884=CYLINDRICAL_SURFACE('',#4538,2.49999997760936);
#3885=CYLINDRICAL_SURFACE('',#4540,3.20000008842429);
#3886=CYLINDRICAL_SURFACE('',#4542,1.00000000918519);
#3887=CYLINDRICAL_SURFACE('',#4544,2.4999996437454);
#3888=CYLINDRICAL_SURFACE('',#4548,1.5);
#3889=CYLINDRICAL_SURFACE('',#4549,1.5);
#3890=CYLINDRICAL_SURFACE('',#4551,1.5);
#3891=CYLINDRICAL_SURFACE('',#4555,5.);
#3892=CYLINDRICAL_SURFACE('',#4556,42.0953374485728);
#3893=CYLINDRICAL_SURFACE('',#4559,0.999999999999997);
#3894=CYLINDRICAL_SURFACE('',#4562,14.8497097847889);
#3895=CYLINDRICAL_SURFACE('',#4565,0.401892707986878);
#3896=CYLINDRICAL_SURFACE('',#4568,15.6497097847888);
#3897=CYLINDRICAL_SURFACE('',#4571,0.499999999999632);
#3898=CYLINDRICAL_SURFACE('',#4574,42.8953374485725);
#3899=CYLINDRICAL_SURFACE('',#4577,0.422049457557828);
#3900=CYLINDRICAL_SURFACE('',#4582,44.4834797181679);
#3901=CYLINDRICAL_SURFACE('',#4585,1.);
#3902=CYLINDRICAL_SURFACE('',#4588,33.0505103745504);
#3903=CYLINDRICAL_SURFACE('',#4591,0.699999999999992);
#3904=CYLINDRICAL_SURFACE('',#4594,34.4505103745504);
#3905=CYLINDRICAL_SURFACE('',#4597,0.500000000000023);
#3906=CYLINDRICAL_SURFACE('',#4600,45.8834797181678);
#3907=CYLINDRICAL_SURFACE('',#4603,0.700000000000008);
#3908=CYLINDRICAL_SURFACE('',#4608,0.641249471933553);
#3909=CYLINDRICAL_SURFACE('',#4611,25.90064330229);
#3910=CYLINDRICAL_SURFACE('',#4614,0.999999999998312);
#3911=CYLINDRICAL_SURFACE('',#4617,45.1054699352573);
#3912=CYLINDRICAL_SURFACE('',#4620,0.605649259690827);
#3913=CYLINDRICAL_SURFACE('',#4623,46.305469935257);
#3914=CYLINDRICAL_SURFACE('',#4626,0.499999999997231);
#3915=CYLINDRICAL_SURFACE('',#4629,27.1006433022888);
#3916=CYLINDRICAL_SURFACE('',#4634,0.350000000000002);
#3917=CYLINDRICAL_SURFACE('',#4637,0.350000000000004);
#3918=CYLINDRICAL_SURFACE('',#4642,0.449999999999999);
#3919=CYLINDRICAL_SURFACE('',#4645,0.45);
#3920=CYLINDRICAL_SURFACE('',#4650,0.350000000011455);
#3921=CYLINDRICAL_SURFACE('',#4653,0.350000000000004);
#3922=ADVANCED_FACE('',(#233),#3792,.F.);
#3923=ADVANCED_FACE('',(#234),#165,.T.);
#3924=ADVANCED_FACE('',(#235),#3793,.F.);
#3925=ADVANCED_FACE('',(#236),#166,.T.);
#3926=ADVANCED_FACE('',(#237),#3794,.F.);
#3927=ADVANCED_FACE('',(#238),#167,.T.);
#3928=ADVANCED_FACE('',(#239),#3795,.F.);
#3929=ADVANCED_FACE('',(#240),#168,.T.);
#3930=ADVANCED_FACE('',(#241),#3796,.F.);
#3931=ADVANCED_FACE('',(#242),#169,.T.);
#3932=ADVANCED_FACE('',(#243),#3797,.F.);
#3933=ADVANCED_FACE('',(#244),#170,.T.);
#3934=ADVANCED_FACE('',(#245),#3798,.F.);
#3935=ADVANCED_FACE('',(#246),#171,.T.);
#3936=ADVANCED_FACE('',(#247),#3799,.F.);
#3937=ADVANCED_FACE('',(#248),#172,.T.);
#3938=ADVANCED_FACE('',(#249),#3800,.F.);
#3939=ADVANCED_FACE('',(#250),#173,.T.);
#3940=ADVANCED_FACE('',(#251),#3801,.F.);
#3941=ADVANCED_FACE('',(#252),#174,.T.);
#3942=ADVANCED_FACE('',(#253),#3802,.T.);
#3943=ADVANCED_FACE('',(#254),#3803,.F.);
#3944=ADVANCED_FACE('',(#255),#3804,.T.);
#3945=ADVANCED_FACE('',(#256),#3805,.F.);
#3946=ADVANCED_FACE('',(#257),#3806,.F.);
#3947=ADVANCED_FACE('',(#258),#3807,.T.);
#3948=ADVANCED_FACE('',(#259),#3808,.F.);
#3949=ADVANCED_FACE('',(#260),#3809,.F.);
#3950=ADVANCED_FACE('',(#261),#175,.T.);
#3951=ADVANCED_FACE('',(#262),#126,.F.);
#3952=ADVANCED_FACE('',(#263),#3810,.F.);
#3953=ADVANCED_FACE('',(#264),#127,.F.);
#3954=ADVANCED_FACE('',(#265),#3811,.F.);
#3955=ADVANCED_FACE('',(#266),#176,.T.);
#3956=ADVANCED_FACE('',(#267),#3812,.F.);
#3957=ADVANCED_FACE('',(#268),#3813,.T.);
#3958=ADVANCED_FACE('',(#269),#3814,.F.);
#3959=ADVANCED_FACE('',(#270),#3815,.T.);
#3960=ADVANCED_FACE('',(#271),#3816,.F.);
#3961=ADVANCED_FACE('',(#272),#3817,.F.);
#3962=ADVANCED_FACE('',(#273),#3818,.T.);
#3963=ADVANCED_FACE('',(#274),#3819,.F.);
#3964=ADVANCED_FACE('',(#275),#177,.T.);
#3965=ADVANCED_FACE('',(#276),#128,.F.);
#3966=ADVANCED_FACE('',(#277),#3820,.F.);
#3967=ADVANCED_FACE('',(#278),#129,.F.);
#3968=ADVANCED_FACE('',(#279),#130,.F.);
#3969=ADVANCED_FACE('',(#280),#3821,.F.);
#3970=ADVANCED_FACE('',(#281),#178,.T.);
#3971=ADVANCED_FACE('',(#282),#131,.F.);
#3972=ADVANCED_FACE('',(#283),#3822,.F.);
#3973=ADVANCED_FACE('',(#284),#132,.F.);
#3974=ADVANCED_FACE('',(#285),#3823,.F.);
#3975=ADVANCED_FACE('',(#286),#179,.T.);
#3976=ADVANCED_FACE('',(#287),#3824,.T.);
#3977=ADVANCED_FACE('',(#288),#3825,.F.);
#3978=ADVANCED_FACE('',(#289),#3826,.T.);
#3979=ADVANCED_FACE('',(#290),#3827,.F.);
#3980=ADVANCED_FACE('',(#291),#3828,.F.);
#3981=ADVANCED_FACE('',(#292),#3829,.T.);
#3982=ADVANCED_FACE('',(#293),#3830,.F.);
#3983=ADVANCED_FACE('',(#294),#3831,.F.);
#3984=ADVANCED_FACE('',(#295),#180,.T.);
#3985=ADVANCED_FACE('',(#296),#133,.F.);
#3986=ADVANCED_FACE('',(#297),#134,.F.);
#3987=ADVANCED_FACE('',(#298),#135,.F.);
#3988=ADVANCED_FACE('',(#299),#136,.F.);
#3989=ADVANCED_FACE('',(#300),#3832,.T.);
#3990=ADVANCED_FACE('',(#301,#33,#34,#35,#36,#37,#38,#39,#40,#41,#42,#43,
#44,#45,#46,#47),#181,.T.);
#3991=ADVANCED_FACE('',(#302,#48,#49,#50,#51,#52,#53,#54,#55,#56,#57,#58),
#182,.F.);
#3992=ADVANCED_FACE('',(#303),#183,.T.);
#3993=ADVANCED_FACE('',(#304),#3833,.T.);
#3994=ADVANCED_FACE('',(#305),#31,.T.);
#3995=ADVANCED_FACE('',(#306),#3834,.T.);
#3996=ADVANCED_FACE('',(#307),#32,.T.);
#3997=ADVANCED_FACE('',(#308),#3835,.T.);
#3998=ADVANCED_FACE('',(#309),#137,.F.);
#3999=ADVANCED_FACE('',(#310),#138,.F.);
#4000=ADVANCED_FACE('',(#311),#139,.F.);
#4001=ADVANCED_FACE('',(#312),#140,.F.);
#4002=ADVANCED_FACE('',(#313),#141,.F.);
#4003=ADVANCED_FACE('',(#314),#142,.F.);
#4004=ADVANCED_FACE('',(#315),#184,.T.);
#4005=ADVANCED_FACE('',(#316),#3836,.T.);
#4006=ADVANCED_FACE('',(#317),#185,.T.);
#4007=ADVANCED_FACE('',(#318),#143,.F.);
#4008=ADVANCED_FACE('',(#319),#144,.F.);
#4009=ADVANCED_FACE('',(#320),#145,.F.);
#4010=ADVANCED_FACE('',(#321),#146,.F.);
#4011=ADVANCED_FACE('',(#322),#147,.F.);
#4012=ADVANCED_FACE('',(#323),#148,.F.);
#4013=ADVANCED_FACE('',(#324),#149,.F.);
#4014=ADVANCED_FACE('',(#325),#150,.F.);
#4015=ADVANCED_FACE('',(#326),#151,.F.);
#4016=ADVANCED_FACE('',(#327),#152,.F.);
#4017=ADVANCED_FACE('',(#328),#153,.F.);
#4018=ADVANCED_FACE('',(#329),#154,.F.);
#4019=ADVANCED_FACE('',(#330),#155,.F.);
#4020=ADVANCED_FACE('',(#331),#156,.F.);
#4021=ADVANCED_FACE('',(#332),#157,.F.);
#4022=ADVANCED_FACE('',(#333),#186,.T.);
#4023=ADVANCED_FACE('',(#334),#187,.T.);
#4024=ADVANCED_FACE('',(#335),#3837,.F.);
#4025=ADVANCED_FACE('',(#336),#188,.T.);
#4026=ADVANCED_FACE('',(#337),#3838,.F.);
#4027=ADVANCED_FACE('',(#338),#189,.T.);
#4028=ADVANCED_FACE('',(#339),#3839,.T.);
#4029=ADVANCED_FACE('',(#340),#190,.T.);
#4030=ADVANCED_FACE('',(#341),#191,.T.);
#4031=ADVANCED_FACE('',(#342),#3840,.T.);
#4032=ADVANCED_FACE('',(#343),#3841,.T.);
#4033=ADVANCED_FACE('',(#344),#3842,.T.);
#4034=ADVANCED_FACE('',(#345,#59),#192,.F.);
#4035=ADVANCED_FACE('',(#346,#60),#193,.F.);
#4036=ADVANCED_FACE('',(#347),#3843,.F.);
#4037=ADVANCED_FACE('',(#348),#3844,.F.);
#4038=ADVANCED_FACE('',(#349),#3845,.F.);
#4039=ADVANCED_FACE('',(#350),#3846,.F.);
#4040=ADVANCED_FACE('',(#351),#3847,.F.);
#4041=ADVANCED_FACE('',(#352),#3848,.F.);
#4042=ADVANCED_FACE('',(#353),#3849,.F.);
#4043=ADVANCED_FACE('',(#354),#3850,.F.);
#4044=ADVANCED_FACE('',(#355),#3851,.T.);
#4045=ADVANCED_FACE('',(#356),#3852,.F.);
#4046=ADVANCED_FACE('',(#357),#3853,.T.);
#4047=ADVANCED_FACE('',(#358),#194,.F.);
#4048=ADVANCED_FACE('',(#359),#3854,.F.);
#4049=ADVANCED_FACE('',(#360),#195,.F.);
#4050=ADVANCED_FACE('',(#361),#196,.F.);
#4051=ADVANCED_FACE('',(#362),#3855,.T.);
#4052=ADVANCED_FACE('',(#363),#3856,.T.);
#4053=ADVANCED_FACE('',(#364),#3857,.F.);
#4054=ADVANCED_FACE('',(#365),#3858,.T.);
#4055=ADVANCED_FACE('',(#366),#197,.F.);
#4056=ADVANCED_FACE('',(#367),#3859,.F.);
#4057=ADVANCED_FACE('',(#368,#61),#198,.F.);
#4058=ADVANCED_FACE('',(#369),#199,.F.);
#4059=ADVANCED_FACE('',(#370),#3860,.T.);
#4060=ADVANCED_FACE('',(#371),#3861,.F.);
#4061=ADVANCED_FACE('',(#372),#3862,.T.);
#4062=ADVANCED_FACE('',(#373),#3863,.T.);
#4063=ADVANCED_FACE('',(#374),#200,.F.);
#4064=ADVANCED_FACE('',(#375),#3864,.F.);
#4065=ADVANCED_FACE('',(#376,#62),#201,.F.);
#4066=ADVANCED_FACE('',(#377),#202,.F.);
#4067=ADVANCED_FACE('',(#378),#3865,.F.);
#4068=ADVANCED_FACE('',(#379),#203,.F.);
#4069=ADVANCED_FACE('',(#380),#3866,.T.);
#4070=ADVANCED_FACE('',(#381),#3867,.F.);
#4071=ADVANCED_FACE('',(#382,#63),#204,.F.);
#4072=ADVANCED_FACE('',(#383),#3868,.T.);
#4073=ADVANCED_FACE('',(#384),#3869,.T.);
#4074=ADVANCED_FACE('',(#385),#3870,.F.);
#4075=ADVANCED_FACE('',(#386),#3871,.T.);
#4076=ADVANCED_FACE('',(#387),#205,.F.);
#4077=ADVANCED_FACE('',(#388),#3872,.F.);
#4078=ADVANCED_FACE('',(#389),#206,.F.);
#4079=ADVANCED_FACE('',(#390),#3873,.T.);
#4080=ADVANCED_FACE('',(#391),#207,.F.);
#4081=ADVANCED_FACE('',(#392),#3874,.F.);
#4082=ADVANCED_FACE('',(#393),#208,.F.);
#4083=ADVANCED_FACE('',(#394),#3875,.T.);
#4084=ADVANCED_FACE('',(#395),#3876,.T.);
#4085=ADVANCED_FACE('',(#396),#3877,.F.);
#4086=ADVANCED_FACE('',(#397,#64),#209,.F.);
#4087=ADVANCED_FACE('',(#398),#210,.F.);
#4088=ADVANCED_FACE('',(#399),#3878,.T.);
#4089=ADVANCED_FACE('',(#400),#3879,.F.);
#4090=ADVANCED_FACE('',(#401),#3880,.T.);
#4091=ADVANCED_FACE('',(#402),#3881,.T.);
#4092=ADVANCED_FACE('',(#403),#211,.F.);
#4093=ADVANCED_FACE('',(#404),#3882,.F.);
#4094=ADVANCED_FACE('',(#405,#65),#212,.F.);
#4095=ADVANCED_FACE('',(#406),#213,.F.);
#4096=ADVANCED_FACE('',(#407),#3883,.F.);
#4097=ADVANCED_FACE('',(#408),#214,.F.);
#4098=ADVANCED_FACE('',(#409),#3884,.T.);
#4099=ADVANCED_FACE('',(#410),#3885,.F.);
#4100=ADVANCED_FACE('',(#411),#3886,.T.);
#4101=ADVANCED_FACE('',(#412),#3887,.T.);
#4102=ADVANCED_FACE('',(#413,#66),#215,.F.);
#4103=ADVANCED_FACE('',(#414),#216,.T.);
#4104=ADVANCED_FACE('',(#415),#3888,.F.);
#4105=ADVANCED_FACE('',(#416),#3889,.F.);
#4106=ADVANCED_FACE('',(#417),#217,.T.);
#4107=ADVANCED_FACE('',(#418),#3890,.F.);
#4108=ADVANCED_FACE('',(#419),#218,.T.);
#4109=ADVANCED_FACE('',(#420),#219,.T.);
#4110=ADVANCED_FACE('',(#421),#220,.T.);
#4111=ADVANCED_FACE('',(#422),#3891,.T.);
#4112=ADVANCED_FACE('',(#423),#3892,.F.);
#4113=ADVANCED_FACE('',(#424),#3893,.T.);
#4114=ADVANCED_FACE('',(#425),#3894,.F.);
#4115=ADVANCED_FACE('',(#426),#3895,.T.);
#4116=ADVANCED_FACE('',(#427),#3896,.T.);
#4117=ADVANCED_FACE('',(#428),#3897,.F.);
#4118=ADVANCED_FACE('',(#429),#3898,.T.);
#4119=ADVANCED_FACE('',(#430),#3899,.T.);
#4120=ADVANCED_FACE('',(#431),#221,.T.);
#4121=ADVANCED_FACE('',(#432),#222,.F.);
#4122=ADVANCED_FACE('',(#433),#3900,.F.);
#4123=ADVANCED_FACE('',(#434),#3901,.T.);
#4124=ADVANCED_FACE('',(#435),#3902,.F.);
#4125=ADVANCED_FACE('',(#436),#3903,.T.);
#4126=ADVANCED_FACE('',(#437),#3904,.T.);
#4127=ADVANCED_FACE('',(#438),#3905,.F.);
#4128=ADVANCED_FACE('',(#439),#3906,.T.);
#4129=ADVANCED_FACE('',(#440),#3907,.T.);
#4130=ADVANCED_FACE('',(#441),#223,.T.);
#4131=ADVANCED_FACE('',(#442),#224,.F.);
#4132=ADVANCED_FACE('',(#443),#3908,.T.);
#4133=ADVANCED_FACE('',(#444),#3909,.F.);
#4134=ADVANCED_FACE('',(#445),#3910,.T.);
#4135=ADVANCED_FACE('',(#446),#3911,.F.);
#4136=ADVANCED_FACE('',(#447),#3912,.T.);
#4137=ADVANCED_FACE('',(#448),#3913,.T.);
#4138=ADVANCED_FACE('',(#449),#3914,.F.);
#4139=ADVANCED_FACE('',(#450),#3915,.T.);
#4140=ADVANCED_FACE('',(#451),#225,.T.);
#4141=ADVANCED_FACE('',(#452),#226,.F.);
#4142=ADVANCED_FACE('',(#453),#158,.T.);
#4143=ADVANCED_FACE('',(#454),#3916,.T.);
#4144=ADVANCED_FACE('',(#455),#159,.T.);
#4145=ADVANCED_FACE('',(#456),#160,.T.);
#4146=ADVANCED_FACE('',(#457),#3917,.T.);
#4147=ADVANCED_FACE('',(#458),#227,.T.);
#4148=ADVANCED_FACE('',(#459),#228,.F.);
#4149=ADVANCED_FACE('',(#460),#161,.T.);
#4150=ADVANCED_FACE('',(#461),#3918,.T.);
#4151=ADVANCED_FACE('',(#462),#162,.T.);
#4152=ADVANCED_FACE('',(#463),#3919,.T.);
#4153=ADVANCED_FACE('',(#464),#229,.T.);
#4154=ADVANCED_FACE('',(#465),#230,.F.);
#4155=ADVANCED_FACE('',(#466),#163,.T.);
#4156=ADVANCED_FACE('',(#467),#3920,.T.);
#4157=ADVANCED_FACE('',(#468),#164,.T.);
#4158=ADVANCED_FACE('',(#469),#3921,.T.);
#4159=ADVANCED_FACE('',(#470),#231,.T.);
#4160=ADVANCED_FACE('',(#471),#232,.F.);
#4161=CLOSED_SHELL('',(#3922,#3923,#3924,#3925,#3926,#3927,#3928,#3929,
#3930,#3931,#3932,#3933,#3934,#3935,#3936,#3937,#3938,#3939,#3940,#3941,
#3942,#3943,#3944,#3945,#3946,#3947,#3948,#3949,#3950,#3951,#3952,#3953,
#3954,#3955,#3956,#3957,#3958,#3959,#3960,#3961,#3962,#3963,#3964,#3965,
#3966,#3967,#3968,#3969,#3970,#3971,#3972,#3973,#3974,#3975,#3976,#3977,
#3978,#3979,#3980,#3981,#3982,#3983,#3984,#3985,#3986,#3987,#3988,#3989,
#3990,#3991,#3992,#3993,#3994,#3995,#3996,#3997,#3998,#3999,#4000,#4001,
#4002,#4003,#4004,#4005,#4006,#4007,#4008,#4009,#4010,#4011,#4012,#4013,
#4014,#4015,#4016,#4017,#4018,#4019,#4020,#4021,#4022,#4023,#4024,#4025,
#4026,#4027,#4028,#4029,#4030,#4031,#4032,#4033,#4034,#4035,#4036,#4037,
#4038,#4039,#4040,#4041,#4042,#4043,#4044,#4045,#4046,#4047,#4048,#4049,
#4050,#4051,#4052,#4053,#4054,#4055,#4056,#4057,#4058,#4059,#4060,#4061,
#4062,#4063,#4064,#4065,#4066,#4067,#4068,#4069,#4070,#4071,#4072,#4073,
#4074,#4075,#4076,#4077,#4078,#4079,#4080,#4081,#4082,#4083,#4084,#4085,
#4086,#4087,#4088,#4089,#4090,#4091,#4092,#4093,#4094,#4095,#4096,#4097,
#4098,#4099,#4100,#4101,#4102,#4103,#4104,#4105,#4106,#4107,#4108,#4109,
#4110,#4111));
#4162=CLOSED_SHELL('',(#4112,#4113,#4114,#4115,#4116,#4117,#4118,#4119,
#4120,#4121));
#4163=CLOSED_SHELL('',(#4122,#4123,#4124,#4125,#4126,#4127,#4128,#4129,
#4130,#4131));
#4164=CLOSED_SHELL('',(#4132,#4133,#4134,#4135,#4136,#4137,#4138,#4139,
#4140,#4141));
#4165=CLOSED_SHELL('',(#4142,#4143,#4144,#4145,#4146,#4147,#4148));
#4166=CLOSED_SHELL('',(#4149,#4150,#4151,#4152,#4153,#4154));
#4167=CLOSED_SHELL('',(#4155,#4156,#4157,#4158,#4159,#4160));
#4168=DERIVED_UNIT_ELEMENT(#4170,1.);
#4169=DERIVED_UNIT_ELEMENT(#10218,-3.);
#4170=(
MASS_UNIT()
NAMED_UNIT(*)
SI_UNIT(.KILO.,.GRAM.)
);
#4171=DERIVED_UNIT((#4168,#4169));
#4172=MEASURE_REPRESENTATION_ITEM('density measure',
POSITIVE_RATIO_MEASURE(7850.),#4171);
#4173=PROPERTY_DEFINITION_REPRESENTATION(#4178,#4175);
#4174=PROPERTY_DEFINITION_REPRESENTATION(#4179,#4176);
#4175=REPRESENTATION('material name',(#4177),#10215);
#4176=REPRESENTATION('density',(#4172),#10215);
#4177=DESCRIPTIVE_REPRESENTATION_ITEM('Steel','Steel');
#4178=PROPERTY_DEFINITION('material property','material name',#10230);
#4179=PROPERTY_DEFINITION('material property','density of part',#10230);
#4180=AXIS2_PLACEMENT_3D('',#5892,#4659,#4660);
#4181=AXIS2_PLACEMENT_3D('',#5893,#4661,#4662);
#4182=AXIS2_PLACEMENT_3D('',#5894,#4663,#4664);
#4183=AXIS2_PLACEMENT_3D('',#5896,#4665,#4666);
#4184=AXIS2_PLACEMENT_3D('',#5899,#4668,#4669);
#4185=AXIS2_PLACEMENT_3D('',#5900,#4670,#4671);
#4186=AXIS2_PLACEMENT_3D('',#5901,#4672,#4673);
#4187=AXIS2_PLACEMENT_3D('',#5903,#4674,#4675);
#4188=AXIS2_PLACEMENT_3D('',#5906,#4677,#4678);
#4189=AXIS2_PLACEMENT_3D('',#5907,#4679,#4680);
#4190=AXIS2_PLACEMENT_3D('',#5908,#4681,#4682);
#4191=AXIS2_PLACEMENT_3D('',#5910,#4683,#4684);
#4192=AXIS2_PLACEMENT_3D('',#5913,#4686,#4687);
#4193=AXIS2_PLACEMENT_3D('',#5914,#4688,#4689);
#4194=AXIS2_PLACEMENT_3D('',#5915,#4690,#4691);
#4195=AXIS2_PLACEMENT_3D('',#5917,#4692,#4693);
#4196=AXIS2_PLACEMENT_3D('',#5920,#4695,#4696);
#4197=AXIS2_PLACEMENT_3D('',#5921,#4697,#4698);
#4198=AXIS2_PLACEMENT_3D('',#5922,#4699,#4700);
#4199=AXIS2_PLACEMENT_3D('',#5924,#4701,#4702);
#4200=AXIS2_PLACEMENT_3D('',#5927,#4704,#4705);
#4201=AXIS2_PLACEMENT_3D('',#5928,#4706,#4707);
#4202=AXIS2_PLACEMENT_3D('',#5929,#4708,#4709);
#4203=AXIS2_PLACEMENT_3D('',#5931,#4710,#4711);
#4204=AXIS2_PLACEMENT_3D('',#5934,#4713,#4714);
#4205=AXIS2_PLACEMENT_3D('',#5935,#4715,#4716);
#4206=AXIS2_PLACEMENT_3D('',#5936,#4717,#4718);
#4207=AXIS2_PLACEMENT_3D('',#5938,#4719,#4720);
#4208=AXIS2_PLACEMENT_3D('',#5941,#4722,#4723);
#4209=AXIS2_PLACEMENT_3D('',#5942,#4724,#4725);
#4210=AXIS2_PLACEMENT_3D('',#5943,#4726,#4727);
#4211=AXIS2_PLACEMENT_3D('',#5945,#4728,#4729);
#4212=AXIS2_PLACEMENT_3D('',#5948,#4731,#4732);
#4213=AXIS2_PLACEMENT_3D('',#5949,#4733,#4734);
#4214=AXIS2_PLACEMENT_3D('',#5950,#4735,#4736);
#4215=AXIS2_PLACEMENT_3D('',#5952,#4737,#4738);
#4216=AXIS2_PLACEMENT_3D('',#5955,#4740,#4741);
#4217=AXIS2_PLACEMENT_3D('',#5956,#4742,#4743);
#4218=AXIS2_PLACEMENT_3D('',#5957,#4744,#4745);
#4219=AXIS2_PLACEMENT_3D('',#5959,#4746,#4747);
#4220=AXIS2_PLACEMENT_3D('',#5962,#4749,#4750);
#4221=AXIS2_PLACEMENT_3D('',#5963,#4751,#4752);
#4222=AXIS2_PLACEMENT_3D('',#5964,#4753,#4754);
#4223=AXIS2_PLACEMENT_3D('',#5967,#4755,#4756);
#4224=AXIS2_PLACEMENT_3D('',#5971,#4758,#4759);
#4225=AXIS2_PLACEMENT_3D('',#5973,#4761,#4762);
#4226=AXIS2_PLACEMENT_3D('',#5975,#4763,#4764);
#4227=AXIS2_PLACEMENT_3D('',#5978,#4766,#4767);
#4228=AXIS2_PLACEMENT_3D('',#5979,#4768,#4769);
#4229=AXIS2_PLACEMENT_3D('',#5981,#4770,#4771);
#4230=AXIS2_PLACEMENT_3D('',#5984,#4773,#4774);
#4231=AXIS2_PLACEMENT_3D('',#5985,#4775,#4776);
#4232=AXIS2_PLACEMENT_3D('',#5987,#4777,#4778);
#4233=AXIS2_PLACEMENT_3D('',#5990,#4780,#4781);
#4234=AXIS2_PLACEMENT_3D('',#5991,#4782,#4783);
#4235=AXIS2_PLACEMENT_3D('',#5993,#4784,#4785);
#4236=AXIS2_PLACEMENT_3D('',#5996,#4787,#4788);
#4237=AXIS2_PLACEMENT_3D('',#5997,#4789,#4790);
#4238=AXIS2_PLACEMENT_3D('',#5999,#4791,#4792);
#4239=AXIS2_PLACEMENT_3D('',#6002,#4794,#4795);
#4240=AXIS2_PLACEMENT_3D('',#6003,#4796,#4797);
#4241=AXIS2_PLACEMENT_3D('',#6005,#4798,#4799);
#4242=AXIS2_PLACEMENT_3D('',#6008,#4801,#4802);
#4243=AXIS2_PLACEMENT_3D('',#6009,#4803,#4804);
#4244=AXIS2_PLACEMENT_3D('',#6010,#4805,#4806);
#4245=AXIS2_PLACEMENT_3D('',#6011,#4807,#4808);
#4246=AXIS2_PLACEMENT_3D('',#6012,#4809,#4810);
#4247=AXIS2_PLACEMENT_3D('',#6125,#4813,#4814);
#4248=AXIS2_PLACEMENT_3D('',#6127,#4815,#4816);
#4249=AXIS2_PLACEMENT_3D('',#6130,#4818,#4819);
#4250=AXIS2_PLACEMENT_3D('',#6234,#4821,#4822);
#4251=AXIS2_PLACEMENT_3D('',#6235,#4823,#4824);
#4252=AXIS2_PLACEMENT_3D('',#6236,#4825,#4826);
#4253=AXIS2_PLACEMENT_3D('',#6237,#4827,#4828);
#4254=AXIS2_PLACEMENT_3D('',#6238,#4829,#4830);
#4255=AXIS2_PLACEMENT_3D('',#6241,#4831,#4832);
#4256=AXIS2_PLACEMENT_3D('',#6245,#4834,#4835);
#4257=AXIS2_PLACEMENT_3D('',#6247,#4837,#4838);
#4258=AXIS2_PLACEMENT_3D('',#6249,#4839,#4840);
#4259=AXIS2_PLACEMENT_3D('',#6252,#4842,#4843);
#4260=AXIS2_PLACEMENT_3D('',#6253,#4844,#4845);
#4261=AXIS2_PLACEMENT_3D('',#6255,#4846,#4847);
#4262=AXIS2_PLACEMENT_3D('',#6258,#4849,#4850);
#4263=AXIS2_PLACEMENT_3D('',#6259,#4851,#4852);
#4264=AXIS2_PLACEMENT_3D('',#6261,#4853,#4854);
#4265=AXIS2_PLACEMENT_3D('',#6264,#4856,#4857);
#4266=AXIS2_PLACEMENT_3D('',#6265,#4858,#4859);
#4267=AXIS2_PLACEMENT_3D('',#6267,#4860,#4861);
#4268=AXIS2_PLACEMENT_3D('',#6270,#4863,#4864);
#4269=AXIS2_PLACEMENT_3D('',#6271,#4865,#4866);
#4270=AXIS2_PLACEMENT_3D('',#6273,#4867,#4868);
#4271=AXIS2_PLACEMENT_3D('',#6276,#4870,#4871);
#4272=AXIS2_PLACEMENT_3D('',#6277,#4872,#4873);
#4273=AXIS2_PLACEMENT_3D('',#6279,#4874,#4875);
#4274=AXIS2_PLACEMENT_3D('',#6282,#4877,#4878);
#4275=AXIS2_PLACEMENT_3D('',#6283,#4879,#4880);
#4276=AXIS2_PLACEMENT_3D('',#6284,#4881,#4882);
#4277=AXIS2_PLACEMENT_3D('',#6285,#4883,#4884);
#4278=AXIS2_PLACEMENT_3D('',#6286,#4885,#4886);
#4279=AXIS2_PLACEMENT_3D('',#6399,#4889,#4890);
#4280=AXIS2_PLACEMENT_3D('',#6401,#4891,#4892);
#4281=AXIS2_PLACEMENT_3D('',#6404,#4894,#4895);
#4282=AXIS2_PLACEMENT_3D('',#6491,#4898,#4899);
#4283=AXIS2_PLACEMENT_3D('',#6492,#4900,#4901);
#4284=AXIS2_PLACEMENT_3D('',#6493,#4902,#4903);
#4285=AXIS2_PLACEMENT_3D('',#6494,#4904,#4905);
#4286=AXIS2_PLACEMENT_3D('',#6553,#4908,#4909);
#4287=AXIS2_PLACEMENT_3D('',#6555,#4910,#4911);
#4288=AXIS2_PLACEMENT_3D('',#6558,#4913,#4914);
#4289=AXIS2_PLACEMENT_3D('',#6614,#4916,#4917);
#4290=AXIS2_PLACEMENT_3D('',#6615,#4918,#4919);
#4291=AXIS2_PLACEMENT_3D('',#6616,#4920,#4921);
#4292=AXIS2_PLACEMENT_3D('',#6617,#4922,#4923);
#4293=AXIS2_PLACEMENT_3D('',#6618,#4924,#4925);
#4294=AXIS2_PLACEMENT_3D('',#6621,#4926,#4927);
#4295=AXIS2_PLACEMENT_3D('',#6625,#4929,#4930);
#4296=AXIS2_PLACEMENT_3D('',#6627,#4932,#4933);
#4297=AXIS2_PLACEMENT_3D('',#6629,#4934,#4935);
#4298=AXIS2_PLACEMENT_3D('',#6632,#4937,#4938);
#4299=AXIS2_PLACEMENT_3D('',#6633,#4939,#4940);
#4300=AXIS2_PLACEMENT_3D('',#6635,#4941,#4942);
#4301=AXIS2_PLACEMENT_3D('',#6638,#4944,#4945);
#4302=AXIS2_PLACEMENT_3D('',#6639,#4946,#4947);
#4303=AXIS2_PLACEMENT_3D('',#6641,#4948,#4949);
#4304=AXIS2_PLACEMENT_3D('',#6644,#4951,#4952);
#4305=AXIS2_PLACEMENT_3D('',#6645,#4953,#4954);
#4306=AXIS2_PLACEMENT_3D('',#6647,#4955,#4956);
#4307=AXIS2_PLACEMENT_3D('',#6650,#4958,#4959);
#4308=AXIS2_PLACEMENT_3D('',#6651,#4960,#4961);
#4309=AXIS2_PLACEMENT_3D('',#6653,#4962,#4963);
#4310=AXIS2_PLACEMENT_3D('',#6656,#4965,#4966);
#4311=AXIS2_PLACEMENT_3D('',#6657,#4967,#4968);
#4312=AXIS2_PLACEMENT_3D('',#6659,#4969,#4970);
#4313=AXIS2_PLACEMENT_3D('',#6662,#4972,#4973);
#4314=AXIS2_PLACEMENT_3D('',#6663,#4974,#4975);
#4315=AXIS2_PLACEMENT_3D('',#6664,#4976,#4977);
#4316=AXIS2_PLACEMENT_3D('',#6665,#4978,#4979);
#4317=AXIS2_PLACEMENT_3D('',#6666,#4980,#4981);
#4318=AXIS2_PLACEMENT_3D('',#6734,#4982,#4983);
#4319=AXIS2_PLACEMENT_3D('',#6736,#4984,#4985);
#4320=AXIS2_PLACEMENT_3D('',#6753,#4986,#4987);
#4321=AXIS2_PLACEMENT_3D('',#7156,#4989,#4990);
#4322=AXIS2_PLACEMENT_3D('',#7197,#4993,#4994);
#4323=AXIS2_PLACEMENT_3D('',#7843,#4998,#4999);
#4324=AXIS2_PLACEMENT_3D('',#7865,#5002,#5003);
#4325=AXIS2_PLACEMENT_3D('',#8010,#5005,#5006);
#4326=AXIS2_PLACEMENT_3D('',#8014,#5008,#5009);
#4327=AXIS2_PLACEMENT_3D('',#8043,#5010,#5011);
#4328=AXIS2_PLACEMENT_3D('',#8044,#5012,#5013);
#4329=AXIS2_PLACEMENT_3D('',#8047,#5016,#5017);
#4330=AXIS2_PLACEMENT_3D('',#8051,#5019,#5020);
#4331=AXIS2_PLACEMENT_3D('',#8055,#5022,#5023);
#4332=AXIS2_PLACEMENT_3D('',#8061,#5026,#5027);
#4333=AXIS2_PLACEMENT_3D('',#8065,#5029,#5030);
#4334=AXIS2_PLACEMENT_3D('',#8069,#5032,#5033);
#4335=AXIS2_PLACEMENT_3D('',#8079,#5038,#5039);
#4336=AXIS2_PLACEMENT_3D('',#8083,#5041,#5042);
#4337=AXIS2_PLACEMENT_3D('',#8086,#5044,#5045);
#4338=AXIS2_PLACEMENT_3D('',#8088,#5046,#5047);
#4339=AXIS2_PLACEMENT_3D('',#8090,#5048,#5049);
#4340=AXIS2_PLACEMENT_3D('',#8092,#5050,#5051);
#4341=AXIS2_PLACEMENT_3D('',#8094,#5052,#5053);
#4342=AXIS2_PLACEMENT_3D('',#8096,#5054,#5055);
#4343=AXIS2_PLACEMENT_3D('',#8098,#5056,#5057);
#4344=AXIS2_PLACEMENT_3D('',#8100,#5058,#5059);
#4345=AXIS2_PLACEMENT_3D('',#8102,#5060,#5061);
#4346=AXIS2_PLACEMENT_3D('',#8103,#5062,#5063);
#4347=AXIS2_PLACEMENT_3D('',#8107,#5065,#5066);
#4348=AXIS2_PLACEMENT_3D('',#8111,#5068,#5069);
#4349=AXIS2_PLACEMENT_3D('',#8118,#5073,#5074);
#4350=AXIS2_PLACEMENT_3D('',#8122,#5076,#5077);
#4351=AXIS2_PLACEMENT_3D('',#8126,#5079,#5080);
#4352=AXIS2_PLACEMENT_3D('',#8128,#5081,#5082);
#4353=AXIS2_PLACEMENT_3D('',#8130,#5083,#5084);
#4354=AXIS2_PLACEMENT_3D('',#8134,#5086,#5087);
#4355=AXIS2_PLACEMENT_3D('',#8138,#5089,#5090);
#4356=AXIS2_PLACEMENT_3D('',#8142,#5092,#5093);
#4357=AXIS2_PLACEMENT_3D('',#8144,#5094,#5095);
#4358=AXIS2_PLACEMENT_3D('',#8146,#5096,#5097);
#4359=AXIS2_PLACEMENT_3D('',#8150,#5099,#5100);
#4360=AXIS2_PLACEMENT_3D('',#8154,#5102,#5103);
#4361=AXIS2_PLACEMENT_3D('',#8158,#5105,#5106);
#4362=AXIS2_PLACEMENT_3D('',#8160,#5107,#5108);
#4363=AXIS2_PLACEMENT_3D('',#8162,#5109,#5110);
#4364=AXIS2_PLACEMENT_3D('',#8166,#5112,#5113);
#4365=AXIS2_PLACEMENT_3D('',#8170,#5115,#5116);
#4366=AXIS2_PLACEMENT_3D('',#8174,#5118,#5119);
#4367=AXIS2_PLACEMENT_3D('',#8176,#5120,#5121);
#4368=AXIS2_PLACEMENT_3D('',#8178,#5122,#5123);
#4369=AXIS2_PLACEMENT_3D('',#8182,#5125,#5126);
#4370=AXIS2_PLACEMENT_3D('',#8186,#5128,#5129);
#4371=AXIS2_PLACEMENT_3D('',#8190,#5131,#5132);
#4372=AXIS2_PLACEMENT_3D('',#8194,#5134,#5135);
#4373=AXIS2_PLACEMENT_3D('',#8198,#5137,#5138);
#4374=AXIS2_PLACEMENT_3D('',#8202,#5140,#5141);
#4375=AXIS2_PLACEMENT_3D('',#8206,#5143,#5144);
#4376=AXIS2_PLACEMENT_3D('',#8208,#5145,#5146);
#4377=AXIS2_PLACEMENT_3D('',#8210,#5147,#5148);
#4378=AXIS2_PLACEMENT_3D('',#8214,#5150,#5151);
#4379=AXIS2_PLACEMENT_3D('',#8218,#5153,#5154);
#4380=AXIS2_PLACEMENT_3D('',#8222,#5156,#5157);
#4381=AXIS2_PLACEMENT_3D('',#8224,#5158,#5159);
#4382=AXIS2_PLACEMENT_3D('',#8226,#5160,#5161);
#4383=AXIS2_PLACEMENT_3D('',#8230,#5163,#5164);
#4384=AXIS2_PLACEMENT_3D('',#8234,#5166,#5167);
#4385=AXIS2_PLACEMENT_3D('',#8238,#5169,#5170);
#4386=AXIS2_PLACEMENT_3D('',#8240,#5171,#5172);
#4387=AXIS2_PLACEMENT_3D('',#8242,#5173,#5174);
#4388=AXIS2_PLACEMENT_3D('',#8246,#5176,#5177);
#4389=AXIS2_PLACEMENT_3D('',#8250,#5179,#5180);
#4390=AXIS2_PLACEMENT_3D('',#8254,#5182,#5183);
#4391=AXIS2_PLACEMENT_3D('',#8256,#5184,#5185);
#4392=AXIS2_PLACEMENT_3D('',#8258,#5186,#5187);
#4393=AXIS2_PLACEMENT_3D('',#8262,#5189,#5190);
#4394=AXIS2_PLACEMENT_3D('',#8265,#5192,#5193);
#4395=AXIS2_PLACEMENT_3D('',#8266,#5194,#5195);
#4396=AXIS2_PLACEMENT_3D('',#8268,#5197,#5198);
#4397=AXIS2_PLACEMENT_3D('',#8270,#5199,#5200);
#4398=AXIS2_PLACEMENT_3D('',#8272,#5202,#5203);
#4399=AXIS2_PLACEMENT_3D('',#8274,#5204,#5205);
#4400=AXIS2_PLACEMENT_3D('',#8275,#5206,#5207);
#4401=AXIS2_PLACEMENT_3D('',#8276,#5208,#5209);
#4402=AXIS2_PLACEMENT_3D('',#8278,#5210,#5211);
#4403=AXIS2_PLACEMENT_3D('',#8280,#5213,#5214);
#4404=AXIS2_PLACEMENT_3D('',#8282,#5215,#5216);
#4405=AXIS2_PLACEMENT_3D('',#8283,#5217,#5218);
#4406=AXIS2_PLACEMENT_3D('',#8284,#5219,#5220);
#4407=AXIS2_PLACEMENT_3D('',#8381,#5223,#5224);
#4408=AXIS2_PLACEMENT_3D('',#8519,#5228,#5229);
#4409=AXIS2_PLACEMENT_3D('',#8520,#5230,#5231);
#4410=AXIS2_PLACEMENT_3D('',#8522,#5233,#5234);
#4411=AXIS2_PLACEMENT_3D('',#8524,#5236,#5237);
#4412=AXIS2_PLACEMENT_3D('',#8621,#5240,#5241);
#4413=AXIS2_PLACEMENT_3D('',#8709,#5243,#5244);
#4414=AXIS2_PLACEMENT_3D('',#8797,#5246,#5247);
#4415=AXIS2_PLACEMENT_3D('',#9008,#5252,#5253);
#4416=AXIS2_PLACEMENT_3D('',#9096,#5255,#5256);
#4417=AXIS2_PLACEMENT_3D('',#9176,#5258,#5259);
#4418=AXIS2_PLACEMENT_3D('',#9177,#5260,#5261);
#4419=AXIS2_PLACEMENT_3D('',#9186,#5267,#5268);
#4420=AXIS2_PLACEMENT_3D('',#9191,#5272,#5273);
#4421=AXIS2_PLACEMENT_3D('',#9193,#5275,#5276);
#4422=AXIS2_PLACEMENT_3D('',#9195,#5278,#5279);
#4423=AXIS2_PLACEMENT_3D('',#9197,#5281,#5282);
#4424=AXIS2_PLACEMENT_3D('',#9209,#5290,#5291);
#4425=AXIS2_PLACEMENT_3D('',#9211,#5293,#5294);
#4426=AXIS2_PLACEMENT_3D('',#9213,#5296,#5297);
#4427=AXIS2_PLACEMENT_3D('',#9227,#5306,#5307);
#4428=AXIS2_PLACEMENT_3D('',#9230,#5309,#5310);
#4429=AXIS2_PLACEMENT_3D('',#9231,#5311,#5312);
#4430=AXIS2_PLACEMENT_3D('',#9233,#5313,#5314);
#4431=AXIS2_PLACEMENT_3D('',#9235,#5316,#5317);
#4432=AXIS2_PLACEMENT_3D('',#9237,#5318,#5319);
#4433=AXIS2_PLACEMENT_3D('',#9239,#5321,#5322);
#4434=AXIS2_PLACEMENT_3D('',#9241,#5323,#5324);
#4435=AXIS2_PLACEMENT_3D('',#9243,#5325,#5326);
#4436=AXIS2_PLACEMENT_3D('',#9245,#5327,#5328);
#4437=AXIS2_PLACEMENT_3D('',#9249,#5330,#5331);
#4438=AXIS2_PLACEMENT_3D('',#9252,#5333,#5334);
#4439=AXIS2_PLACEMENT_3D('',#9253,#5335,#5336);
#4440=AXIS2_PLACEMENT_3D('',#9255,#5337,#5338);
#4441=AXIS2_PLACEMENT_3D('',#9257,#5339,#5340);
#4442=AXIS2_PLACEMENT_3D('',#9259,#5341,#5342);
#4443=AXIS2_PLACEMENT_3D('',#9263,#5344,#5345);
#4444=AXIS2_PLACEMENT_3D('',#9266,#5347,#5348);
#4445=AXIS2_PLACEMENT_3D('',#9268,#5349,#5350);
#4446=AXIS2_PLACEMENT_3D('',#9269,#5351,#5352);
#4447=AXIS2_PLACEMENT_3D('',#9271,#5353,#5354);
#4448=AXIS2_PLACEMENT_3D('',#9273,#5356,#5357);
#4449=AXIS2_PLACEMENT_3D('',#9275,#5358,#5359);
#4450=AXIS2_PLACEMENT_3D('',#9277,#5361,#5362);
#4451=AXIS2_PLACEMENT_3D('',#9279,#5363,#5364);
#4452=AXIS2_PLACEMENT_3D('',#9281,#5366,#5367);
#4453=AXIS2_PLACEMENT_3D('',#9283,#5369,#5370);
#4454=AXIS2_PLACEMENT_3D('',#9285,#5371,#5372);
#4455=AXIS2_PLACEMENT_3D('',#9287,#5374,#5375);
#4456=AXIS2_PLACEMENT_3D('',#9289,#5376,#5377);
#4457=AXIS2_PLACEMENT_3D('',#9291,#5379,#5380);
#4458=AXIS2_PLACEMENT_3D('',#9293,#5381,#5382);
#4459=AXIS2_PLACEMENT_3D('',#9295,#5384,#5385);
#4460=AXIS2_PLACEMENT_3D('',#9297,#5387,#5388);
#4461=AXIS2_PLACEMENT_3D('',#9299,#5390,#5391);
#4462=AXIS2_PLACEMENT_3D('',#9301,#5393,#5394);
#4463=AXIS2_PLACEMENT_3D('',#9303,#5396,#5397);
#4464=AXIS2_PLACEMENT_3D('',#9305,#5399,#5400);
#4465=AXIS2_PLACEMENT_3D('',#9307,#5402,#5403);
#4466=AXIS2_PLACEMENT_3D('',#9308,#5404,#5405);
#4467=AXIS2_PLACEMENT_3D('',#9314,#5409,#5410);
#4468=AXIS2_PLACEMENT_3D('',#9317,#5412,#5413);
#4469=AXIS2_PLACEMENT_3D('',#9318,#5414,#5415);
#4470=AXIS2_PLACEMENT_3D('',#9322,#5417,#5418);
#4471=AXIS2_PLACEMENT_3D('',#9324,#5420,#5421);
#4472=AXIS2_PLACEMENT_3D('',#9327,#5423,#5424);
#4473=AXIS2_PLACEMENT_3D('',#9328,#5425,#5426);
#4474=AXIS2_PLACEMENT_3D('',#9331,#5428,#5429);
#4475=AXIS2_PLACEMENT_3D('',#9332,#5430,#5431);
#4476=AXIS2_PLACEMENT_3D('',#9336,#5434,#5435);
#4477=AXIS2_PLACEMENT_3D('',#9337,#5436,#5437);
#4478=AXIS2_PLACEMENT_3D('',#9338,#5438,#5439);
#4479=AXIS2_PLACEMENT_3D('',#9340,#5441,#5442);
#4480=AXIS2_PLACEMENT_3D('',#9346,#5446,#5447);
#4481=AXIS2_PLACEMENT_3D('',#9349,#5449,#5450);
#4482=AXIS2_PLACEMENT_3D('',#9350,#5451,#5452);
#4483=AXIS2_PLACEMENT_3D('',#9353,#5454,#5455);
#4484=AXIS2_PLACEMENT_3D('',#9354,#5456,#5457);
#4485=AXIS2_PLACEMENT_3D('',#9355,#5458,#5459);
#4486=AXIS2_PLACEMENT_3D('',#9356,#5460,#5461);
#4487=AXIS2_PLACEMENT_3D('',#9359,#5463,#5464);
#4488=AXIS2_PLACEMENT_3D('',#9360,#5465,#5466);
#4489=AXIS2_PLACEMENT_3D('',#9364,#5469,#5470);
#4490=AXIS2_PLACEMENT_3D('',#9365,#5471,#5472);
#4491=AXIS2_PLACEMENT_3D('',#9366,#5473,#5474);
#4492=AXIS2_PLACEMENT_3D('',#9367,#5475,#5476);
#4493=AXIS2_PLACEMENT_3D('',#9371,#5479,#5480);
#4494=AXIS2_PLACEMENT_3D('',#9374,#5482,#5483);
#4495=AXIS2_PLACEMENT_3D('',#9375,#5484,#5485);
#4496=AXIS2_PLACEMENT_3D('',#9379,#5488,#5489);
#4497=AXIS2_PLACEMENT_3D('',#9382,#5491,#5492);
#4498=AXIS2_PLACEMENT_3D('',#9383,#5493,#5494);
#4499=AXIS2_PLACEMENT_3D('',#9384,#5495,#5496);
#4500=AXIS2_PLACEMENT_3D('',#9385,#5497,#5498);
#4501=AXIS2_PLACEMENT_3D('',#9386,#5499,#5500);
#4502=AXIS2_PLACEMENT_3D('',#9388,#5502,#5503);
#4503=AXIS2_PLACEMENT_3D('',#9390,#5505,#5506);
#4504=AXIS2_PLACEMENT_3D('',#9392,#5508,#5509);
#4505=AXIS2_PLACEMENT_3D('',#9394,#5511,#5512);
#4506=AXIS2_PLACEMENT_3D('',#9396,#5514,#5515);
#4507=AXIS2_PLACEMENT_3D('',#9398,#5517,#5518);
#4508=AXIS2_PLACEMENT_3D('',#9399,#5519,#5520);
#4509=AXIS2_PLACEMENT_3D('',#9403,#5522,#5523);
#4510=AXIS2_PLACEMENT_3D('',#9405,#5525,#5526);
#4511=AXIS2_PLACEMENT_3D('',#9409,#5529,#5530);
#4512=AXIS2_PLACEMENT_3D('',#9412,#5532,#5533);
#4513=AXIS2_PLACEMENT_3D('',#9413,#5534,#5535);
#4514=AXIS2_PLACEMENT_3D('',#9417,#5538,#5539);
#4515=AXIS2_PLACEMENT_3D('',#9420,#5541,#5542);
#4516=AXIS2_PLACEMENT_3D('',#9421,#5543,#5544);
#4517=AXIS2_PLACEMENT_3D('',#9425,#5546,#5547);
#4518=AXIS2_PLACEMENT_3D('',#9427,#5549,#5550);
#4519=AXIS2_PLACEMENT_3D('',#9428,#5551,#5552);
#4520=AXIS2_PLACEMENT_3D('',#9429,#5553,#5554);
#4521=AXIS2_PLACEMENT_3D('',#9431,#5556,#5557);
#4522=AXIS2_PLACEMENT_3D('',#9437,#5561,#5562);
#4523=AXIS2_PLACEMENT_3D('',#9440,#5564,#5565);
#4524=AXIS2_PLACEMENT_3D('',#9441,#5566,#5567);
#4525=AXIS2_PLACEMENT_3D('',#9444,#5569,#5570);
#4526=AXIS2_PLACEMENT_3D('',#9445,#5571,#5572);
#4527=AXIS2_PLACEMENT_3D('',#9446,#5573,#5574);
#4528=AXIS2_PLACEMENT_3D('',#9447,#5575,#5576);
#4529=AXIS2_PLACEMENT_3D('',#9450,#5578,#5579);
#4530=AXIS2_PLACEMENT_3D('',#9451,#5580,#5581);
#4531=AXIS2_PLACEMENT_3D('',#9455,#5584,#5585);
#4532=AXIS2_PLACEMENT_3D('',#9456,#5586,#5587);
#4533=AXIS2_PLACEMENT_3D('',#9457,#5588,#5589);
#4534=AXIS2_PLACEMENT_3D('',#9458,#5590,#5591);
#4535=AXIS2_PLACEMENT_3D('',#9464,#5595,#5596);
#4536=AXIS2_PLACEMENT_3D('',#9467,#5598,#5599);
#4537=AXIS2_PLACEMENT_3D('',#9468,#5600,#5601);
#4538=AXIS2_PLACEMENT_3D('',#9472,#5604,#5605);
#4539=AXIS2_PLACEMENT_3D('',#9475,#5607,#5608);
#4540=AXIS2_PLACEMENT_3D('',#9476,#5609,#5610);
#4541=AXIS2_PLACEMENT_3D('',#9479,#5612,#5613);
#4542=AXIS2_PLACEMENT_3D('',#9480,#5614,#5615);
#4543=AXIS2_PLACEMENT_3D('',#9482,#5617,#5618);
#4544=AXIS2_PLACEMENT_3D('',#9483,#5619,#5620);
#4545=AXIS2_PLACEMENT_3D('',#9484,#5621,#5622);
#4546=AXIS2_PLACEMENT_3D('',#9485,#5623,#5624);
#4547=AXIS2_PLACEMENT_3D('',#9486,#5625,#5626);
#4548=AXIS2_PLACEMENT_3D('',#9489,#5629,#5630);
#4549=AXIS2_PLACEMENT_3D('',#9490,#5631,#5632);
#4550=AXIS2_PLACEMENT_3D('',#9492,#5634,#5635);
#4551=AXIS2_PLACEMENT_3D('',#9494,#5637,#5638);
#4552=AXIS2_PLACEMENT_3D('',#9496,#5640,#5641);
#4553=AXIS2_PLACEMENT_3D('',#9497,#5642,#5643);
#4554=AXIS2_PLACEMENT_3D('',#9498,#5644,#5645);
#4555=AXIS2_PLACEMENT_3D('',#9500,#5647,#5648);
#4556=AXIS2_PLACEMENT_3D('',#9501,#5649,#5650);
#4557=AXIS2_PLACEMENT_3D('',#9504,#5651,#5652);
#4558=AXIS2_PLACEMENT_3D('',#9508,#5654,#5655);
#4559=AXIS2_PLACEMENT_3D('',#9510,#5657,#5658);
#4560=AXIS2_PLACEMENT_3D('',#9512,#5659,#5660);
#4561=AXIS2_PLACEMENT_3D('',#9514,#5661,#5662);
#4562=AXIS2_PLACEMENT_3D('',#9516,#5664,#5665);
#4563=AXIS2_PLACEMENT_3D('',#9518,#5666,#5667);
#4564=AXIS2_PLACEMENT_3D('',#9520,#5668,#5669);
#4565=AXIS2_PLACEMENT_3D('',#9522,#5671,#5672);
#4566=AXIS2_PLACEMENT_3D('',#9524,#5673,#5674);
#4567=AXIS2_PLACEMENT_3D('',#9526,#5675,#5676);
#4568=AXIS2_PLACEMENT_3D('',#9528,#5678,#5679);
#4569=AXIS2_PLACEMENT_3D('',#9530,#5680,#5681);
#4570=AXIS2_PLACEMENT_3D('',#9532,#5682,#5683);
#4571=AXIS2_PLACEMENT_3D('',#9534,#5685,#5686);
#4572=AXIS2_PLACEMENT_3D('',#9536,#5687,#5688);
#4573=AXIS2_PLACEMENT_3D('',#9538,#5689,#5690);
#4574=AXIS2_PLACEMENT_3D('',#9540,#5692,#5693);
#4575=AXIS2_PLACEMENT_3D('',#9542,#5694,#5695);
#4576=AXIS2_PLACEMENT_3D('',#9544,#5696,#5697);
#4577=AXIS2_PLACEMENT_3D('',#9546,#5699,#5700);
#4578=AXIS2_PLACEMENT_3D('',#9547,#5701,#5702);
#4579=AXIS2_PLACEMENT_3D('',#9548,#5703,#5704);
#4580=AXIS2_PLACEMENT_3D('',#9549,#5705,#5706);
#4581=AXIS2_PLACEMENT_3D('',#9550,#5707,#5708);
#4582=AXIS2_PLACEMENT_3D('',#9551,#5709,#5710);
#4583=AXIS2_PLACEMENT_3D('',#9554,#5711,#5712);
#4584=AXIS2_PLACEMENT_3D('',#9558,#5714,#5715);
#4585=AXIS2_PLACEMENT_3D('',#9560,#5717,#5718);
#4586=AXIS2_PLACEMENT_3D('',#9562,#5719,#5720);
#4587=AXIS2_PLACEMENT_3D('',#9564,#5721,#5722);
#4588=AXIS2_PLACEMENT_3D('',#9566,#5724,#5725);
#4589=AXIS2_PLACEMENT_3D('',#9568,#5726,#5727);
#4590=AXIS2_PLACEMENT_3D('',#9570,#5728,#5729);
#4591=AXIS2_PLACEMENT_3D('',#9572,#5731,#5732);
#4592=AXIS2_PLACEMENT_3D('',#9574,#5733,#5734);
#4593=AXIS2_PLACEMENT_3D('',#9576,#5735,#5736);
#4594=AXIS2_PLACEMENT_3D('',#9578,#5738,#5739);
#4595=AXIS2_PLACEMENT_3D('',#9580,#5740,#5741);
#4596=AXIS2_PLACEMENT_3D('',#9582,#5742,#5743);
#4597=AXIS2_PLACEMENT_3D('',#9584,#5745,#5746);
#4598=AXIS2_PLACEMENT_3D('',#9586,#5747,#5748);
#4599=AXIS2_PLACEMENT_3D('',#9588,#5749,#5750);
#4600=AXIS2_PLACEMENT_3D('',#9590,#5752,#5753);
#4601=AXIS2_PLACEMENT_3D('',#9592,#5754,#5755);
#4602=AXIS2_PLACEMENT_3D('',#9594,#5756,#5757);
#4603=AXIS2_PLACEMENT_3D('',#9596,#5759,#5760);
#4604=AXIS2_PLACEMENT_3D('',#9597,#5761,#5762);
#4605=AXIS2_PLACEMENT_3D('',#9598,#5763,#5764);
#4606=AXIS2_PLACEMENT_3D('',#9599,#5765,#5766);
#4607=AXIS2_PLACEMENT_3D('',#9600,#5767,#5768);
#4608=AXIS2_PLACEMENT_3D('',#9601,#5769,#5770);
#4609=AXIS2_PLACEMENT_3D('',#9604,#5771,#5772);
#4610=AXIS2_PLACEMENT_3D('',#9608,#5774,#5775);
#4611=AXIS2_PLACEMENT_3D('',#9610,#5777,#5778);
#4612=AXIS2_PLACEMENT_3D('',#9612,#5779,#5780);
#4613=AXIS2_PLACEMENT_3D('',#9614,#5781,#5782);
#4614=AXIS2_PLACEMENT_3D('',#9616,#5784,#5785);
#4615=AXIS2_PLACEMENT_3D('',#9618,#5786,#5787);
#4616=AXIS2_PLACEMENT_3D('',#9620,#5788,#5789);
#4617=AXIS2_PLACEMENT_3D('',#9622,#5791,#5792);
#4618=AXIS2_PLACEMENT_3D('',#9624,#5793,#5794);
#4619=AXIS2_PLACEMENT_3D('',#9626,#5795,#5796);
#4620=AXIS2_PLACEMENT_3D('',#9628,#5798,#5799);
#4621=AXIS2_PLACEMENT_3D('',#9630,#5800,#5801);
#4622=AXIS2_PLACEMENT_3D('',#9632,#5802,#5803);
#4623=AXIS2_PLACEMENT_3D('',#9634,#5805,#5806);
#4624=AXIS2_PLACEMENT_3D('',#9636,#5807,#5808);
#4625=AXIS2_PLACEMENT_3D('',#9638,#5809,#5810);
#4626=AXIS2_PLACEMENT_3D('',#9640,#5812,#5813);
#4627=AXIS2_PLACEMENT_3D('',#9642,#5814,#5815);
#4628=AXIS2_PLACEMENT_3D('',#9644,#5816,#5817);
#4629=AXIS2_PLACEMENT_3D('',#9646,#5819,#5820);
#4630=AXIS2_PLACEMENT_3D('',#9647,#5821,#5822);
#4631=AXIS2_PLACEMENT_3D('',#9648,#5823,#5824);
#4632=AXIS2_PLACEMENT_3D('',#9649,#5825,#5826);
#4633=AXIS2_PLACEMENT_3D('',#9650,#5827,#5828);
#4634=AXIS2_PLACEMENT_3D('',#9763,#5831,#5832);
#4635=AXIS2_PLACEMENT_3D('',#9765,#5833,#5834);
#4636=AXIS2_PLACEMENT_3D('',#9767,#5835,#5836);
#4637=AXIS2_PLACEMENT_3D('',#9855,#5840,#5841);
#4638=AXIS2_PLACEMENT_3D('',#9856,#5842,#5843);
#4639=AXIS2_PLACEMENT_3D('',#9857,#5844,#5845);
#4640=AXIS2_PLACEMENT_3D('',#9858,#5846,#5847);
#4641=AXIS2_PLACEMENT_3D('',#9859,#5848,#5849);
#4642=AXIS2_PLACEMENT_3D('',#9918,#5852,#5853);
#4643=AXIS2_PLACEMENT_3D('',#9920,#5854,#5855);
#4644=AXIS2_PLACEMENT_3D('',#9922,#5856,#5857);
#4645=AXIS2_PLACEMENT_3D('',#9979,#5860,#5861);
#4646=AXIS2_PLACEMENT_3D('',#9980,#5862,#5863);
#4647=AXIS2_PLACEMENT_3D('',#9981,#5864,#5865);
#4648=AXIS2_PLACEMENT_3D('',#9982,#5866,#5867);
#4649=AXIS2_PLACEMENT_3D('',#9983,#5868,#5869);
#4650=AXIS2_PLACEMENT_3D('',#10096,#5872,#5873);
#4651=AXIS2_PLACEMENT_3D('',#10098,#5874,#5875);
#4652=AXIS2_PLACEMENT_3D('',#10100,#5876,#5877);
#4653=AXIS2_PLACEMENT_3D('',#10205,#5880,#5881);
#4654=AXIS2_PLACEMENT_3D('',#10206,#5882,#5883);
#4655=AXIS2_PLACEMENT_3D('',#10207,#5884,#5885);
#4656=AXIS2_PLACEMENT_3D('',#10208,#5886,#5887);
#4657=AXIS2_PLACEMENT_3D('',#10209,#5888,#5889);
#4658=AXIS2_PLACEMENT_3D('',#10210,#5890,#5891);
#4659=DIRECTION('axis',(0.,0.,1.));
#4660=DIRECTION('refdir',(1.,0.,0.));
#4661=DIRECTION('axis',(0.,0.,1.));
#4662=DIRECTION('refdir',(1.,0.,0.));
#4663=DIRECTION('center_axis',(0.,-0.0610485395348549,0.998134798421867));
#4664=DIRECTION('ref_axis',(-1.,0.,0.));
#4665=DIRECTION('center_axis',(0.,-0.0610485395348582,0.998134798421867));
#4666=DIRECTION('ref_axis',(-1.,0.,0.));
#4667=DIRECTION('',(0.,-0.0610485395348549,0.998134798421867));
#4668=DIRECTION('center_axis',(0.,-0.0610485395348569,0.998134798421867));
#4669=DIRECTION('ref_axis',(-1.,0.,0.));
#4670=DIRECTION('center_axis',(0.,0.0610485395348569,-0.998134798421867));
#4671=DIRECTION('ref_axis',(-1.,0.,0.));
#4672=DIRECTION('center_axis',(0.,-0.0610485395348568,0.998134798421867));
#4673=DIRECTION('ref_axis',(-1.,0.,0.));
#4674=DIRECTION('center_axis',(0.,-0.0610485395348582,0.998134798421867));
#4675=DIRECTION('ref_axis',(-1.,0.,0.));
#4676=DIRECTION('',(0.,-0.0610485395348568,0.998134798421867));
#4677=DIRECTION('center_axis',(0.,-0.0610485395348569,0.998134798421867));
#4678=DIRECTION('ref_axis',(-1.,0.,0.));
#4679=DIRECTION('center_axis',(0.,0.0610485395348569,-0.998134798421867));
#4680=DIRECTION('ref_axis',(-1.,0.,0.));
#4681=DIRECTION('center_axis',(0.,-0.0610485395348568,0.998134798421867));
#4682=DIRECTION('ref_axis',(-1.,0.,0.));
#4683=DIRECTION('center_axis',(0.,-0.0610485395348582,0.998134798421867));
#4684=DIRECTION('ref_axis',(-1.,0.,0.));
#4685=DIRECTION('',(0.,-0.0610485395348568,0.998134798421867));
#4686=DIRECTION('center_axis',(0.,-0.0610485395348569,0.998134798421867));
#4687=DIRECTION('ref_axis',(-1.,0.,0.));
#4688=DIRECTION('center_axis',(0.,0.0610485395348569,-0.998134798421867));
#4689=DIRECTION('ref_axis',(-1.,0.,0.));
#4690=DIRECTION('center_axis',(0.,-0.0610485395348569,0.998134798421867));
#4691=DIRECTION('ref_axis',(-1.,0.,0.));
#4692=DIRECTION('center_axis',(0.,-0.0610485395348582,0.998134798421867));
#4693=DIRECTION('ref_axis',(-1.,0.,0.));
#4694=DIRECTION('',(0.,-0.0610485395348569,0.998134798421867));
#4695=DIRECTION('center_axis',(0.,-0.0610485395348569,0.998134798421867));
#4696=DIRECTION('ref_axis',(-1.,0.,0.));
#4697=DIRECTION('center_axis',(0.,0.0610485395348569,-0.998134798421867));
#4698=DIRECTION('ref_axis',(-1.,0.,0.));
#4699=DIRECTION('center_axis',(0.,-0.0610485395348549,0.998134798421867));
#4700=DIRECTION('ref_axis',(-1.,0.,0.));
#4701=DIRECTION('center_axis',(0.,-0.0610485395348582,0.998134798421867));
#4702=DIRECTION('ref_axis',(-1.,0.,0.));
#4703=DIRECTION('',(0.,-0.0610485395348549,0.998134798421867));
#4704=DIRECTION('center_axis',(0.,-0.0610485395348569,0.998134798421867));
#4705=DIRECTION('ref_axis',(-1.,0.,0.));
#4706=DIRECTION('center_axis',(0.,0.0610485395348569,-0.998134798421867));
#4707=DIRECTION('ref_axis',(-1.,0.,0.));
#4708=DIRECTION('center_axis',(0.,-0.0610485395348549,0.998134798421867));
#4709=DIRECTION('ref_axis',(-1.,0.,0.));
#4710=DIRECTION('center_axis',(0.,-0.0610485395348582,0.998134798421867));
#4711=DIRECTION('ref_axis',(-1.,0.,0.));
#4712=DIRECTION('',(0.,-0.0610485395348549,0.998134798421867));
#4713=DIRECTION('center_axis',(0.,-0.0610485395348569,0.998134798421867));
#4714=DIRECTION('ref_axis',(-1.,0.,0.));
#4715=DIRECTION('center_axis',(0.,0.0610485395348569,-0.998134798421867));
#4716=DIRECTION('ref_axis',(-1.,0.,0.));
#4717=DIRECTION('center_axis',(0.,-0.0610485395348568,0.998134798421867));
#4718=DIRECTION('ref_axis',(-1.,0.,0.));
#4719=DIRECTION('center_axis',(0.,-0.0610485395348582,0.998134798421867));
#4720=DIRECTION('ref_axis',(-1.,0.,0.));
#4721=DIRECTION('',(0.,-0.0610485395348568,0.998134798421867));
#4722=DIRECTION('center_axis',(0.,-0.0610485395348569,0.998134798421867));
#4723=DIRECTION('ref_axis',(-1.,0.,0.));
#4724=DIRECTION('center_axis',(0.,0.0610485395348569,-0.998134798421867));
#4725=DIRECTION('ref_axis',(-1.,0.,0.));
#4726=DIRECTION('center_axis',(0.,-0.0610485395348568,0.998134798421867));
#4727=DIRECTION('ref_axis',(-1.,0.,0.));
#4728=DIRECTION('center_axis',(0.,-0.0610485395348582,0.998134798421867));
#4729=DIRECTION('ref_axis',(-1.,0.,0.));
#4730=DIRECTION('',(0.,-0.0610485395348568,0.998134798421867));
#4731=DIRECTION('center_axis',(0.,-0.0610485395348569,0.998134798421867));
#4732=DIRECTION('ref_axis',(-1.,0.,0.));
#4733=DIRECTION('center_axis',(0.,0.0610485395348569,-0.998134798421867));
#4734=DIRECTION('ref_axis',(-1.,0.,0.));
#4735=DIRECTION('center_axis',(0.,-0.0610485395348549,0.998134798421867));
#4736=DIRECTION('ref_axis',(-1.,0.,0.));
#4737=DIRECTION('center_axis',(0.,-0.0610485395348582,0.998134798421867));
#4738=DIRECTION('ref_axis',(-1.,0.,0.));
#4739=DIRECTION('',(0.,-0.061048539534855,0.998134798421867));
#4740=DIRECTION('center_axis',(0.,-0.0610485395348569,0.998134798421867));
#4741=DIRECTION('ref_axis',(-1.,0.,0.));
#4742=DIRECTION('center_axis',(0.,0.0610485395348569,-0.998134798421867));
#4743=DIRECTION('ref_axis',(-1.,0.,0.));
#4744=DIRECTION('center_axis',(0.,-0.0610485395348549,0.998134798421867));
#4745=DIRECTION('ref_axis',(-1.,0.,0.));
#4746=DIRECTION('center_axis',(0.,-0.0610485395348582,0.998134798421867));
#4747=DIRECTION('ref_axis',(-1.,0.,0.));
#4748=DIRECTION('',(0.,-0.0610485395348549,0.998134798421867));
#4749=DIRECTION('center_axis',(0.,-0.0610485395348569,0.998134798421867));
#4750=DIRECTION('ref_axis',(-1.,0.,0.));
#4751=DIRECTION('center_axis',(0.,0.0610485395348569,-0.998134798421867));
#4752=DIRECTION('ref_axis',(-1.,0.,0.));
#4753=DIRECTION('center_axis',(0.,0.061048539534858,-0.998134798421867));
#4754=DIRECTION('ref_axis',(-0.774990542851841,-0.630794073779235,-0.0385810183277367));
#4755=DIRECTION('center_axis',(0.,-0.0610485395348582,0.998134798421867));
#4756=DIRECTION('ref_axis',(-0.774990542851841,-0.630794073779235,-0.0385810183277367));
#4757=DIRECTION('',(0.,0.061048539534858,-0.998134798421867));
#4758=DIRECTION('center_axis',(0.,-0.0610485395348569,0.998134798421867));
#4759=DIRECTION('ref_axis',(-0.774990542851841,-0.630794073779235,-0.0385810183277359));
#4760=DIRECTION('',(0.,0.061048539534858,-0.998134798421867));
#4761=DIRECTION('center_axis',(0.,0.061048539534858,-0.998134798421867));
#4762=DIRECTION('ref_axis',(0.774990542851836,0.630794073779242,0.0385810183277371));
#4763=DIRECTION('center_axis',(0.,0.0610485395348582,-0.998134798421867));
#4764=DIRECTION('ref_axis',(0.774990542851836,0.630794073779242,0.0385810183277371));
#4765=DIRECTION('',(0.,0.061048539534858,-0.998134798421867));
#4766=DIRECTION('center_axis',(0.,0.0610485395348569,-0.998134798421867));
#4767=DIRECTION('ref_axis',(0.774990542851836,0.630794073779242,0.0385810183277363));
#4768=DIRECTION('center_axis',(0.,0.061048539534858,-0.998134798421867));
#4769=DIRECTION('ref_axis',(0.0299019132950272,-0.99768847028312,-0.0610212409364454));
#4770=DIRECTION('center_axis',(0.,-0.0610485395348582,0.998134798421867));
#4771=DIRECTION('ref_axis',(0.0299019132950272,-0.99768847028312,-0.0610212409364454));
#4772=DIRECTION('',(0.,0.061048539534858,-0.998134798421867));
#4773=DIRECTION('center_axis',(0.,-0.0610485395348569,0.998134798421867));
#4774=DIRECTION('ref_axis',(0.0299019132950272,-0.997688470283121,-0.0610212409364443));
#4775=DIRECTION('center_axis',(0.,0.061048539534858,-0.998134798421867));
#4776=DIRECTION('ref_axis',(-0.0299019132950261,0.99768847028312,0.0610212409364454));
#4777=DIRECTION('center_axis',(0.,0.0610485395348582,-0.998134798421867));
#4778=DIRECTION('ref_axis',(-0.0299019132950261,0.99768847028312,0.0610212409364454));
#4779=DIRECTION('',(0.,0.061048539534858,-0.998134798421867));
#4780=DIRECTION('center_axis',(0.,0.0610485395348569,-0.998134798421867));
#4781=DIRECTION('ref_axis',(-0.0299019132950261,0.99768847028312,0.0610212409364443));
#4782=DIRECTION('center_axis',(0.,0.061048539534858,-0.998134798421867));
#4783=DIRECTION('ref_axis',(0.0299019132950271,-0.99768847028312,-0.0610212409364454));
#4784=DIRECTION('center_axis',(0.,0.0610485395348582,-0.998134798421867));
#4785=DIRECTION('ref_axis',(0.0299019132950271,-0.99768847028312,-0.0610212409364454));
#4786=DIRECTION('',(0.,0.061048539534858,-0.998134798421867));
#4787=DIRECTION('center_axis',(0.,0.0610485395348569,-0.998134798421867));
#4788=DIRECTION('ref_axis',(0.0299019132950271,-0.99768847028312,-0.0610212409364442));
#4789=DIRECTION('center_axis',(0.,0.061048539534858,-0.998134798421867));
#4790=DIRECTION('ref_axis',(0.759060569033672,0.649805725773723,0.0397438207771088));
#4791=DIRECTION('center_axis',(0.,-0.0610485395348582,0.998134798421867));
#4792=DIRECTION('ref_axis',(0.759060569033672,0.649805725773723,0.0397438207771088));
#4793=DIRECTION('',(0.,0.061048539534858,-0.998134798421867));
#4794=DIRECTION('center_axis',(0.,-0.0610485395348569,0.998134798421867));
#4795=DIRECTION('ref_axis',(0.759060569033672,0.649805725773723,0.039743820777108));
#4796=DIRECTION('center_axis',(0.,0.061048539534858,-0.998134798421867));
#4797=DIRECTION('ref_axis',(-0.759060569033641,-0.64980572577376,-0.039743820777111));
#4798=DIRECTION('center_axis',(0.,0.0610485395348582,-0.998134798421867));
#4799=DIRECTION('ref_axis',(-0.759060569033641,-0.64980572577376,-0.039743820777111));
#4800=DIRECTION('',(0.,0.061048539534858,-0.998134798421867));
#4801=DIRECTION('center_axis',(0.,0.0610485395348569,-0.998134798421867));
#4802=DIRECTION('ref_axis',(-0.759060569033641,-0.64980572577376,-0.0397438207771102));
#4803=DIRECTION('center_axis',(0.,0.061048539534858,-0.998134798421867));
#4804=DIRECTION('ref_axis',(0.976019419246212,-0.217277446776175,-0.0132892579444385));
#4805=DIRECTION('center_axis',(0.,0.0610485395348582,-0.998134798421867));
#4806=DIRECTION('ref_axis',(-0.217683480612606,-0.974198943995754,-0.0595845599626164));
#4807=DIRECTION('center_axis',(0.,0.0610485395348569,-0.998134798421867));
#4808=DIRECTION('ref_axis',(-0.217683480612606,-0.974198943995754,-0.0595845599626152));
#4809=DIRECTION('center_axis',(0.,-0.0610485395348569,0.998134798421867));
#4810=DIRECTION('ref_axis',(1.,0.,0.));
#4811=DIRECTION('',(0.,0.061048539534858,-0.998134798421867));
#4812=DIRECTION('',(0.,0.061048539534858,-0.998134798421867));
#4813=DIRECTION('center_axis',(0.,0.061048539534858,-0.998134798421867));
#4814=DIRECTION('ref_axis',(-0.130175200116666,-0.989641676566442,-0.0605290779489229));
#4815=DIRECTION('center_axis',(0.,0.0610485395348582,-0.998134798421867));
#4816=DIRECTION('ref_axis',(-0.130175200116666,-0.989641676566442,-0.0605290779489229));
#4817=DIRECTION('',(0.,0.061048539534858,-0.998134798421867));
#4818=DIRECTION('center_axis',(0.,0.0610485395348569,-0.998134798421867));
#4819=DIRECTION('ref_axis',(-0.130175200116667,-0.989641676566443,-0.0605290779489218));
#4820=DIRECTION('',(0.,0.061048539534858,-0.998134798421867));
#4821=DIRECTION('center_axis',(0.,0.061048539534858,-0.998134798421867));
#4822=DIRECTION('ref_axis',(0.247779872098161,0.967009319919203,0.0591448237161975));
#4823=DIRECTION('center_axis',(0.,0.0610485395348582,-0.998134798421867));
#4824=DIRECTION('ref_axis',(0.247779872098161,0.967009319919203,0.0591448237161975));
#4825=DIRECTION('center_axis',(0.,0.0610485395348569,-0.998134798421867));
#4826=DIRECTION('ref_axis',(0.247779872098161,0.967009319919203,0.0591448237161964));
#4827=DIRECTION('center_axis',(0.,-0.0610485395348569,0.998134798421867));
#4828=DIRECTION('ref_axis',(1.,0.,0.));
#4829=DIRECTION('center_axis',(0.,0.061048539534858,-0.998134798421867));
#4830=DIRECTION('ref_axis',(0.837424149064114,-0.545534127999442,-0.0333662966499562));
#4831=DIRECTION('center_axis',(0.,0.0610485395348582,-0.998134798421867));
#4832=DIRECTION('ref_axis',(-0.550123987252539,-0.833525390970048,-0.0509805968736859));
#4833=DIRECTION('',(0.,0.061048539534858,-0.998134798421867));
#4834=DIRECTION('center_axis',(0.,0.0610485395348569,-0.998134798421867));
#4835=DIRECTION('ref_axis',(-0.550123987252539,-0.833525390970048,-0.0509805968736849));
#4836=DIRECTION('',(0.,0.061048539534858,-0.998134798421867));
#4837=DIRECTION('center_axis',(0.,0.061048539534858,-0.998134798421867));
#4838=DIRECTION('ref_axis',(-0.781185697097371,-0.623134288918871,-0.0381125258158878));
#4839=DIRECTION('center_axis',(0.,-0.0610485395348582,0.998134798421867));
#4840=DIRECTION('ref_axis',(-0.781185697097371,-0.623134288918871,-0.0381125258158878));
#4841=DIRECTION('',(0.,0.061048539534858,-0.998134798421867));
#4842=DIRECTION('center_axis',(0.,-0.0610485395348569,0.998134798421867));
#4843=DIRECTION('ref_axis',(-0.781185697097371,-0.623134288918871,-0.0381125258158871));
#4844=DIRECTION('center_axis',(0.,0.061048539534858,-0.998134798421867));
#4845=DIRECTION('ref_axis',(0.781185697097375,0.623134288918867,0.0381125258158875));
#4846=DIRECTION('center_axis',(0.,0.0610485395348582,-0.998134798421867));
#4847=DIRECTION('ref_axis',(0.781185697097375,0.623134288918867,0.0381125258158875));
#4848=DIRECTION('',(0.,0.061048539534858,-0.998134798421867));
#4849=DIRECTION('center_axis',(0.,0.0610485395348569,-0.998134798421867));
#4850=DIRECTION('ref_axis',(0.781185697097375,0.623134288918867,0.0381125258158868));
#4851=DIRECTION('center_axis',(0.,0.061048539534858,-0.998134798421867));
#4852=DIRECTION('ref_axis',(0.188739935234915,-0.980195427455928,-0.0599513206027296));
#4853=DIRECTION('center_axis',(0.,-0.0610485395348582,0.998134798421867));
#4854=DIRECTION('ref_axis',(0.188739935234915,-0.980195427455928,-0.0599513206027296));
#4855=DIRECTION('',(0.,0.061048539534858,-0.998134798421867));
#4856=DIRECTION('center_axis',(0.,-0.0610485395348569,0.998134798421867));
#4857=DIRECTION('ref_axis',(0.188739935234915,-0.980195427455928,-0.0599513206027285));
#4858=DIRECTION('center_axis',(0.,0.061048539534858,-0.998134798421867));
#4859=DIRECTION('ref_axis',(-0.982199351490195,-0.187491150517203,-0.0114674500206612));
#4860=DIRECTION('center_axis',(0.,0.0610485395348582,-0.998134798421867));
#4861=DIRECTION('ref_axis',(-0.0522527338096587,0.996771239267449,0.0609651406842437));
#4862=DIRECTION('',(0.,0.061048539534858,-0.998134798421867));
#4863=DIRECTION('center_axis',(0.,0.0610485395348569,-0.998134798421867));
#4864=DIRECTION('ref_axis',(-0.0522527338096587,0.99677123926745,0.0609651406842425));
#4865=DIRECTION('center_axis',(0.,0.061048539534858,-0.998134798421867));
#4866=DIRECTION('ref_axis',(0.187068440302441,-0.98051460809588,-0.0599708425269705));
#4867=DIRECTION('center_axis',(0.,0.0610485395348582,-0.998134798421867));
#4868=DIRECTION('ref_axis',(0.187068440302441,-0.98051460809588,-0.0599708425269705));
#4869=DIRECTION('',(0.,0.061048539534858,-0.998134798421867));
#4870=DIRECTION('center_axis',(0.,0.0610485395348569,-0.998134798421867));
#4871=DIRECTION('ref_axis',(0.187068440302441,-0.98051460809588,-0.0599708425269693));
#4872=DIRECTION('center_axis',(0.,0.061048539534858,-0.998134798421867));
#4873=DIRECTION('ref_axis',(0.765134146931148,0.642669952014525,0.0393073781571951));
#4874=DIRECTION('center_axis',(0.,-0.0610485395348582,0.998134798421867));
#4875=DIRECTION('ref_axis',(0.765134146931148,0.642669952014525,0.0393073781571951));
#4876=DIRECTION('',(0.,0.061048539534858,-0.998134798421867));
#4877=DIRECTION('center_axis',(0.,-0.0610485395348569,0.998134798421867));
#4878=DIRECTION('ref_axis',(0.765134146931148,0.642669952014525,0.0393073781571944));
#4879=DIRECTION('center_axis',(0.,0.061048539534858,-0.998134798421867));
#4880=DIRECTION('ref_axis',(-0.765134146931174,-0.642669952014494,-0.0393073781571932));
#4881=DIRECTION('center_axis',(0.,0.0610485395348582,-0.998134798421867));
#4882=DIRECTION('ref_axis',(-0.765134146931174,-0.642669952014494,-0.0393073781571932));
#4883=DIRECTION('center_axis',(0.,0.0610485395348569,-0.998134798421867));
#4884=DIRECTION('ref_axis',(-0.765134146931174,-0.642669952014494,-0.0393073781571925));
#4885=DIRECTION('center_axis',(0.,-0.0610485395348569,0.998134798421867));
#4886=DIRECTION('ref_axis',(1.,0.,0.));
#4887=DIRECTION('',(0.,0.061048539534858,-0.998134798421867));
#4888=DIRECTION('',(0.,0.061048539534858,-0.998134798421867));
#4889=DIRECTION('center_axis',(0.,0.061048539534858,-0.998134798421867));
#4890=DIRECTION('ref_axis',(-0.446244537178178,0.893241874788466,0.0546330134901945));
#4891=DIRECTION('center_axis',(0.,0.0610485395348582,-0.998134798421867));
#4892=DIRECTION('ref_axis',(-0.446244537178178,0.893241874788466,0.0546330134901945));
#4893=DIRECTION('',(0.,0.061048539534858,-0.998134798421867));
#4894=DIRECTION('center_axis',(0.,0.0610485395348569,-0.998134798421867));
#4895=DIRECTION('ref_axis',(-0.446244537178178,0.893241874788466,0.0546330134901934));
#4896=DIRECTION('',(0.,0.061048539534858,-0.998134798421867));
#4897=DIRECTION('',(0.,0.061048539534858,-0.998134798421867));
#4898=DIRECTION('center_axis',(0.,0.061048539534858,-0.998134798421867));
#4899=DIRECTION('ref_axis',(0.296023867175215,-0.953398938919796,-0.0583123771530274));
#4900=DIRECTION('center_axis',(0.,0.0610485395348582,-0.998134798421867));
#4901=DIRECTION('ref_axis',(0.296023867175215,-0.953398938919796,-0.0583123771530274));
#4902=DIRECTION('center_axis',(0.,0.0610485395348569,-0.998134798421867));
#4903=DIRECTION('ref_axis',(0.296023867175215,-0.953398938919796,-0.0583123771530263));
#4904=DIRECTION('center_axis',(0.,-0.0610485395348569,0.998134798421867));
#4905=DIRECTION('ref_axis',(1.,0.,0.));
#4906=DIRECTION('',(0.,0.061048539534858,-0.998134798421867));
#4907=DIRECTION('',(0.,0.061048539534858,-0.998134798421867));
#4908=DIRECTION('center_axis',(0.,0.061048539534858,-0.998134798421867));
#4909=DIRECTION('ref_axis',(-0.619720347705372,-0.783358860309502,-0.0479122804146273));
#4910=DIRECTION('center_axis',(0.,0.0610485395348582,-0.998134798421867));
#4911=DIRECTION('ref_axis',(-0.619720347705372,-0.783358860309502,-0.0479122804146273));
#4912=DIRECTION('',(0.,0.061048539534858,-0.998134798421867));
#4913=DIRECTION('center_axis',(0.,0.0610485395348569,-0.998134798421867));
#4914=DIRECTION('ref_axis',(-0.619720347705372,-0.783358860309502,-0.0479122804146264));
#4915=DIRECTION('',(0.,0.061048539534858,-0.998134798421867));
#4916=DIRECTION('center_axis',(0.,0.061048539534858,-0.998134798421867));
#4917=DIRECTION('ref_axis',(-0.325413365437457,-0.943808177436847,-0.0577257810514919));
#4918=DIRECTION('center_axis',(0.,0.0610485395348582,-0.998134798421867));
#4919=DIRECTION('ref_axis',(-0.325413365437457,-0.943808177436847,-0.0577257810514919));
#4920=DIRECTION('center_axis',(0.,0.0610485395348569,-0.998134798421867));
#4921=DIRECTION('ref_axis',(-0.325413365437457,-0.943808177436847,-0.0577257810514908));
#4922=DIRECTION('center_axis',(0.,-0.0610485395348569,0.998134798421867));
#4923=DIRECTION('ref_axis',(1.,0.,0.));
#4924=DIRECTION('center_axis',(0.,0.061048539534858,-0.998134798421867));
#4925=DIRECTION('ref_axis',(-0.555988573572463,-0.829639597027596,-0.0507429315348007));
#4926=DIRECTION('center_axis',(0.,-0.0610485395348582,0.998134798421867));
#4927=DIRECTION('ref_axis',(-0.555988573572463,-0.829639597027596,-0.0507429315348007));
#4928=DIRECTION('',(0.,0.061048539534858,-0.998134798421867));
#4929=DIRECTION('center_axis',(0.,-0.0610485395348569,0.998134798421867));
#4930=DIRECTION('ref_axis',(-0.555988573572463,-0.829639597027596,-0.0507429315347997));
#4931=DIRECTION('',(0.,0.061048539534858,-0.998134798421867));
#4932=DIRECTION('center_axis',(0.,0.061048539534858,-0.998134798421867));
#4933=DIRECTION('ref_axis',(0.55598857357243,0.829639597027619,0.0507429315348021));
#4934=DIRECTION('center_axis',(0.,0.0610485395348582,-0.998134798421867));
#4935=DIRECTION('ref_axis',(0.55598857357243,0.829639597027619,0.0507429315348021));
#4936=DIRECTION('',(0.,0.061048539534858,-0.998134798421867));
#4937=DIRECTION('center_axis',(0.,0.0610485395348569,-0.998134798421867));
#4938=DIRECTION('ref_axis',(0.55598857357243,0.829639597027619,0.0507429315348011));
#4939=DIRECTION('center_axis',(0.,0.061048539534858,-0.998134798421867));
#4940=DIRECTION('ref_axis',(0.0186545154304847,-0.997961112373917,-0.0610379164410818));
#4941=DIRECTION('center_axis',(0.,-0.0610485395348582,0.998134798421867));
#4942=DIRECTION('ref_axis',(0.0186545154304847,-0.997961112373917,-0.0610379164410818));
#4943=DIRECTION('',(0.,0.061048539534858,-0.998134798421867));
#4944=DIRECTION('center_axis',(0.,-0.0610485395348569,0.998134798421867));
#4945=DIRECTION('ref_axis',(0.0186545154304847,-0.997961112373917,-0.0610379164410807));
#4946=DIRECTION('center_axis',(0.,0.061048539534858,-0.998134798421867));
#4947=DIRECTION('ref_axis',(0.0796524864960184,0.994963417797588,0.0608545695863827));
#4948=DIRECTION('center_axis',(0.,0.0610485395348582,-0.998134798421867));
#4949=DIRECTION('ref_axis',(0.0796524864960184,0.994963417797588,0.0608545695863827));
#4950=DIRECTION('',(0.,0.061048539534858,-0.998134798421867));
#4951=DIRECTION('center_axis',(0.,0.0610485395348569,-0.998134798421867));
#4952=DIRECTION('ref_axis',(0.0796524864960184,0.994963417797588,0.0608545695863815));
#4953=DIRECTION('center_axis',(0.,0.061048539534858,-0.998134798421867));
#4954=DIRECTION('ref_axis',(0.0135444812745879,-0.998043238824343,-0.0610429395099736));
#4955=DIRECTION('center_axis',(0.,0.0610485395348582,-0.998134798421867));
#4956=DIRECTION('ref_axis',(0.0135444812745879,-0.998043238824343,-0.0610429395099736));
#4957=DIRECTION('',(0.,0.061048539534858,-0.998134798421867));
#4958=DIRECTION('center_axis',(0.,0.0610485395348569,-0.998134798421867));
#4959=DIRECTION('ref_axis',(0.0135444812745879,-0.998043238824343,-0.0610429395099724));
#4960=DIRECTION('center_axis',(0.,0.061048539534858,-0.998134798421867));
#4961=DIRECTION('ref_axis',(0.551418027027688,0.832673075531474,0.050928467028268));
#4962=DIRECTION('center_axis',(0.,-0.0610485395348582,0.998134798421867));
#4963=DIRECTION('ref_axis',(0.551418027027688,0.832673075531474,0.050928467028268));
#4964=DIRECTION('',(0.,0.061048539534858,-0.998134798421867));
#4965=DIRECTION('center_axis',(0.,-0.0610485395348569,0.998134798421867));
#4966=DIRECTION('ref_axis',(0.551418027027688,0.832673075531474,0.050928467028267));
#4967=DIRECTION('center_axis',(0.,0.061048539534858,-0.998134798421867));
#4968=DIRECTION('ref_axis',(-0.551418027027705,-0.832673075531462,-0.0509284670282673));
#4969=DIRECTION('center_axis',(0.,0.0610485395348582,-0.998134798421867));
#4970=DIRECTION('ref_axis',(-0.551418027027705,-0.832673075531462,-0.0509284670282673));
#4971=DIRECTION('',(0.,0.061048539534858,-0.998134798421867));
#4972=DIRECTION('center_axis',(0.,0.0610485395348569,-0.998134798421867));
#4973=DIRECTION('ref_axis',(-0.551418027027705,-0.832673075531462,-0.0509284670282663));
#4974=DIRECTION('center_axis',(0.,0.061048539534858,-0.998134798421867));
#4975=DIRECTION('ref_axis',(0.95504672361422,-0.295902369314195,-0.0180981642159928));
#4976=DIRECTION('center_axis',(0.,0.0610485395348582,-0.998134798421867));
#4977=DIRECTION('ref_axis',(-0.585619976119344,-0.809073835232052,-0.0494850756579945));
#4978=DIRECTION('center_axis',(0.,0.0610485395348569,-0.998134798421867));
#4979=DIRECTION('ref_axis',(-0.585619976119344,-0.809073835232052,-0.0494850756579935));
#4980=DIRECTION('center_axis',(0.,-0.0610485395348569,0.998134798421867));
#4981=DIRECTION('ref_axis',(1.,0.,0.));
#4982=DIRECTION('center_axis',(6.77774942113424E-17,-0.998134798421867,
-0.0610485395348602));
#4983=DIRECTION('ref_axis',(1.,0.,1.11022302462518E-15));
#4984=DIRECTION('center_axis',(0.,0.0610485395348582,-0.998134798421867));
#4985=DIRECTION('ref_axis',(0.957905176524408,-0.286549312283637,-0.017526106741587));
#4986=DIRECTION('center_axis',(0.,-0.62251463663762,0.782608156852413));
#4987=DIRECTION('ref_axis',(0.,-0.782608156852413,-0.622514636637621));
#4988=DIRECTION('',(0.,0.782608156852413,0.62251463663762));
#4989=DIRECTION('center_axis',(6.77774942113424E-17,-0.998134798421867,
-0.0610485395348602));
#4990=DIRECTION('ref_axis',(1.,0.,1.11022302462518E-15));
#4991=DIRECTION('',(0.,-0.061048539534859,0.998134798421867));
#4992=DIRECTION('',(0.,-0.998134798421867,-0.0610485395348582));
#4993=DIRECTION('center_axis',(0.,0.0610485395348582,-0.998134798421867));
#4994=DIRECTION('ref_axis',(0.,-0.998134798421867,-0.0610485395348575));
#4995=DIRECTION('',(-1.,1.33794703698365E-31,8.18323464044988E-33));
#4996=DIRECTION('',(0.,-0.061048539534859,0.998134798421867));
#4997=DIRECTION('',(-1.,6.15148062980989E-31,3.76240673124133E-32));
#4998=DIRECTION('center_axis',(0.,0.0610485395348582,-0.998134798421867));
#4999=DIRECTION('ref_axis',(-1.,-4.4326089395502E-15,-2.71109976845353E-16));
#5000=DIRECTION('',(0.,0.998134798421867,0.0610485395348582));
#5001=DIRECTION('',(0.,-0.061048539534859,0.998134798421867));
#5002=DIRECTION('center_axis',(1.77304357582009E-14,0.998134798421867,0.0610485395348626));
#5003=DIRECTION('ref_axis',(-1.,1.77635683940027E-14,0.));
#5004=DIRECTION('',(0.,-0.061048539534859,0.998134798421867));
#5005=DIRECTION('center_axis',(1.77304357582009E-14,0.998134798421867,0.0610485395348626));
#5006=DIRECTION('ref_axis',(-1.,1.77635683940027E-14,0.));
#5007=DIRECTION('',(0.,-0.782608156852413,-0.62251463663762));
#5008=DIRECTION('center_axis',(0.,-0.62251463663762,0.782608156852413));
#5009=DIRECTION('ref_axis',(-3.63776584095363E-15,0.782608156852413,0.622514636637621));
#5010=DIRECTION('center_axis',(0.,0.0610485395348582,-0.998134798421867));
#5011=DIRECTION('ref_axis',(-0.957905176524405,-0.286549312283647,-0.0175261067415876));
#5012=DIRECTION('center_axis',(-1.,0.,0.));
#5013=DIRECTION('ref_axis',(0.,-0.358367949545316,0.933580426497196));
#5014=DIRECTION('',(1.,0.,0.));
#5015=DIRECTION('',(-1.,0.,0.));
#5016=DIRECTION('center_axis',(0.,-0.0610485395348582,0.998134798421867));
#5017=DIRECTION('ref_axis',(1.,0.,0.));
#5018=DIRECTION('',(0.,-0.998134798421867,-0.0610485395348582));
#5019=DIRECTION('center_axis',(0.,0.0610485395348582,-0.998134798421867));
#5020=DIRECTION('ref_axis',(0.707106781186547,0.70578788450237,0.0431678362866333));
#5021=DIRECTION('',(1.,5.76239162142175E-15,3.5244296989936E-16));
#5022=DIRECTION('center_axis',(0.,0.0610485395348582,-0.998134798421867));
#5023=DIRECTION('ref_axis',(-0.707106781186546,0.705787884502371,0.0431678362866333));
#5024=DIRECTION('',(0.,0.998134798421867,0.0610485395348582));
#5025=DIRECTION('',(-2.69743062437115E-13,0.998134798421867,0.0610485395348582));
#5026=DIRECTION('center_axis',(0.,0.0610485395348582,-0.998134798421867));
#5027=DIRECTION('ref_axis',(-0.707106781186425,-0.705787884502492,-0.0431678362866408));
#5028=DIRECTION('',(-1.,2.34529573521174E-16,1.4344443219331E-17));
#5029=DIRECTION('center_axis',(0.,-0.0610485395348582,0.998134798421867));
#5030=DIRECTION('ref_axis',(0.707106781186556,0.705787884502362,0.0431678362866328));
#5031=DIRECTION('',(-1.01440916173534E-15,0.998134798421867,0.0610485395348582));
#5032=DIRECTION('center_axis',(0.,-0.0610485395348582,0.998134798421867));
#5033=DIRECTION('ref_axis',(0.707106784094062,-0.705787881600278,-0.0431678361091338));
#5034=DIRECTION('',(0.999999622074259,0.000867775511708955,5.30754239985481E-5));
#5035=DIRECTION('',(0.999999749948309,-0.000705860802506628,-4.31722961428299E-5));
#5036=DIRECTION('',(1.,-1.19080619038789E-8,-7.28328266955412E-10));
#5037=DIRECTION('',(0.999999999999494,-1.00379068143724E-6,-6.1394468159343E-8));
#5038=DIRECTION('center_axis',(0.,-0.0610485395348582,0.998134798421867));
#5039=DIRECTION('ref_axis',(-0.707107136743236,-0.705787529608688,-0.0431678145804058));
#5040=DIRECTION('',(0.,-0.998134798421867,-0.0610485395348582));
#5041=DIRECTION('center_axis',(0.,-0.0610485395348582,0.998134798421867));
#5042=DIRECTION('ref_axis',(-0.707106781186543,0.705787884502375,0.0431678362866336));
#5043=DIRECTION('',(-1.,-1.21947874470944E-16,-7.45865152442544E-18));
#5044=DIRECTION('center_axis',(0.,-0.0610485395348582,0.998134798421867));
#5045=DIRECTION('ref_axis',(0.707106781186421,0.705787884502496,0.043167836286641));
#5046=DIRECTION('center_axis',(0.,0.0610485395348582,-0.998134798421867));
#5047=DIRECTION('ref_axis',(1.,0.,0.));
#5048=DIRECTION('center_axis',(0.,0.0610485395348582,-0.998134798421867));
#5049=DIRECTION('ref_axis',(1.,0.,0.));
#5050=DIRECTION('center_axis',(0.,0.0610485395348582,-0.998134798421867));
#5051=DIRECTION('ref_axis',(1.,0.,0.));
#5052=DIRECTION('center_axis',(0.,0.0610485395348582,-0.998134798421867));
#5053=DIRECTION('ref_axis',(1.,0.,0.));
#5054=DIRECTION('center_axis',(0.,0.0610485395348582,-0.998134798421867));
#5055=DIRECTION('ref_axis',(1.,0.,0.));
#5056=DIRECTION('center_axis',(0.,0.0610485395348582,-0.998134798421867));
#5057=DIRECTION('ref_axis',(1.,0.,0.));
#5058=DIRECTION('center_axis',(0.,0.0610485395348582,-0.998134798421867));
#5059=DIRECTION('ref_axis',(1.,0.,0.));
#5060=DIRECTION('center_axis',(0.,0.0610485395348582,-0.998134798421867));
#5061=DIRECTION('ref_axis',(1.,0.,0.));
#5062=DIRECTION('center_axis',(0.,-0.0610485395348582,0.998134798421867));
#5063=DIRECTION('ref_axis',(1.,0.,0.));
#5064=DIRECTION('',(0.,-0.998134798421867,-0.0610485395348582));
#5065=DIRECTION('center_axis',(0.,-0.0610485395348582,0.998134798421867));
#5066=DIRECTION('ref_axis',(-0.707106781186548,0.70578788450237,0.0431678362866333));
#5067=DIRECTION('',(-1.,-5.76239162142175E-15,-3.5244296989936E-16));
#5068=DIRECTION('center_axis',(0.,-0.0610485395348582,0.998134798421867));
#5069=DIRECTION('ref_axis',(0.707106781186549,0.705787884502369,0.0431678362866332));
#5070=DIRECTION('',(0.,0.998134798421867,0.0610485395348582));
#5071=DIRECTION('',(1.,0.,0.));
#5072=DIRECTION('',(1.,-1.19080619038789E-8,-7.28328266955412E-10));
#5073=DIRECTION('center_axis',(0.,0.0610485395348582,-0.998134798421867));
#5074=DIRECTION('ref_axis',(0.707106621690724,0.705788043700666,0.0431678460236086));
#5075=DIRECTION('',(0.707106940682191,-0.705787725304182,-0.043167826549655));
#5076=DIRECTION('center_axis',(0.,-0.0610485395348582,0.998134798421867));
#5077=DIRECTION('ref_axis',(-0.707106621690721,-0.705788043700669,-0.0431678460236088));
#5078=DIRECTION('',(1.,8.78019531680764E-9,5.37019751008978E-10));
#5079=DIRECTION('center_axis',(0.,0.0610485395348582,-0.998134798421867));
#5080=DIRECTION('ref_axis',(0.815755492833276,0.577318074900123,0.0353102861211181));
#5081=DIRECTION('center_axis',(0.,-0.0610485395348582,0.998134798421867));
#5082=DIRECTION('ref_axis',(-0.815755492833288,-0.577318074900107,-0.035310286121117));
#5083=DIRECTION('center_axis',(0.,0.0610485395348582,-0.998134798421867));
#5084=DIRECTION('ref_axis',(-9.74068825598792E-9,0.998134798421868,0.0610485395348448));
#5085=DIRECTION('',(-0.999999749948309,0.000705860802506364,4.317229614714E-5));
#5086=DIRECTION('center_axis',(0.,0.0610485395348582,-0.998134798421867));
#5087=DIRECTION('ref_axis',(0.707106797714564,0.705787868005182,0.0431678352776125));
#5088=DIRECTION('',(0.707106764658509,-0.70578790099958,-0.0431678372956459));
#5089=DIRECTION('center_axis',(0.,-0.0610485395348582,0.998134798421867));
#5090=DIRECTION('ref_axis',(-0.707106797714564,-0.705787868005182,-0.0431678352776125));
#5091=DIRECTION('',(1.,1.01273887823946E-8,6.19417633213893E-10));
#5092=DIRECTION('center_axis',(0.,0.0610485395348582,-0.998134798421867));
#5093=DIRECTION('ref_axis',(0.815755492740382,0.577318075030894,0.0353102861291164));
#5094=DIRECTION('center_axis',(0.,-0.0610485395348582,0.998134798421867));
#5095=DIRECTION('ref_axis',(-0.815755492740377,-0.577318075030901,-0.0353102861291168));
#5096=DIRECTION('center_axis',(0.,0.0610485395348582,-0.998134798421867));
#5097=DIRECTION('ref_axis',(-6.35523633718562E-9,0.998134798421868,0.0610485395348448));
#5098=DIRECTION('',(-0.999999622074259,-0.000867775511709237,-5.30754239939303E-5));
#5099=DIRECTION('center_axis',(0.,0.0610485395348582,-0.998134798421867));
#5100=DIRECTION('ref_axis',(8.22370319989809E-9,-0.998134798421867,-0.0610485395348582));
#5101=DIRECTION('',(1.01440916173534E-15,-0.998134798421867,-0.0610485395348582));
#5102=DIRECTION('center_axis',(0.,0.0610485395348582,-0.998134798421867));
#5103=DIRECTION('ref_axis',(1.,5.91014525273364E-15,3.61479969127143E-16));
#5104=DIRECTION('',(1.,-2.34529573521174E-16,-1.4344443219331E-17));
#5105=DIRECTION('center_axis',(0.,0.0610485395348582,-0.998134798421867));
#5106=DIRECTION('ref_axis',(-0.873205386588087,0.48644338036701,0.0297521516980991));
#5107=DIRECTION('center_axis',(0.,-0.0610485395348582,0.998134798421867));
#5108=DIRECTION('ref_axis',(0.873205386588098,-0.48644338036699,-0.0297521516980978));
#5109=DIRECTION('center_axis',(0.,0.0610485395348582,-0.998134798421867));
#5110=DIRECTION('ref_axis',(0.,-0.998134798421868,-0.0610485395348448));
#5111=DIRECTION('',(-1.,-1.06762245323623E-15,-6.52985865714174E-17));
#5112=DIRECTION('center_axis',(0.,-0.0610485395348582,0.998134798421867));
#5113=DIRECTION('ref_axis',(0.,0.998134798421868,0.0610485395348448));
#5114=DIRECTION('',(-0.707106757238094,-0.705787908406154,-0.0431678377486513));
#5115=DIRECTION('center_axis',(0.,0.0610485395348582,-0.998134798421867));
#5116=DIRECTION('ref_axis',(0.,-0.998134798421868,-0.0610485395348448));
#5117=DIRECTION('',(1.,-2.34529573521174E-16,-1.4344443219331E-17));
#5118=DIRECTION('center_axis',(0.,0.0610485395348582,-0.998134798421867));
#5119=DIRECTION('ref_axis',(-0.873205386588087,0.48644338036701,0.0297521516980991));
#5120=DIRECTION('center_axis',(0.,-0.0610485395348582,0.998134798421867));
#5121=DIRECTION('ref_axis',(0.873205386588098,-0.48644338036699,-0.0297521516980978));
#5122=DIRECTION('center_axis',(0.,0.0610485395348582,-0.998134798421867));
#5123=DIRECTION('ref_axis',(0.,-0.998134798421868,-0.0610485395348448));
#5124=DIRECTION('',(-1.,-8.00716839927175E-16,-4.8973939928563E-17));
#5125=DIRECTION('center_axis',(0.,-0.0610485395348582,0.998134798421867));
#5126=DIRECTION('ref_axis',(7.10542735760112E-15,0.998134798421868,0.0610485395348448));
#5127=DIRECTION('',(-0.707106757238092,-0.705787908406156,-0.0431678377486515));
#5128=DIRECTION('center_axis',(0.,0.0610485395348582,-0.998134798421867));
#5129=DIRECTION('ref_axis',(-7.10542735760096E-15,-0.998134798421868,-0.0610485395348448));
#5130=DIRECTION('',(1.,-2.34529573521174E-16,-1.4344443219331E-17));
#5131=DIRECTION('center_axis',(0.,-0.0610485395348582,0.998134798421867));
#5132=DIRECTION('ref_axis',(-1.,-3.61996396729927E-13,-2.2140648109037E-14));
#5133=DIRECTION('',(2.69743062437115E-13,-0.998134798421867,-0.0610485395348582));
#5134=DIRECTION('center_axis',(0.,0.0610485395348582,-0.998134798421867));
#5135=DIRECTION('ref_axis',(1.,3.4869856991128E-13,2.13273181785012E-14));
#5136=DIRECTION('',(1.,1.21947874470944E-16,7.45865152442544E-18));
#5137=DIRECTION('center_axis',(0.,0.0610485395348582,-0.998134798421867));
#5138=DIRECTION('ref_axis',(-0.707106805134994,-0.705787860598591,-0.043167834824606));
#5139=DIRECTION('',(-0.707106757238091,0.705787908406157,0.0431678377486515));
#5140=DIRECTION('center_axis',(0.,-0.0610485395348582,0.998134798421867));
#5141=DIRECTION('ref_axis',(0.70710680513501,0.705787860598576,0.0431678348246051));
#5142=DIRECTION('',(-1.,0.,0.));
#5143=DIRECTION('center_axis',(0.,0.0610485395348582,-0.998134798421867));
#5144=DIRECTION('ref_axis',(-0.815755498506494,-0.577318066913692,-0.035310285632647));
#5145=DIRECTION('center_axis',(0.,-0.0610485395348582,0.998134798421867));
#5146=DIRECTION('ref_axis',(0.815755498506491,0.577318066913697,0.0353102856326473));
#5147=DIRECTION('center_axis',(0.,0.0610485395348582,-0.998134798421867));
#5148=DIRECTION('ref_axis',(1.77635683940025E-14,-0.998134798421868,-0.0610485395348448));
#5149=DIRECTION('',(1.,1.21947874470944E-16,7.45865152442544E-18));
#5150=DIRECTION('center_axis',(0.,0.0610485395348582,-0.998134798421867));
#5151=DIRECTION('ref_axis',(-0.7071067811856,-0.705787884503315,-0.0431678362866941));
#5152=DIRECTION('',(-0.707106781187495,0.705787884501424,0.0431678362865754));
#5153=DIRECTION('center_axis',(0.,-0.0610485395348582,0.998134798421867));
#5154=DIRECTION('ref_axis',(0.707106781185599,0.705787884503316,0.0431678362866942));
#5155=DIRECTION('',(-1.,-3.20286740865687E-15,-1.9589576270805E-16));
#5156=DIRECTION('center_axis',(0.,0.0610485395348582,-0.998134798421867));
#5157=DIRECTION('ref_axis',(-0.815755498506492,-0.577318066913694,-0.0353102856326617));
#5158=DIRECTION('center_axis',(0.,-0.0610485395348582,0.998134798421867));
#5159=DIRECTION('ref_axis',(0.815755498506492,0.577318066913694,0.0353102856326616));
#5160=DIRECTION('center_axis',(0.,0.0610485395348582,-0.998134798421867));
#5161=DIRECTION('ref_axis',(-4.44089209850063E-15,-0.998134798421868,-0.0610485395348448));
#5162=DIRECTION('',(1.,1.21947874470944E-16,7.45865152442544E-18));
#5163=DIRECTION('center_axis',(0.,0.0610485395348582,-0.998134798421867));
#5164=DIRECTION('ref_axis',(0.,0.998134798421867,0.0610485395348582));
#5165=DIRECTION('',(0.,0.998134798421867,0.0610485395348582));
#5166=DIRECTION('center_axis',(0.,0.0610485395348582,-0.998134798421867));
#5167=DIRECTION('ref_axis',(-1.,0.,0.));
#5168=DIRECTION('',(-0.999999999999494,1.00379068167849E-6,6.13944642149664E-8));
#5169=DIRECTION('center_axis',(0.,0.0610485395348582,-0.998134798421867));
#5170=DIRECTION('ref_axis',(0.873205704716817,-0.486442811427981,-0.0297521169002818));
#5171=DIRECTION('center_axis',(0.,-0.0610485395348582,0.998134798421867));
#5172=DIRECTION('ref_axis',(-0.87320538304247,0.48644338670796,0.0297521520859126));
#5173=DIRECTION('center_axis',(0.,0.0610485395348582,-0.998134798421867));
#5174=DIRECTION('ref_axis',(6.44914172290371E-9,0.998134798421868,0.0610485395348448));
#5175=DIRECTION('',(1.,-2.06659464748447E-9,-1.26398343429119E-10));
#5176=DIRECTION('center_axis',(0.,-0.0610485395348582,0.998134798421867));
#5177=DIRECTION('ref_axis',(-8.78383157612917E-8,-0.998134798421864,-0.0610485395348445));
#5178=DIRECTION('',(0.707106754295084,0.705787911343674,0.0431678379283178));
#5179=DIRECTION('center_axis',(0.,0.0610485395348582,-0.998134798421867));
#5180=DIRECTION('ref_axis',(2.6915331046925E-7,0.998134798421832,0.0610485395348426));
#5181=DIRECTION('',(1.,-1.19080619038789E-8,-7.28328266955412E-10));
#5182=DIRECTION('center_axis',(0.,0.0610485395348582,-0.998134798421867));
#5183=DIRECTION('ref_axis',(0.873205985510806,-0.486442309257398,-0.0297520861862287));
#5184=DIRECTION('center_axis',(0.,-0.0610485395348582,0.998134798421867));
#5185=DIRECTION('ref_axis',(-0.873205382175869,0.48644338825778,0.0297521521807192));
#5186=DIRECTION('center_axis',(0.,0.0610485395348582,-0.998134798421867));
#5187=DIRECTION('ref_axis',(1.56639575544638E-8,0.998134798421868,0.0610485395348448));
#5188=DIRECTION('',(1.,-1.60877998995507E-9,-9.83971994313239E-11));
#5189=DIRECTION('center_axis',(0.,-0.0610485395348582,0.998134798421867));
#5190=DIRECTION('ref_axis',(-1.57463353474412E-7,-0.998134798421855,-0.061048539534844));
#5191=DIRECTION('',(0.707106776841535,0.705787888839278,0.04316783655189));
#5192=DIRECTION('center_axis',(0.,0.0610485395348582,-0.998134798421867));
#5193=DIRECTION('ref_axis',(1.35413911558846E-8,0.998134798421868,0.0610485395348448));
#5194=DIRECTION('center_axis',(0.,-0.62251463663762,0.782608156852413));
#5195=DIRECTION('ref_axis',(1.,0.,0.));
#5196=DIRECTION('',(1.,0.,0.));
#5197=DIRECTION('center_axis',(0.,0.998134798421867,0.0610485395348582));
#5198=DIRECTION('ref_axis',(0.707106781186553,-0.0431678362866486,0.705787884502364));
#5199=DIRECTION('center_axis',(-1.56496862768481E-14,-0.998134798421867,
-0.0610485395348626));
#5200=DIRECTION('ref_axis',(1.,-1.5543122344752E-14,-2.22044604925028E-15));
#5201=DIRECTION('',(0.,0.998134798421867,0.0610485395348582));
#5202=DIRECTION('center_axis',(0.,-0.0610485395348582,0.998134798421867));
#5203=DIRECTION('ref_axis',(1.,0.,0.));
#5204=DIRECTION('center_axis',(1.,0.,0.));
#5205=DIRECTION('ref_axis',(0.,0.998134798421867,0.061048539534858));
#5206=DIRECTION('center_axis',(0.,-0.0610485395348582,0.998134798421867));
#5207=DIRECTION('ref_axis',(0.707106781186547,0.70578788450237,0.0431678362866332));
#5208=DIRECTION('center_axis',(-1.,-5.76239162142175E-15,-3.5244296989936E-16));
#5209=DIRECTION('ref_axis',(0.,0.662620048215738,0.748955720789002));
#5210=DIRECTION('center_axis',(1.,1.10815223483383E-14,6.77774942080535E-16));
#5211=DIRECTION('ref_axis',(-1.11022302457134E-14,0.998134798421867,0.0610485395348589));
#5212=DIRECTION('',(-1.,-5.76239162142175E-15,-3.5244296989936E-16));
#5213=DIRECTION('center_axis',(0.,-0.0610485395348582,0.998134798421867));
#5214=DIRECTION('ref_axis',(1.,0.,0.));
#5215=DIRECTION('center_axis',(0.,0.998134798421867,0.0610485395348581));
#5216=DIRECTION('ref_axis',(-1.,0.,0.));
#5217=DIRECTION('center_axis',(0.,-0.0610485395348582,0.998134798421867));
#5218=DIRECTION('ref_axis',(-0.707106781186546,0.705787884502371,0.0431678362866333));
#5219=DIRECTION('center_axis',(0.,-0.998134798421867,-0.0610485395348582));
#5220=DIRECTION('ref_axis',(-0.70710678118655,-0.0431678362866363,0.705787884502367));
#5221=DIRECTION('',(0.,-0.998134798421867,-0.0610485395348582));
#5222=DIRECTION('',(1.,5.76239162142175E-15,3.5244296989936E-16));
#5223=DIRECTION('center_axis',(0.,0.0610485395348582,-0.998134798421867));
#5224=DIRECTION('ref_axis',(0.707106781186549,0.705787884502369,0.0431678362866333));
#5225=DIRECTION('',(0.,-0.998134798421867,-0.0610485395348582));
#5226=DIRECTION('',(-1.,0.,0.));
#5227=DIRECTION('',(0.,0.998134798421867,0.0610485395348582));
#5228=DIRECTION('center_axis',(0.,0.0610485395348582,-0.998134798421867));
#5229=DIRECTION('ref_axis',(-0.707106781186548,0.70578788450237,0.0431678362866333));
#5230=DIRECTION('center_axis',(1.,0.,0.));
#5231=DIRECTION('ref_axis',(0.,0.998134798421867,0.0610485395348582));
#5232=DIRECTION('',(0.,-0.061048539534859,0.998134798421867));
#5233=DIRECTION('center_axis',(0.,-0.061048539534859,0.998134798421867));
#5234=DIRECTION('ref_axis',(1.,1.77304357582006E-15,1.08443990738143E-16));
#5235=DIRECTION('',(0.,-0.061048539534859,0.998134798421867));
#5236=DIRECTION('center_axis',(-5.77315972805734E-15,0.998134798421867,
0.061048539534859));
#5237=DIRECTION('ref_axis',(-1.,-5.76239162142175E-15,-3.5244296989936E-16));
#5238=DIRECTION('',(0.,-0.061048539534859,0.998134798421867));
#5239=DIRECTION('',(2.69743062437115E-13,-0.998134798421867,-0.0610485395348582));
#5240=DIRECTION('center_axis',(0.,-0.0610485395348582,0.998134798421867));
#5241=DIRECTION('ref_axis',(-0.707106781186425,-0.705787884502492,-0.0431678362866408));
#5242=DIRECTION('',(1.,-2.34529573521174E-16,-1.4344443219331E-17));
#5243=DIRECTION('center_axis',(0.,0.0610485395348582,-0.998134798421867));
#5244=DIRECTION('ref_axis',(0.707106781186556,0.705787884502362,0.0431678362866327));
#5245=DIRECTION('',(1.01440916173534E-15,-0.998134798421867,-0.0610485395348582));
#5246=DIRECTION('center_axis',(0.,0.0610485395348582,-0.998134798421867));
#5247=DIRECTION('ref_axis',(0.707106784094062,-0.705787881600278,-0.0431678361091338));
#5248=DIRECTION('',(-0.999999622074259,-0.000867775511708955,-5.30754239985481E-5));
#5249=DIRECTION('',(-0.999999749948309,0.000705860802506628,4.31722961428299E-5));
#5250=DIRECTION('',(-1.,1.19080619038789E-8,7.28328266955412E-10));
#5251=DIRECTION('',(-0.999999999999494,1.00379068143724E-6,6.1394468159343E-8));
#5252=DIRECTION('center_axis',(0.,0.0610485395348582,-0.998134798421867));
#5253=DIRECTION('ref_axis',(-0.707107136743236,-0.705787529608688,-0.0431678145804059));
#5254=DIRECTION('',(0.,0.998134798421867,0.0610485395348582));
#5255=DIRECTION('center_axis',(0.,0.0610485395348582,-0.998134798421867));
#5256=DIRECTION('ref_axis',(-0.707106781186542,0.705787884502375,0.0431678362866335));
#5257=DIRECTION('',(1.,1.21947874470944E-16,7.45865152442544E-18));
#5258=DIRECTION('center_axis',(0.,0.0610485395348582,-0.998134798421867));
#5259=DIRECTION('ref_axis',(0.707106781186421,0.705787884502496,0.0431678362866409));
#5260=DIRECTION('center_axis',(0.000707179835451736,0.998134548836573,0.0610485242695684));
#5261=DIRECTION('ref_axis',(-0.999999749948309,0.000705860802506364,4.317229614714E-5));
#5262=DIRECTION('',(0.,-0.061048539534859,0.998134798421867));
#5263=DIRECTION('',(0.999999749948309,-0.000705860802504944,-4.31722961703563E-5));
#5264=DIRECTION('',(0.,-0.061048539534859,0.998134798421867));
#5265=DIRECTION('',(0.,-0.061048539534859,0.998134798421867));
#5266=DIRECTION('',(0.,-0.061048539534859,0.998134798421867));
#5267=DIRECTION('center_axis',(-0.000869397112575355,0.998134421201034,
0.0610485164630444));
#5268=DIRECTION('ref_axis',(-0.999999622074259,-0.000867775511709237,-5.30754239939303E-5));
#5269=DIRECTION('',(0.,-0.061048539534859,0.998134798421867));
#5270=DIRECTION('',(0.,-0.061048539534859,0.998134798421867));
#5271=DIRECTION('',(0.999999622074259,0.000867775511710637,5.30754239710356E-5));
#5272=DIRECTION('center_axis',(0.,-0.061048539534859,0.998134798421867));
#5273=DIRECTION('ref_axis',(8.22370319989809E-9,-0.998134798421867,-0.061048539534859));
#5274=DIRECTION('',(0.,-0.061048539534859,0.998134798421867));
#5275=DIRECTION('center_axis',(-1.,-1.012517084166E-15,-6.19281978147229E-17));
#5276=DIRECTION('ref_axis',(1.01440916173534E-15,-0.998134798421867,-0.0610485395348582));
#5277=DIRECTION('',(0.,-0.061048539534859,0.998134798421867));
#5278=DIRECTION('center_axis',(0.,-0.061048539534859,0.998134798421867));
#5279=DIRECTION('ref_axis',(1.,5.91014525273364E-15,3.61479969127148E-16));
#5280=DIRECTION('',(0.,-0.061048539534859,0.998134798421867));
#5281=DIRECTION('center_axis',(-2.34967835899505E-16,-0.998134798421867,
-0.061048539534859));
#5282=DIRECTION('ref_axis',(1.,-2.34529573521174E-16,-1.4344443219331E-17));
#5283=DIRECTION('',(0.,-0.061048539534859,0.998134798421867));
#5284=DIRECTION('',(0.,0.0610485395348448,-0.998134798421868));
#5285=DIRECTION('',(1.,6.49112375127364E-16,-1.44617625962415E-14));
#5286=DIRECTION('',(0.,0.0610485395348448,-0.998134798421868));
#5287=DIRECTION('',(0.,0.0610485395348448,-0.998134798421868));
#5288=DIRECTION('',(1.,6.49112375127364E-16,-1.44617625962415E-14));
#5289=DIRECTION('',(0.,0.0610485395348448,-0.998134798421868));
#5290=DIRECTION('center_axis',(0.,-0.061048539534859,0.998134798421867));
#5291=DIRECTION('ref_axis',(-1.,-3.61996396729927E-13,-2.21406481090373E-14));
#5292=DIRECTION('',(0.,-0.061048539534859,0.998134798421867));
#5293=DIRECTION('center_axis',(-1.,-2.69239937251366E-13,-1.64674200114461E-14));
#5294=DIRECTION('ref_axis',(2.69743062437115E-13,-0.998134798421867,-0.0610485395348582));
#5295=DIRECTION('',(0.,-0.061048539534859,0.998134798421867));
#5296=DIRECTION('center_axis',(1.19303143450228E-8,0.998134798421867,0.061048539534859));
#5297=DIRECTION('ref_axis',(-1.,1.19080617895958E-8,7.28330135466578E-10));
#5298=DIRECTION('',(1.,-1.19080602206721E-8,-7.28355787142347E-10));
#5299=DIRECTION('',(0.,-0.0610485395348448,0.998134798421868));
#5300=DIRECTION('',(0.,-0.0610485395348448,0.998134798421868));
#5301=DIRECTION('',(-1.,1.35161257676029E-8,8.26666253536052E-10));
#5302=DIRECTION('',(0.,-0.0610485395348448,0.998134798421868));
#5303=DIRECTION('',(0.,-0.061048539534859,0.998134798421867));
#5304=DIRECTION('',(-1.,1.1908062843046E-8,7.28312911708561E-10));
#5305=DIRECTION('',(0.,-0.061048539534859,0.998134798421867));
#5306=DIRECTION('center_axis',(0.,-0.0610485395348448,0.998134798421868));
#5307=DIRECTION('ref_axis',(1.35413911558846E-8,0.998134798421868,0.0610485395348448));
#5308=DIRECTION('',(0.,-0.0610485395348448,0.998134798421868));
#5309=DIRECTION('center_axis',(-1.15853807050659E-29,0.0610485395348551,
-0.998134798421867));
#5310=DIRECTION('ref_axis',(1.35413911558846E-8,0.998134798421867,0.0610485395348551));
#5311=DIRECTION('center_axis',(0.,-0.0610485395348448,0.998134798421868));
#5312=DIRECTION('ref_axis',(0.707106621690724,0.705788043700666,0.0431678460236086));
#5313=DIRECTION('center_axis',(7.16354966246394E-16,0.0610485395348562,
-0.998134798421867));
#5314=DIRECTION('ref_axis',(0.707106621690725,0.705788043700665,0.0431678460236173));
#5315=DIRECTION('',(0.,-0.0610485395348448,0.998134798421868));
#5316=DIRECTION('center_axis',(0.,-0.0610485395348448,0.998134798421868));
#5317=DIRECTION('ref_axis',(0.873205985510806,-0.486442309257398,-0.0297520861862287));
#5318=DIRECTION('center_axis',(1.53839460692144E-14,0.0610485395348448,
-0.998134798421868));
#5319=DIRECTION('ref_axis',(0.873205985510806,-0.486442309257399,-0.0297520861862153));
#5320=DIRECTION('',(0.,-0.0610485395348448,0.998134798421868));
#5321=DIRECTION('center_axis',(2.75716133931832E-14,-0.0610485395348715,
0.998134798421866));
#5322=DIRECTION('ref_axis',(1.,1.68320673027357E-15,-2.75201867763706E-14));
#5323=DIRECTION('center_axis',(-2.75716133931832E-14,0.0610485395348715,
-0.998134798421866));
#5324=DIRECTION('ref_axis',(-9.74068825598792E-9,0.998134798421866,0.0610485395348715));
#5325=DIRECTION('center_axis',(-3.78691577367749E-15,-0.0610485395348708,
0.998134798421866));
#5326=DIRECTION('ref_axis',(-0.815755492833288,-0.577318074900105,-0.0353102861211352));
#5327=DIRECTION('center_axis',(-2.0626825343739E-15,0.0610485395348642,
-0.998134798421867));
#5328=DIRECTION('ref_axis',(0.815755492833276,0.577318074900122,0.0353102861211276));
#5329=DIRECTION('',(1.,8.78019531680764E-9,5.37019751008978E-10));
#5330=DIRECTION('center_axis',(5.44625583281854E-16,-0.061048539534855,
0.998134798421867));
#5331=DIRECTION('ref_axis',(-0.707106621690721,-0.705788043700669,-0.0431678460236157));
#5332=DIRECTION('',(0.707106940682191,-0.705787725304182,-0.0431678265496533));
#5333=DIRECTION('center_axis',(2.75716133931832E-14,-0.0610485395348715,
0.998134798421866));
#5334=DIRECTION('ref_axis',(1.,0.,0.));
#5335=DIRECTION('center_axis',(2.75716133931832E-14,-0.0610485395348671,
0.998134798421866));
#5336=DIRECTION('ref_axis',(1.,1.68320673027357E-15,-2.75201867763706E-14));
#5337=DIRECTION('center_axis',(-2.75716133931832E-14,0.0610485395348671,
-0.998134798421866));
#5338=DIRECTION('ref_axis',(-6.35523633718562E-9,0.998134798421866,0.0610485395348671));
#5339=DIRECTION('center_axis',(-3.22087168704543E-15,-0.0610485395348705,
0.998134798421866));
#5340=DIRECTION('ref_axis',(-0.815755492740377,-0.5773180750309,-0.0353102861291342));
#5341=DIRECTION('center_axis',(-2.05866910043312E-15,0.0610485395348642,
-0.998134798421867));
#5342=DIRECTION('ref_axis',(0.815755492740382,0.577318075030894,0.0353102861291259));
#5343=DIRECTION('',(1.,1.01273887823946E-8,6.19417633213893E-10));
#5344=DIRECTION('center_axis',(-8.34110880172331E-17,-0.0610485395348556,
0.998134798421867));
#5345=DIRECTION('ref_axis',(-0.707106797714564,-0.705787868005182,-0.0431678352776202));
#5346=DIRECTION('',(0.707106764658509,-0.70578790099958,-0.0431678372956436));
#5347=DIRECTION('center_axis',(-2.20794336717323E-16,0.0610485395348553,
-0.998134798421867));
#5348=DIRECTION('ref_axis',(0.707106797714564,0.705787868005182,0.0431678352776198));
#5349=DIRECTION('center_axis',(2.75716133931832E-14,-0.0610485395348671,
0.998134798421866));
#5350=DIRECTION('ref_axis',(1.,0.,0.));
#5351=DIRECTION('center_axis',(0.,-0.0610485395348581,0.998134798421867));
#5352=DIRECTION('ref_axis',(1.,0.,0.));
#5353=DIRECTION('center_axis',(-1.53839460692144E-14,-0.0610485395348448,
0.998134798421868));
#5354=DIRECTION('ref_axis',(1.,0.,0.));
#5355=DIRECTION('',(0.,-0.0610485395348581,0.998134798421867));
#5356=DIRECTION('center_axis',(0.,-0.0610485395348582,0.998134798421867));
#5357=DIRECTION('ref_axis',(1.,0.,0.));
#5358=DIRECTION('center_axis',(1.447441585632E-14,-0.0610485395348685,0.998134798421866));
#5359=DIRECTION('ref_axis',(1.,0.,0.));
#5360=DIRECTION('',(0.,-0.0610485395348582,0.998134798421867));
#5361=DIRECTION('center_axis',(0.,-0.0610485395348583,0.998134798421867));
#5362=DIRECTION('ref_axis',(1.,0.,0.));
#5363=DIRECTION('center_axis',(-2.75716133931833E-14,-0.061048539534845,
0.998134798421868));
#5364=DIRECTION('ref_axis',(1.,0.,0.));
#5365=DIRECTION('',(0.,-0.0610485395348583,0.998134798421867));
#5366=DIRECTION('center_axis',(0.,-0.0610485395348581,0.998134798421867));
#5367=DIRECTION('ref_axis',(1.,0.,0.));
#5368=DIRECTION('',(0.,-0.0610485395348581,0.998134798421867));
#5369=DIRECTION('center_axis',(0.,-0.0610485395348581,0.998134798421867));
#5370=DIRECTION('ref_axis',(1.,0.,0.));
#5371=DIRECTION('center_axis',(-1.53839408417607E-14,-0.0610485395348448,
0.998134798421868));
#5372=DIRECTION('ref_axis',(1.,0.,0.));
#5373=DIRECTION('',(0.,-0.0610485395348581,0.998134798421867));
#5374=DIRECTION('center_axis',(0.,-0.0610485395348582,0.998134798421867));
#5375=DIRECTION('ref_axis',(1.,0.,0.));
#5376=DIRECTION('center_axis',(1.447441585632E-14,-0.0610485395348685,0.998134798421866));
#5377=DIRECTION('ref_axis',(1.,0.,0.));
#5378=DIRECTION('',(0.,-0.0610485395348582,0.998134798421867));
#5379=DIRECTION('center_axis',(0.,-0.0610485395348583,0.998134798421867));
#5380=DIRECTION('ref_axis',(1.,0.,0.));
#5381=DIRECTION('center_axis',(-1.56031747918633E-30,-0.0610485395348582,
0.998134798421867));
#5382=DIRECTION('ref_axis',(1.,0.,0.));
#5383=DIRECTION('',(0.,-0.0610485395348583,0.998134798421867));
#5384=DIRECTION('center_axis',(0.,-0.0610485395348581,0.998134798421867));
#5385=DIRECTION('ref_axis',(1.,0.,0.));
#5386=DIRECTION('',(0.,-0.0610485395348581,0.998134798421867));
#5387=DIRECTION('center_axis',(0.,-0.0610485395348448,0.998134798421868));
#5388=DIRECTION('ref_axis',(-9.74068825598792E-9,0.998134798421868,0.0610485395348448));
#5389=DIRECTION('',(0.,-0.0610485395348448,0.998134798421868));
#5390=DIRECTION('center_axis',(0.,-0.0610485395348448,0.998134798421868));
#5391=DIRECTION('ref_axis',(-0.815755492833288,-0.577318074900107,-0.035310286121117));
#5392=DIRECTION('',(0.,-0.0610485395348448,0.998134798421868));
#5393=DIRECTION('center_axis',(0.,-0.0610485395348448,0.998134798421868));
#5394=DIRECTION('ref_axis',(0.815755492833276,0.577318074900123,0.0353102861211181));
#5395=DIRECTION('',(0.,-0.0610485395348448,0.998134798421868));
#5396=DIRECTION('center_axis',(8.79660275414688E-9,-0.998134798421868,-0.0610485395348448));
#5397=DIRECTION('ref_axis',(1.,8.78019531680764E-9,5.37019751008978E-10));
#5398=DIRECTION('',(0.,-0.0610485395348448,0.998134798421868));
#5399=DIRECTION('center_axis',(0.,-0.0610485395348448,0.998134798421868));
#5400=DIRECTION('ref_axis',(-0.707106621690721,-0.705788043700669,-0.0431678460236088));
#5401=DIRECTION('',(0.,-0.0610485395348448,0.998134798421868));
#5402=DIRECTION('center_axis',(-0.707106621690868,-0.705788043700522,-0.0431678460235999));
#5403=DIRECTION('ref_axis',(0.707106940682191,-0.705787725304182,-0.0431678265496533));
#5404=DIRECTION('center_axis',(0.707106805135003,0.705787860598583,0.0431678348246055));
#5405=DIRECTION('ref_axis',(-0.707106757238091,0.705787908406157,0.0431678377486515));
#5406=DIRECTION('',(0.,-0.0610485395348448,0.998134798421868));
#5407=DIRECTION('',(-0.707106757238091,0.705787908406157,0.0431678377486515));
#5408=DIRECTION('',(0.,-0.0610485395348448,0.998134798421868));
#5409=DIRECTION('center_axis',(0.,-0.0610485395348448,0.998134798421868));
#5410=DIRECTION('ref_axis',(-0.707106805134994,-0.705787860598591,-0.043167834824606));
#5411=DIRECTION('',(0.,0.0610485395348448,-0.998134798421868));
#5412=DIRECTION('center_axis',(0.,0.0610485395348582,-0.998134798421867));
#5413=DIRECTION('ref_axis',(-0.707106805134994,-0.705787860598591,-0.0431678348246155));
#5414=DIRECTION('center_axis',(0.,-0.0610485395348448,0.998134798421868));
#5415=DIRECTION('ref_axis',(1.77635683940025E-14,-0.998134798421868,-0.0610485395348448));
#5416=DIRECTION('',(0.,-0.0610485395348448,0.998134798421868));
#5417=DIRECTION('center_axis',(2.75716133931833E-14,0.061048539534845,-0.998134798421868));
#5418=DIRECTION('ref_axis',(1.77635683940025E-14,-0.998134798421868,-0.061048539534845));
#5419=DIRECTION('',(0.,0.0610485395348448,-0.998134798421868));
#5420=DIRECTION('center_axis',(0.,-0.0610485395348448,0.998134798421868));
#5421=DIRECTION('ref_axis',(0.815755498506491,0.577318066913697,0.0353102856326473));
#5422=DIRECTION('',(0.,-0.0610485395348448,0.998134798421868));
#5423=DIRECTION('center_axis',(4.21589346603715E-15,-0.0610485395348426,
0.998134798421868));
#5424=DIRECTION('ref_axis',(0.815755498506491,0.577318066913697,0.0353102856326426));
#5425=DIRECTION('center_axis',(0.,-0.0610485395348448,0.998134798421868));
#5426=DIRECTION('ref_axis',(-0.815755498506494,-0.577318066913692,-0.035310285632647));
#5427=DIRECTION('',(0.,-0.0610485395348448,0.998134798421868));
#5428=DIRECTION('center_axis',(2.90230280725315E-15,0.0610485395348502,
-0.998134798421867));
#5429=DIRECTION('ref_axis',(-0.815755498506494,-0.577318066913692,-0.0353102856326525));
#5430=DIRECTION('center_axis',(0.,0.998134798421868,0.0610485395348448));
#5431=DIRECTION('ref_axis',(-1.,0.,0.));
#5432=DIRECTION('',(0.,-0.0610485395348448,0.998134798421868));
#5433=DIRECTION('',(-1.,0.,0.));
#5434=DIRECTION('center_axis',(0.,-0.0610485395348448,0.998134798421868));
#5435=DIRECTION('ref_axis',(0.70710680513501,0.705787860598576,0.0431678348246051));
#5436=DIRECTION('center_axis',(0.,-0.0610485395348582,0.998134798421867));
#5437=DIRECTION('ref_axis',(0.70710680513501,0.705787860598575,0.0431678348246146));
#5438=DIRECTION('center_axis',(-2.75716133931833E-14,-0.061048539534845,
0.998134798421868));
#5439=DIRECTION('ref_axis',(1.,-1.68320673027357E-15,2.75201867763706E-14));
#5440=DIRECTION('',(1.,-1.56125885580265E-15,2.7527645427895E-14));
#5441=DIRECTION('center_axis',(-8.02213129121612E-16,0.998134798421868,
0.0610485395348448));
#5442=DIRECTION('ref_axis',(-1.,-8.00716839927175E-16,-4.8973939928563E-17));
#5443=DIRECTION('',(0.,-0.0610485395348448,0.998134798421868));
#5444=DIRECTION('',(-1.,-8.00716839927175E-16,-4.8973939928563E-17));
#5445=DIRECTION('',(0.,-0.0610485395348448,0.998134798421868));
#5446=DIRECTION('center_axis',(0.,-0.0610485395348448,0.998134798421868));
#5447=DIRECTION('ref_axis',(0.,-0.998134798421868,-0.0610485395348448));
#5448=DIRECTION('',(0.,-0.0610485395348448,0.998134798421868));
#5449=DIRECTION('center_axis',(2.90230280725316E-15,0.0610485395348502,
-0.998134798421867));
#5450=DIRECTION('ref_axis',(0.,-0.998134798421867,-0.0610485395348502));
#5451=DIRECTION('center_axis',(0.,-0.0610485395348448,0.998134798421868));
#5452=DIRECTION('ref_axis',(0.873205386588098,-0.48644338036699,-0.0297521516980978));
#5453=DIRECTION('',(0.,-0.0610485395348448,0.998134798421868));
#5454=DIRECTION('center_axis',(-2.21323991320918E-15,-0.061048539534839,
0.998134798421868));
#5455=DIRECTION('ref_axis',(0.873205386588098,-0.48644338036699,-0.0297521516980931));
#5456=DIRECTION('center_axis',(0.,-0.0610485395348448,0.998134798421868));
#5457=DIRECTION('ref_axis',(-0.873205386588087,0.48644338036701,0.0297521516980991));
#5458=DIRECTION('center_axis',(-1.447441585632E-14,0.0610485395348685,-0.998134798421866));
#5459=DIRECTION('ref_axis',(-0.873205386588087,0.486443380367008,0.0297521516981232));
#5460=DIRECTION('center_axis',(0.,-0.0610485395348448,0.998134798421868));
#5461=DIRECTION('ref_axis',(-7.10542735760096E-15,-0.998134798421868,-0.0610485395348448));
#5462=DIRECTION('',(0.,-0.0610485395348448,0.998134798421868));
#5463=DIRECTION('center_axis',(0.,0.0610485395348582,-0.998134798421867));
#5464=DIRECTION('ref_axis',(-7.10542735760096E-15,-0.998134798421867,-0.0610485395348582));
#5465=DIRECTION('center_axis',(-0.707106805135002,0.705787860598584,0.0431678348246056));
#5466=DIRECTION('ref_axis',(-0.707106757238092,-0.705787908406156,-0.0431678377486515));
#5467=DIRECTION('',(0.,-0.0610485395348448,0.998134798421868));
#5468=DIRECTION('',(-0.707106757238092,-0.705787908406156,-0.0431678377486515));
#5469=DIRECTION('center_axis',(0.,-0.0610485395348448,0.998134798421868));
#5470=DIRECTION('ref_axis',(7.10542735760112E-15,0.998134798421868,0.0610485395348448));
#5471=DIRECTION('center_axis',(0.,-0.0610485395348582,0.998134798421867));
#5472=DIRECTION('ref_axis',(7.10542735760111E-15,0.998134798421867,0.0610485395348582));
#5473=DIRECTION('center_axis',(1.447441585632E-14,-0.0610485395348685,0.998134798421866));
#5474=DIRECTION('ref_axis',(1.,8.83641948648527E-16,-1.44474181530222E-14));
#5475=DIRECTION('center_axis',(0.70710678553156,-0.705787880165462,-0.0431678360213671));
#5476=DIRECTION('ref_axis',(0.707106776841535,0.705787888839278,0.043167836551888));
#5477=DIRECTION('',(0.,-0.0610485395348448,0.998134798421868));
#5478=DIRECTION('',(0.707106776841535,0.705787888839278,0.043167836551888));
#5479=DIRECTION('center_axis',(0.,-0.0610485395348448,0.998134798421868));
#5480=DIRECTION('ref_axis',(-1.57463353474412E-7,-0.998134798421855,-0.061048539534844));
#5481=DIRECTION('',(0.,-0.0610485395348448,0.998134798421868));
#5482=DIRECTION('center_axis',(-4.02454120321252E-29,-0.0610485395348556,
0.998134798421867));
#5483=DIRECTION('ref_axis',(-1.57463353474412E-7,-0.998134798421855,-0.0610485395348548));
#5484=DIRECTION('center_axis',(-1.61178629629854E-9,-0.998134798421868,
-0.0610485395348448));
#5485=DIRECTION('ref_axis',(1.,-1.60877998179274E-9,-9.83973328841306E-11));
#5486=DIRECTION('',(0.,-0.0610485395348448,0.998134798421868));
#5487=DIRECTION('',(1.,-1.60877998179274E-9,-9.83973328841306E-11));
#5488=DIRECTION('center_axis',(0.,-0.0610485395348448,0.998134798421868));
#5489=DIRECTION('ref_axis',(1.56639575544638E-8,0.998134798421868,0.0610485395348448));
#5490=DIRECTION('',(0.,-0.0610485395348448,0.998134798421868));
#5491=DIRECTION('center_axis',(-2.90230280725315E-15,0.0610485395348644,
-0.998134798421866));
#5492=DIRECTION('ref_axis',(1.56639575544638E-8,0.998134798421866,0.0610485395348644));
#5493=DIRECTION('center_axis',(0.,-0.0610485395348448,0.998134798421868));
#5494=DIRECTION('ref_axis',(-0.873205382175869,0.48644338825778,0.0297521521807192));
#5495=DIRECTION('center_axis',(2.56872716688295E-15,-0.0610485395348749,
0.998134798421866));
#5496=DIRECTION('ref_axis',(-0.873205382175869,0.486443388257779,0.0297521521807362));
#5497=DIRECTION('center_axis',(2.75716133931832E-14,-0.0610485395348715,
0.998134798421866));
#5498=DIRECTION('ref_axis',(1.,1.68320673027357E-15,-2.75201867763706E-14));
#5499=DIRECTION('center_axis',(0.,-0.0610485395348448,0.998134798421868));
#5500=DIRECTION('ref_axis',(0.707106797714564,0.705787868005182,0.0431678352776125));
#5501=DIRECTION('',(0.,-0.0610485395348448,0.998134798421868));
#5502=DIRECTION('center_axis',(0.,-0.0610485395348448,0.998134798421868));
#5503=DIRECTION('ref_axis',(-6.35523633718562E-9,0.998134798421868,0.0610485395348448));
#5504=DIRECTION('',(0.,-0.0610485395348448,0.998134798421868));
#5505=DIRECTION('center_axis',(0.,-0.0610485395348448,0.998134798421868));
#5506=DIRECTION('ref_axis',(-0.815755492740377,-0.577318075030901,-0.0353102861291168));
#5507=DIRECTION('',(0.,-0.0610485395348448,0.998134798421868));
#5508=DIRECTION('center_axis',(0.,-0.0610485395348448,0.998134798421868));
#5509=DIRECTION('ref_axis',(0.815755492740382,0.577318075030894,0.0353102861291164));
#5510=DIRECTION('',(0.,-0.0610485395348448,0.998134798421868));
#5511=DIRECTION('center_axis',(1.01463137027252E-8,-0.998134798421868,-0.0610485395348448));
#5512=DIRECTION('ref_axis',(1.,1.01273887823946E-8,6.19417633213893E-10));
#5513=DIRECTION('',(0.,-0.0610485395348448,0.998134798421868));
#5514=DIRECTION('center_axis',(0.,-0.0610485395348448,0.998134798421868));
#5515=DIRECTION('ref_axis',(-0.707106797714564,-0.705787868005182,-0.0431678352776125));
#5516=DIRECTION('',(0.,-0.0610485395348448,0.998134798421868));
#5517=DIRECTION('center_axis',(-0.707106797714586,-0.70578786800516,-0.0431678352776112));
#5518=DIRECTION('ref_axis',(0.707106764658509,-0.70578790099958,-0.0431678372956436));
#5519=DIRECTION('center_axis',(-1.77635683940025E-14,-0.0610485395348448,
0.998134798421868));
#5520=DIRECTION('ref_axis',(-0.815755498506492,-0.577318066913694,-0.0353102856326617));
#5521=DIRECTION('',(-1.77635683940025E-14,-0.0610485395348448,0.998134798421868));
#5522=DIRECTION('center_axis',(2.90230280725317E-15,0.0610485395348502,
-0.998134798421867));
#5523=DIRECTION('ref_axis',(-0.815755498506492,-0.577318066913695,-0.0353102856326527));
#5524=DIRECTION('',(-1.77635683940025E-14,-0.0610485395348448,0.998134798421868));
#5525=DIRECTION('center_axis',(-3.20885256552608E-15,0.998134798421868,
0.0610485395348448));
#5526=DIRECTION('ref_axis',(-1.,-3.20286740865687E-15,-1.9589576270805E-16));
#5527=DIRECTION('',(-1.77635683940025E-14,-0.0610485395348448,0.998134798421868));
#5528=DIRECTION('',(-1.,-3.20286740865684E-15,-1.95895762708047E-16));
#5529=DIRECTION('center_axis',(-1.77635683940025E-14,-0.0610485395348448,
0.998134798421868));
#5530=DIRECTION('ref_axis',(0.707106781185599,0.705787884503316,0.0431678362866942));
#5531=DIRECTION('',(-1.77635683940025E-14,-0.0610485395348448,0.998134798421868));
#5532=DIRECTION('center_axis',(-1.56031747918633E-30,-0.0610485395348582,
0.998134798421867));
#5533=DIRECTION('ref_axis',(0.707106781185599,0.705787884503317,0.0431678362866912));
#5534=DIRECTION('center_axis',(0.7071067811856,0.705787884503316,0.0431678362866942));
#5535=DIRECTION('ref_axis',(-0.707106781187495,0.705787884501424,0.0431678362865754));
#5536=DIRECTION('',(-1.77635683940025E-14,-0.0610485395348448,0.998134798421868));
#5537=DIRECTION('',(-0.707106781187495,0.705787884501424,0.0431678362865754));
#5538=DIRECTION('center_axis',(-1.77635683940025E-14,-0.0610485395348448,
0.998134798421868));
#5539=DIRECTION('ref_axis',(-0.7071067811856,-0.705787884503315,-0.0431678362866941));
#5540=DIRECTION('',(1.77635683940025E-14,0.0610485395348448,-0.998134798421868));
#5541=DIRECTION('center_axis',(1.56031747918633E-30,0.0610485395348582,
-0.998134798421867));
#5542=DIRECTION('ref_axis',(-0.7071067811856,-0.705787884503315,-0.0431678362866911));
#5543=DIRECTION('center_axis',(-1.77635683940025E-14,-0.0610485395348448,
0.998134798421868));
#5544=DIRECTION('ref_axis',(-4.44089209850063E-15,-0.998134798421868,-0.0610485395348448));
#5545=DIRECTION('',(-1.77635683940025E-14,-0.0610485395348448,0.998134798421868));
#5546=DIRECTION('center_axis',(2.75716133931833E-14,0.061048539534845,-0.998134798421868));
#5547=DIRECTION('ref_axis',(-4.4408920985006E-15,-0.998134798421868,-0.061048539534845));
#5548=DIRECTION('',(1.77635683940025E-14,0.0610485395348448,-0.998134798421868));
#5549=DIRECTION('center_axis',(-1.77635683940025E-14,-0.0610485395348448,
0.998134798421868));
#5550=DIRECTION('ref_axis',(0.815755498506492,0.577318066913694,0.0353102856326616));
#5551=DIRECTION('center_axis',(4.21589346603713E-15,-0.0610485395348426,
0.998134798421868));
#5552=DIRECTION('ref_axis',(0.815755498506492,0.577318066913695,0.0353102856326425));
#5553=DIRECTION('center_axis',(-1.56031747918633E-30,-0.0610485395348582,
0.998134798421867));
#5554=DIRECTION('ref_axis',(1.,-2.60324098722934E-29,-3.15544362088405E-30));
#5555=DIRECTION('',(1.,1.21947874470944E-16,7.458651524427E-18));
#5556=DIRECTION('center_axis',(-1.06961750549548E-15,0.998134798421868,
0.0610485395348448));
#5557=DIRECTION('ref_axis',(-1.,-1.06762245323623E-15,-6.52985865714174E-17));
#5558=DIRECTION('',(0.,-0.0610485395348448,0.998134798421868));
#5559=DIRECTION('',(-1.,-1.06762245323623E-15,-6.52985865714174E-17));
#5560=DIRECTION('',(0.,-0.0610485395348448,0.998134798421868));
#5561=DIRECTION('center_axis',(0.,-0.0610485395348448,0.998134798421868));
#5562=DIRECTION('ref_axis',(0.,-0.998134798421868,-0.0610485395348448));
#5563=DIRECTION('',(0.,-0.0610485395348448,0.998134798421868));
#5564=DIRECTION('center_axis',(2.90230280725316E-15,0.0610485395348502,
-0.998134798421867));
#5565=DIRECTION('ref_axis',(0.,-0.998134798421867,-0.0610485395348501));
#5566=DIRECTION('center_axis',(0.,-0.0610485395348448,0.998134798421868));
#5567=DIRECTION('ref_axis',(0.873205386588098,-0.48644338036699,-0.0297521516980978));
#5568=DIRECTION('',(0.,-0.0610485395348448,0.998134798421868));
#5569=DIRECTION('center_axis',(-2.21323991320918E-15,-0.061048539534839,
0.998134798421868));
#5570=DIRECTION('ref_axis',(0.873205386588098,-0.48644338036699,-0.0297521516980931));
#5571=DIRECTION('center_axis',(0.,-0.0610485395348448,0.998134798421868));
#5572=DIRECTION('ref_axis',(-0.873205386588087,0.48644338036701,0.0297521516980991));
#5573=DIRECTION('center_axis',(-1.447441585632E-14,0.0610485395348685,-0.998134798421866));
#5574=DIRECTION('ref_axis',(-0.873205386588087,0.486443380367008,0.0297521516981232));
#5575=DIRECTION('center_axis',(0.,-0.0610485395348448,0.998134798421868));
#5576=DIRECTION('ref_axis',(0.,-0.998134798421868,-0.0610485395348448));
#5577=DIRECTION('',(0.,-0.0610485395348448,0.998134798421868));
#5578=DIRECTION('center_axis',(0.,0.0610485395348582,-0.998134798421867));
#5579=DIRECTION('ref_axis',(0.,-0.998134798421867,-0.0610485395348582));
#5580=DIRECTION('center_axis',(-0.707106805135,0.705787860598586,0.0431678348246057));
#5581=DIRECTION('ref_axis',(-0.707106757238094,-0.705787908406154,-0.0431678377486513));
#5582=DIRECTION('',(0.,-0.0610485395348448,0.998134798421868));
#5583=DIRECTION('',(-0.707106757238094,-0.705787908406154,-0.0431678377486513));
#5584=DIRECTION('center_axis',(0.,-0.0610485395348448,0.998134798421868));
#5585=DIRECTION('ref_axis',(0.,0.998134798421868,0.0610485395348448));
#5586=DIRECTION('center_axis',(0.,-0.0610485395348582,0.998134798421867));
#5587=DIRECTION('ref_axis',(0.,0.998134798421867,0.0610485395348582));
#5588=DIRECTION('center_axis',(1.447441585632E-14,-0.0610485395348685,0.998134798421866));
#5589=DIRECTION('ref_axis',(1.,8.83641948648527E-16,-1.44474181530222E-14));
#5590=DIRECTION('center_axis',(0.70710680807801,-0.705787857661066,-0.0431678346449267));
#5591=DIRECTION('ref_axis',(0.707106754295084,0.705787911343674,0.0431678379283161));
#5592=DIRECTION('',(-1.77635683940025E-14,-0.0610485395348448,0.998134798421868));
#5593=DIRECTION('',(0.707106754295084,0.705787911343674,0.0431678379283161));
#5594=DIRECTION('',(-1.77635683940025E-14,-0.0610485395348448,0.998134798421868));
#5595=DIRECTION('center_axis',(-1.77635683940025E-14,-0.0610485395348448,
0.998134798421868));
#5596=DIRECTION('ref_axis',(-8.78383157612917E-8,-0.998134798421864,-0.0610485395348445));
#5597=DIRECTION('',(-1.77635683940025E-14,-0.0610485395348448,0.998134798421868));
#5598=DIRECTION('center_axis',(-8.44338567103361E-30,-0.0610485395348564,
0.998134798421867));
#5599=DIRECTION('ref_axis',(-8.78383157612917E-8,-0.998134798421863,-0.0610485395348562));
#5600=DIRECTION('center_axis',(-2.07045646615259E-9,-0.998134798421868,
-0.0610485395348448));
#5601=DIRECTION('ref_axis',(1.,-2.06659463932215E-9,-1.26398476881926E-10));
#5602=DIRECTION('',(-1.77635683940025E-14,-0.0610485395348448,0.998134798421868));
#5603=DIRECTION('',(1.,-2.06659463932215E-9,-1.26398476881926E-10));
#5604=DIRECTION('center_axis',(-1.77635683940025E-14,-0.0610485395348448,
0.998134798421868));
#5605=DIRECTION('ref_axis',(6.44914172290371E-9,0.998134798421868,0.0610485395348448));
#5606=DIRECTION('',(-1.77635683940025E-14,-0.0610485395348448,0.998134798421868));
#5607=DIRECTION('center_axis',(-2.90230280725315E-15,0.0610485395348644,
-0.998134798421866));
#5608=DIRECTION('ref_axis',(6.44914172290371E-9,0.998134798421866,0.0610485395348644));
#5609=DIRECTION('center_axis',(-1.77635683940025E-14,-0.0610485395348448,
0.998134798421868));
#5610=DIRECTION('ref_axis',(-0.87320538304247,0.48644338670796,0.0297521520859126));
#5611=DIRECTION('',(-1.77635683940025E-14,-0.0610485395348448,0.998134798421868));
#5612=DIRECTION('center_axis',(2.56872732770881E-15,-0.0610485395348749,
0.998134798421866));
#5613=DIRECTION('ref_axis',(-0.87320538304247,0.486443386707958,0.029752152085945));
#5614=DIRECTION('center_axis',(-1.77635683940025E-14,-0.0610485395348448,
0.998134798421868));
#5615=DIRECTION('ref_axis',(0.873205704716817,-0.486442811427981,-0.0297521169002818));
#5616=DIRECTION('',(0.,-0.061048539534859,0.998134798421867));
#5617=DIRECTION('center_axis',(1.53839408417606E-14,0.0610485395348448,
-0.998134798421868));
#5618=DIRECTION('ref_axis',(0.873205704716817,-0.486442811427981,-0.0297521169002839));
#5619=DIRECTION('center_axis',(-1.77635683940025E-14,-0.0610485395348448,
0.998134798421868));
#5620=DIRECTION('ref_axis',(2.6915331046925E-7,0.998134798421832,0.0610485395348426));
#5621=DIRECTION('center_axis',(-1.17835386176065E-28,0.0610485395348551,
-0.998134798421867));
#5622=DIRECTION('ref_axis',(2.6915331046925E-7,0.998134798421831,0.0610485395348529));
#5623=DIRECTION('center_axis',(-1.53839408417607E-14,-0.0610485395348448,
0.998134798421868));
#5624=DIRECTION('ref_axis',(1.,-9.39167120680171E-16,1.53552466910247E-14));
#5625=DIRECTION('center_axis',(1.22175756885496E-16,-0.998134798421867,
-0.061048539534859));
#5626=DIRECTION('ref_axis',(1.,1.21947874470944E-16,7.45865152442544E-18));
#5627=DIRECTION('',(0.,-0.061048539534859,0.998134798421867));
#5628=DIRECTION('',(0.,-0.061048539534859,0.998134798421867));
#5629=DIRECTION('center_axis',(0.,-0.061048539534859,0.998134798421867));
#5630=DIRECTION('ref_axis',(1.,3.4869856991128E-13,2.13273181785015E-14));
#5631=DIRECTION('center_axis',(0.,-0.061048539534859,0.998134798421867));
#5632=DIRECTION('ref_axis',(0.,0.998134798421867,0.061048539534859));
#5633=DIRECTION('',(0.,-0.061048539534859,0.998134798421867));
#5634=DIRECTION('center_axis',(1.,0.,0.));
#5635=DIRECTION('ref_axis',(0.,0.998134798421867,0.0610485395348582));
#5636=DIRECTION('',(0.,-0.061048539534859,0.998134798421867));
#5637=DIRECTION('center_axis',(0.,-0.061048539534859,0.998134798421867));
#5638=DIRECTION('ref_axis',(-1.,0.,0.));
#5639=DIRECTION('',(0.,-0.061048539534859,0.998134798421867));
#5640=DIRECTION('center_axis',(1.00566645209075E-6,0.998134798421362,0.0610485395348281));
#5641=DIRECTION('ref_axis',(-0.999999999999494,1.00379068167849E-6,6.13944642149664E-8));
#5642=DIRECTION('center_axis',(0.,-0.998134798421867,-0.061048539534859));
#5643=DIRECTION('ref_axis',(1.,0.,0.));
#5644=DIRECTION('center_axis',(-1.,0.,0.));
#5645=DIRECTION('ref_axis',(0.,-0.998134798421867,-0.0610485395348582));
#5646=DIRECTION('',(0.,-0.061048539534859,0.998134798421867));
#5647=DIRECTION('center_axis',(0.,-0.061048539534859,0.998134798421867));
#5648=DIRECTION('ref_axis',(-4.44089209850062E-16,0.998134798421867,0.061048539534859));
#5649=DIRECTION('center_axis',(0.,0.061048539534858,-0.998134798421867));
#5650=DIRECTION('ref_axis',(-0.555988573572463,-0.829639597027596,-0.0507429315348007));
#5651=DIRECTION('center_axis',(0.,-0.0610485395348569,0.998134798421867));
#5652=DIRECTION('ref_axis',(-0.555988573572463,-0.829639597027596,-0.0507429315347997));
#5653=DIRECTION('',(0.,0.061048539534858,-0.998134798421867));
#5654=DIRECTION('center_axis',(0.,-0.0610485395348569,0.998134798421867));
#5655=DIRECTION('ref_axis',(-0.555988573572463,-0.829639597027596,-0.0507429315347997));
#5656=DIRECTION('',(0.,0.061048539534858,-0.998134798421867));
#5657=DIRECTION('center_axis',(0.,0.061048539534858,-0.998134798421867));
#5658=DIRECTION('ref_axis',(0.55598857357243,0.829639597027619,0.0507429315348021));
#5659=DIRECTION('center_axis',(0.,-0.0610485395348569,0.998134798421867));
#5660=DIRECTION('ref_axis',(0.55598857357243,0.829639597027619,0.0507429315348011));
#5661=DIRECTION('center_axis',(0.,0.0610485395348569,-0.998134798421867));
#5662=DIRECTION('ref_axis',(0.55598857357243,0.829639597027619,0.0507429315348011));
#5663=DIRECTION('',(0.,0.061048539534858,-0.998134798421867));
#5664=DIRECTION('center_axis',(0.,0.061048539534858,-0.998134798421867));
#5665=DIRECTION('ref_axis',(0.0186545154304847,-0.997961112373917,-0.0610379164410818));
#5666=DIRECTION('center_axis',(0.,-0.0610485395348569,0.998134798421867));
#5667=DIRECTION('ref_axis',(0.0186545154304847,-0.997961112373917,-0.0610379164410807));
#5668=DIRECTION('center_axis',(0.,-0.0610485395348569,0.998134798421867));
#5669=DIRECTION('ref_axis',(0.0186545154304847,-0.997961112373917,-0.0610379164410807));
#5670=DIRECTION('',(0.,0.061048539534858,-0.998134798421867));
#5671=DIRECTION('center_axis',(0.,0.061048539534858,-0.998134798421867));
#5672=DIRECTION('ref_axis',(0.0796524864960184,0.994963417797588,0.0608545695863827));
#5673=DIRECTION('center_axis',(0.,-0.0610485395348569,0.998134798421867));
#5674=DIRECTION('ref_axis',(0.0796524864960184,0.994963417797588,0.0608545695863815));
#5675=DIRECTION('center_axis',(0.,0.0610485395348569,-0.998134798421867));
#5676=DIRECTION('ref_axis',(0.0796524864960184,0.994963417797588,0.0608545695863815));
#5677=DIRECTION('',(0.,0.061048539534858,-0.998134798421867));
#5678=DIRECTION('center_axis',(0.,0.061048539534858,-0.998134798421867));
#5679=DIRECTION('ref_axis',(0.0135444812745879,-0.998043238824343,-0.0610429395099736));
#5680=DIRECTION('center_axis',(0.,-0.0610485395348569,0.998134798421867));
#5681=DIRECTION('ref_axis',(0.0135444812745879,-0.998043238824343,-0.0610429395099724));
#5682=DIRECTION('center_axis',(0.,0.0610485395348569,-0.998134798421867));
#5683=DIRECTION('ref_axis',(0.0135444812745879,-0.998043238824343,-0.0610429395099724));
#5684=DIRECTION('',(0.,0.061048539534858,-0.998134798421867));
#5685=DIRECTION('center_axis',(0.,0.061048539534858,-0.998134798421867));
#5686=DIRECTION('ref_axis',(0.551418027027688,0.832673075531474,0.050928467028268));
#5687=DIRECTION('center_axis',(0.,-0.0610485395348569,0.998134798421867));
#5688=DIRECTION('ref_axis',(0.551418027027688,0.832673075531474,0.050928467028267));
#5689=DIRECTION('center_axis',(0.,-0.0610485395348569,0.998134798421867));
#5690=DIRECTION('ref_axis',(0.551418027027688,0.832673075531474,0.050928467028267));
#5691=DIRECTION('',(0.,0.061048539534858,-0.998134798421867));
#5692=DIRECTION('center_axis',(0.,0.061048539534858,-0.998134798421867));
#5693=DIRECTION('ref_axis',(-0.551418027027705,-0.832673075531462,-0.0509284670282673));
#5694=DIRECTION('center_axis',(0.,-0.0610485395348569,0.998134798421867));
#5695=DIRECTION('ref_axis',(-0.551418027027705,-0.832673075531462,-0.0509284670282663));
#5696=DIRECTION('center_axis',(0.,0.0610485395348569,-0.998134798421867));
#5697=DIRECTION('ref_axis',(-0.551418027027705,-0.832673075531462,-0.0509284670282663));
#5698=DIRECTION('',(0.,0.061048539534858,-0.998134798421867));
#5699=DIRECTION('center_axis',(0.,0.061048539534858,-0.998134798421867));
#5700=DIRECTION('ref_axis',(0.955046723614221,-0.295902369314193,-0.0180981642159926));
#5701=DIRECTION('center_axis',(0.,-0.0610485395348569,0.998134798421867));
#5702=DIRECTION('ref_axis',(-0.585619976119344,-0.809073835232052,-0.0494850756579935));
#5703=DIRECTION('center_axis',(0.,0.0610485395348569,-0.998134798421867));
#5704=DIRECTION('ref_axis',(-0.585619976119344,-0.809073835232052,-0.0494850756579935));
#5705=DIRECTION('center_axis',(0.,-0.0610485395348569,0.998134798421867));
#5706=DIRECTION('ref_axis',(1.,0.,0.));
#5707=DIRECTION('center_axis',(0.,-0.0610485395348569,0.998134798421867));
#5708=DIRECTION('ref_axis',(1.,0.,0.));
#5709=DIRECTION('center_axis',(0.,0.061048539534858,-0.998134798421867));
#5710=DIRECTION('ref_axis',(-0.774990542851841,-0.630794073779235,-0.0385810183277367));
#5711=DIRECTION('center_axis',(0.,-0.0610485395348569,0.998134798421867));
#5712=DIRECTION('ref_axis',(-0.774990542851841,-0.630794073779235,-0.0385810183277359));
#5713=DIRECTION('',(0.,0.061048539534858,-0.998134798421867));
#5714=DIRECTION('center_axis',(0.,-0.0610485395348569,0.998134798421867));
#5715=DIRECTION('ref_axis',(-0.774990542851841,-0.630794073779235,-0.0385810183277359));
#5716=DIRECTION('',(0.,0.061048539534858,-0.998134798421867));
#5717=DIRECTION('center_axis',(0.,0.061048539534858,-0.998134798421867));
#5718=DIRECTION('ref_axis',(0.774990542851836,0.630794073779242,0.0385810183277371));
#5719=DIRECTION('center_axis',(0.,-0.0610485395348569,0.998134798421867));
#5720=DIRECTION('ref_axis',(0.774990542851836,0.630794073779242,0.0385810183277363));
#5721=DIRECTION('center_axis',(0.,0.0610485395348569,-0.998134798421867));
#5722=DIRECTION('ref_axis',(0.774990542851836,0.630794073779242,0.0385810183277363));
#5723=DIRECTION('',(0.,0.061048539534858,-0.998134798421867));
#5724=DIRECTION('center_axis',(0.,0.061048539534858,-0.998134798421867));
#5725=DIRECTION('ref_axis',(0.0299019132950272,-0.99768847028312,-0.0610212409364454));
#5726=DIRECTION('center_axis',(0.,-0.0610485395348569,0.998134798421867));
#5727=DIRECTION('ref_axis',(0.0299019132950272,-0.997688470283121,-0.0610212409364443));
#5728=DIRECTION('center_axis',(0.,-0.0610485395348569,0.998134798421867));
#5729=DIRECTION('ref_axis',(0.0299019132950272,-0.997688470283121,-0.0610212409364443));
#5730=DIRECTION('',(0.,0.061048539534858,-0.998134798421867));
#5731=DIRECTION('center_axis',(0.,0.061048539534858,-0.998134798421867));
#5732=DIRECTION('ref_axis',(-0.0299019132950261,0.99768847028312,0.0610212409364454));
#5733=DIRECTION('center_axis',(0.,-0.0610485395348569,0.998134798421867));
#5734=DIRECTION('ref_axis',(-0.0299019132950261,0.99768847028312,0.0610212409364443));
#5735=DIRECTION('center_axis',(0.,0.0610485395348569,-0.998134798421867));
#5736=DIRECTION('ref_axis',(-0.0299019132950261,0.99768847028312,0.0610212409364443));
#5737=DIRECTION('',(0.,0.061048539534858,-0.998134798421867));
#5738=DIRECTION('center_axis',(0.,0.061048539534858,-0.998134798421867));
#5739=DIRECTION('ref_axis',(0.0299019132950271,-0.99768847028312,-0.0610212409364454));
#5740=DIRECTION('center_axis',(0.,-0.0610485395348569,0.998134798421867));
#5741=DIRECTION('ref_axis',(0.0299019132950271,-0.99768847028312,-0.0610212409364442));
#5742=DIRECTION('center_axis',(0.,0.0610485395348569,-0.998134798421867));
#5743=DIRECTION('ref_axis',(0.0299019132950271,-0.99768847028312,-0.0610212409364442));
#5744=DIRECTION('',(0.,0.061048539534858,-0.998134798421867));
#5745=DIRECTION('center_axis',(0.,0.061048539534858,-0.998134798421867));
#5746=DIRECTION('ref_axis',(0.759060569033672,0.649805725773723,0.0397438207771088));
#5747=DIRECTION('center_axis',(0.,-0.0610485395348569,0.998134798421867));
#5748=DIRECTION('ref_axis',(0.759060569033672,0.649805725773723,0.039743820777108));
#5749=DIRECTION('center_axis',(0.,-0.0610485395348569,0.998134798421867));
#5750=DIRECTION('ref_axis',(0.759060569033672,0.649805725773723,0.039743820777108));
#5751=DIRECTION('',(0.,0.061048539534858,-0.998134798421867));
#5752=DIRECTION('center_axis',(0.,0.061048539534858,-0.998134798421867));
#5753=DIRECTION('ref_axis',(-0.759060569033641,-0.64980572577376,-0.039743820777111));
#5754=DIRECTION('center_axis',(0.,-0.0610485395348569,0.998134798421867));
#5755=DIRECTION('ref_axis',(-0.759060569033641,-0.64980572577376,-0.0397438207771102));
#5756=DIRECTION('center_axis',(0.,0.0610485395348569,-0.998134798421867));
#5757=DIRECTION('ref_axis',(-0.759060569033641,-0.64980572577376,-0.0397438207771102));
#5758=DIRECTION('',(0.,0.061048539534858,-0.998134798421867));
#5759=DIRECTION('center_axis',(0.,0.061048539534858,-0.998134798421867));
#5760=DIRECTION('ref_axis',(0.976019419246212,-0.217277446776175,-0.0132892579444385));
#5761=DIRECTION('center_axis',(0.,-0.0610485395348569,0.998134798421867));
#5762=DIRECTION('ref_axis',(-0.217683480612606,-0.974198943995754,-0.0595845599626152));
#5763=DIRECTION('center_axis',(0.,0.0610485395348569,-0.998134798421867));
#5764=DIRECTION('ref_axis',(-0.217683480612606,-0.974198943995754,-0.0595845599626152));
#5765=DIRECTION('center_axis',(0.,-0.0610485395348569,0.998134798421867));
#5766=DIRECTION('ref_axis',(1.,0.,0.));
#5767=DIRECTION('center_axis',(0.,-0.0610485395348569,0.998134798421867));
#5768=DIRECTION('ref_axis',(1.,0.,0.));
#5769=DIRECTION('center_axis',(0.,0.061048539534858,-0.998134798421867));
#5770=DIRECTION('ref_axis',(0.837424149064114,-0.545534127999442,-0.0333662966499562));
#5771=DIRECTION('center_axis',(0.,-0.0610485395348569,0.998134798421867));
#5772=DIRECTION('ref_axis',(-0.550123987252539,-0.833525390970048,-0.0509805968736849));
#5773=DIRECTION('',(0.,0.061048539534858,-0.998134798421867));
#5774=DIRECTION('center_axis',(0.,0.0610485395348569,-0.998134798421867));
#5775=DIRECTION('ref_axis',(-0.550123987252539,-0.833525390970048,-0.0509805968736849));
#5776=DIRECTION('',(0.,0.061048539534858,-0.998134798421867));
#5777=DIRECTION('center_axis',(0.,0.061048539534858,-0.998134798421867));
#5778=DIRECTION('ref_axis',(-0.781185697097371,-0.623134288918871,-0.0381125258158878));
#5779=DIRECTION('center_axis',(0.,-0.0610485395348569,0.998134798421867));
#5780=DIRECTION('ref_axis',(-0.781185697097371,-0.623134288918871,-0.0381125258158871));
#5781=DIRECTION('center_axis',(0.,-0.0610485395348569,0.998134798421867));
#5782=DIRECTION('ref_axis',(-0.781185697097371,-0.623134288918871,-0.0381125258158871));
#5783=DIRECTION('',(0.,0.061048539534858,-0.998134798421867));
#5784=DIRECTION('center_axis',(0.,0.061048539534858,-0.998134798421867));
#5785=DIRECTION('ref_axis',(0.781185697097375,0.623134288918867,0.0381125258158875));
#5786=DIRECTION('center_axis',(0.,-0.0610485395348569,0.998134798421867));
#5787=DIRECTION('ref_axis',(0.781185697097375,0.623134288918867,0.0381125258158868));
#5788=DIRECTION('center_axis',(0.,0.0610485395348569,-0.998134798421867));
#5789=DIRECTION('ref_axis',(0.781185697097375,0.623134288918867,0.0381125258158868));
#5790=DIRECTION('',(0.,0.061048539534858,-0.998134798421867));
#5791=DIRECTION('center_axis',(0.,0.061048539534858,-0.998134798421867));
#5792=DIRECTION('ref_axis',(0.188739935234915,-0.980195427455928,-0.0599513206027296));
#5793=DIRECTION('center_axis',(0.,-0.0610485395348569,0.998134798421867));
#5794=DIRECTION('ref_axis',(0.188739935234915,-0.980195427455928,-0.0599513206027285));
#5795=DIRECTION('center_axis',(0.,-0.0610485395348569,0.998134798421867));
#5796=DIRECTION('ref_axis',(0.188739935234915,-0.980195427455928,-0.0599513206027285));
#5797=DIRECTION('',(0.,0.061048539534858,-0.998134798421867));
#5798=DIRECTION('center_axis',(0.,0.061048539534858,-0.998134798421867));
#5799=DIRECTION('ref_axis',(-0.982199351490195,-0.187491150517203,-0.0114674500206612));
#5800=DIRECTION('center_axis',(0.,-0.0610485395348569,0.998134798421867));
#5801=DIRECTION('ref_axis',(-0.0522527338096587,0.99677123926745,0.0609651406842425));
#5802=DIRECTION('center_axis',(0.,0.0610485395348569,-0.998134798421867));
#5803=DIRECTION('ref_axis',(-0.0522527338096587,0.99677123926745,0.0609651406842425));
#5804=DIRECTION('',(0.,0.061048539534858,-0.998134798421867));
#5805=DIRECTION('center_axis',(0.,0.061048539534858,-0.998134798421867));
#5806=DIRECTION('ref_axis',(0.187068440302441,-0.98051460809588,-0.0599708425269705));
#5807=DIRECTION('center_axis',(0.,-0.0610485395348569,0.998134798421867));
#5808=DIRECTION('ref_axis',(0.187068440302441,-0.98051460809588,-0.0599708425269693));
#5809=DIRECTION('center_axis',(0.,0.0610485395348569,-0.998134798421867));
#5810=DIRECTION('ref_axis',(0.187068440302441,-0.98051460809588,-0.0599708425269693));
#5811=DIRECTION('',(0.,0.061048539534858,-0.998134798421867));
#5812=DIRECTION('center_axis',(0.,0.061048539534858,-0.998134798421867));
#5813=DIRECTION('ref_axis',(0.765134146931148,0.642669952014525,0.0393073781571951));
#5814=DIRECTION('center_axis',(0.,-0.0610485395348569,0.998134798421867));
#5815=DIRECTION('ref_axis',(0.765134146931148,0.642669952014525,0.0393073781571944));
#5816=DIRECTION('center_axis',(0.,-0.0610485395348569,0.998134798421867));
#5817=DIRECTION('ref_axis',(0.765134146931148,0.642669952014525,0.0393073781571944));
#5818=DIRECTION('',(0.,0.061048539534858,-0.998134798421867));
#5819=DIRECTION('center_axis',(0.,0.061048539534858,-0.998134798421867));
#5820=DIRECTION('ref_axis',(-0.765134146931174,-0.642669952014494,-0.0393073781571932));
#5821=DIRECTION('center_axis',(0.,-0.0610485395348569,0.998134798421867));
#5822=DIRECTION('ref_axis',(-0.765134146931174,-0.642669952014494,-0.0393073781571925));
#5823=DIRECTION('center_axis',(0.,0.0610485395348569,-0.998134798421867));
#5824=DIRECTION('ref_axis',(-0.765134146931174,-0.642669952014494,-0.0393073781571925));
#5825=DIRECTION('center_axis',(0.,-0.0610485395348569,0.998134798421867));
#5826=DIRECTION('ref_axis',(1.,0.,0.));
#5827=DIRECTION('center_axis',(0.,-0.0610485395348569,0.998134798421867));
#5828=DIRECTION('ref_axis',(1.,0.,0.));
#5829=DIRECTION('',(0.,0.061048539534858,-0.998134798421867));
#5830=DIRECTION('',(0.,0.061048539534858,-0.998134798421867));
#5831=DIRECTION('center_axis',(0.,0.061048539534858,-0.998134798421867));
#5832=DIRECTION('ref_axis',(-0.446244537178178,0.893241874788466,0.0546330134901945));
#5833=DIRECTION('center_axis',(0.,-0.0610485395348569,0.998134798421867));
#5834=DIRECTION('ref_axis',(-0.446244537178178,0.893241874788466,0.0546330134901934));
#5835=DIRECTION('center_axis',(0.,0.0610485395348569,-0.998134798421867));
#5836=DIRECTION('ref_axis',(-0.446244537178178,0.893241874788466,0.0546330134901934));
#5837=DIRECTION('',(0.,0.061048539534858,-0.998134798421867));
#5838=DIRECTION('',(0.,0.061048539534858,-0.998134798421867));
#5839=DIRECTION('',(0.,0.061048539534858,-0.998134798421867));
#5840=DIRECTION('center_axis',(0.,0.061048539534858,-0.998134798421867));
#5841=DIRECTION('ref_axis',(0.296023867175215,-0.953398938919796,-0.0583123771530274));
#5842=DIRECTION('center_axis',(0.,-0.0610485395348569,0.998134798421867));
#5843=DIRECTION('ref_axis',(0.296023867175215,-0.953398938919796,-0.0583123771530263));
#5844=DIRECTION('center_axis',(0.,0.0610485395348569,-0.998134798421867));
#5845=DIRECTION('ref_axis',(0.296023867175215,-0.953398938919796,-0.0583123771530263));
#5846=DIRECTION('center_axis',(0.,-0.0610485395348569,0.998134798421867));
#5847=DIRECTION('ref_axis',(1.,0.,0.));
#5848=DIRECTION('center_axis',(0.,-0.0610485395348569,0.998134798421867));
#5849=DIRECTION('ref_axis',(1.,0.,0.));
#5850=DIRECTION('',(0.,0.061048539534858,-0.998134798421867));
#5851=DIRECTION('',(0.,0.061048539534858,-0.998134798421867));
#5852=DIRECTION('center_axis',(0.,0.061048539534858,-0.998134798421867));
#5853=DIRECTION('ref_axis',(-0.619720347705372,-0.783358860309502,-0.0479122804146273));
#5854=DIRECTION('center_axis',(0.,-0.0610485395348569,0.998134798421867));
#5855=DIRECTION('ref_axis',(-0.619720347705372,-0.783358860309502,-0.0479122804146264));
#5856=DIRECTION('center_axis',(0.,0.0610485395348569,-0.998134798421867));
#5857=DIRECTION('ref_axis',(-0.619720347705372,-0.783358860309502,-0.0479122804146264));
#5858=DIRECTION('',(0.,0.061048539534858,-0.998134798421867));
#5859=DIRECTION('',(0.,0.061048539534858,-0.998134798421867));
#5860=DIRECTION('center_axis',(0.,0.061048539534858,-0.998134798421867));
#5861=DIRECTION('ref_axis',(-0.325413365437457,-0.943808177436847,-0.0577257810514919));
#5862=DIRECTION('center_axis',(0.,-0.0610485395348569,0.998134798421867));
#5863=DIRECTION('ref_axis',(-0.325413365437457,-0.943808177436847,-0.0577257810514908));
#5864=DIRECTION('center_axis',(0.,0.0610485395348569,-0.998134798421867));
#5865=DIRECTION('ref_axis',(-0.325413365437457,-0.943808177436847,-0.0577257810514908));
#5866=DIRECTION('center_axis',(0.,-0.0610485395348569,0.998134798421867));
#5867=DIRECTION('ref_axis',(1.,0.,0.));
#5868=DIRECTION('center_axis',(0.,-0.0610485395348569,0.998134798421867));
#5869=DIRECTION('ref_axis',(1.,0.,0.));
#5870=DIRECTION('',(0.,0.061048539534858,-0.998134798421867));
#5871=DIRECTION('',(0.,0.061048539534858,-0.998134798421867));
#5872=DIRECTION('center_axis',(0.,0.061048539534858,-0.998134798421867));
#5873=DIRECTION('ref_axis',(-0.130175200116666,-0.989641676566442,-0.0605290779489229));
#5874=DIRECTION('center_axis',(0.,-0.0610485395348569,0.998134798421867));
#5875=DIRECTION('ref_axis',(-0.130175200116667,-0.989641676566443,-0.0605290779489218));
#5876=DIRECTION('center_axis',(0.,0.0610485395348569,-0.998134798421867));
#5877=DIRECTION('ref_axis',(-0.130175200116667,-0.989641676566443,-0.0605290779489218));
#5878=DIRECTION('',(0.,0.061048539534858,-0.998134798421867));
#5879=DIRECTION('',(0.,0.061048539534858,-0.998134798421867));
#5880=DIRECTION('center_axis',(0.,0.061048539534858,-0.998134798421867));
#5881=DIRECTION('ref_axis',(0.247779872098161,0.967009319919203,0.0591448237161975));
#5882=DIRECTION('center_axis',(0.,-0.0610485395348569,0.998134798421867));
#5883=DIRECTION('ref_axis',(0.247779872098161,0.967009319919203,0.0591448237161964));
#5884=DIRECTION('center_axis',(0.,0.0610485395348569,-0.998134798421867));
#5885=DIRECTION('ref_axis',(0.247779872098161,0.967009319919203,0.0591448237161964));
#5886=DIRECTION('center_axis',(0.,-0.0610485395348569,0.998134798421867));
#5887=DIRECTION('ref_axis',(1.,0.,0.));
#5888=DIRECTION('center_axis',(0.,-0.0610485395348569,0.998134798421867));
#5889=DIRECTION('ref_axis',(1.,0.,0.));
#5890=DIRECTION('',(0.,0.,1.));
#5891=DIRECTION('',(1.,0.,0.));
#5892=CARTESIAN_POINT('',(0.,0.,0.));
#5893=CARTESIAN_POINT('',(0.,0.,0.));
#5894=CARTESIAN_POINT('Origin',(127.149999687036,-116.381608644225,1.12793134973034));
#5895=CARTESIAN_POINT('',(128.549999687036,-116.381608644225,1.12793134973034));
#5896=CARTESIAN_POINT('Origin',(127.149999687036,-116.381608644225,1.12793134973035));
#5897=CARTESIAN_POINT('',(128.549999687036,-116.595278532597,4.62140314420688));
#5898=CARTESIAN_POINT('',(128.549999687036,-116.381608644225,1.12793134973034));
#5899=CARTESIAN_POINT('Origin',(127.149999687036,-116.595278532597,4.62140314420688));
#5900=CARTESIAN_POINT('Origin',(127.149999687036,-116.595278532597,4.62140314420688));
#5901=CARTESIAN_POINT('Origin',(68.8500000000001,-18.0204152372625,7.14395965962871));
#5902=CARTESIAN_POINT('',(70.2500000000001,-18.0204152372625,7.14395965962871));
#5903=CARTESIAN_POINT('Origin',(68.8500000000001,-18.0204152372625,7.14395965962862));
#5904=CARTESIAN_POINT('',(70.2500000000001,-18.2340851256345,10.6374314541052));
#5905=CARTESIAN_POINT('',(70.2500000000001,-18.0204152372625,7.14395965962871));
#5906=CARTESIAN_POINT('Origin',(68.8500000000001,-18.2340851256345,10.6374314541052));
#5907=CARTESIAN_POINT('Origin',(68.8500000000001,-18.2340851256345,10.6374314541052));
#5908=CARTESIAN_POINT('Origin',(230.399999999998,-18.0204152372979,7.14395965962655));
#5909=CARTESIAN_POINT('',(231.799999999998,-18.0204152372979,7.14395965962655));
#5910=CARTESIAN_POINT('Origin',(230.399999999998,-18.0204152372978,7.14395965962646));
#5911=CARTESIAN_POINT('',(231.799999999998,-18.2340851256699,10.6374314541031));
#5912=CARTESIAN_POINT('',(231.799999999998,-18.0204152372979,7.14395965962655));
#5913=CARTESIAN_POINT('Origin',(230.399999999998,-18.2340851256699,10.6374314541031));
#5914=CARTESIAN_POINT('Origin',(230.399999999998,-18.2340851256699,10.6374314541031));
#5915=CARTESIAN_POINT('Origin',(14.8500000000001,-18.0204152372507,7.14395965962943));
#5916=CARTESIAN_POINT('',(16.2500000000001,-18.0204152372507,7.14395965962943));
#5917=CARTESIAN_POINT('Origin',(14.8500000000001,-18.0204152372507,7.14395965962934));
#5918=CARTESIAN_POINT('',(16.2500000000001,-18.2340851256227,10.637431454106));
#5919=CARTESIAN_POINT('',(16.2500000000001,-18.0204152372507,7.14395965962943));
#5920=CARTESIAN_POINT('Origin',(14.8500000000001,-18.2340851256227,10.637431454106));
#5921=CARTESIAN_POINT('Origin',(14.8500000000001,-18.2340851256227,10.637431454106));
#5922=CARTESIAN_POINT('Origin',(176.399999999998,-116.381608644225,1.12793134973034));
#5923=CARTESIAN_POINT('',(177.799999999998,-116.381608644225,1.12793134973034));
#5924=CARTESIAN_POINT('Origin',(176.399999999998,-116.381608644225,1.12793134973035));
#5925=CARTESIAN_POINT('',(177.799999999998,-116.595278532597,4.62140314420688));
#5926=CARTESIAN_POINT('',(177.799999999998,-116.381608644225,1.12793134973034));
#5927=CARTESIAN_POINT('Origin',(176.399999999998,-116.595278532597,4.62140314420687));
#5928=CARTESIAN_POINT('Origin',(176.399999999998,-116.595278532597,4.62140314420687));
#5929=CARTESIAN_POINT('Origin',(68.8500000000001,-116.381608644225,1.12793134973034));
#5930=CARTESIAN_POINT('',(70.2500000000002,-116.381608644225,1.12793134973034));
#5931=CARTESIAN_POINT('Origin',(68.8500000000001,-116.381608644225,1.12793134973035));
#5932=CARTESIAN_POINT('',(70.2500000000002,-116.595278532597,4.62140314420688));
#5933=CARTESIAN_POINT('',(70.2500000000002,-116.381608644225,1.12793134973034));
#5934=CARTESIAN_POINT('Origin',(68.8500000000001,-116.595278532597,4.62140314420688));
#5935=CARTESIAN_POINT('Origin',(68.8500000000001,-116.595278532597,4.62140314420688));
#5936=CARTESIAN_POINT('Origin',(139.399999999998,-18.020415237278,7.14395965962777));
#5937=CARTESIAN_POINT('',(140.799999999998,-18.020415237278,7.14395965962777));
#5938=CARTESIAN_POINT('Origin',(139.399999999998,-18.020415237278,7.14395965962767));
#5939=CARTESIAN_POINT('',(140.799999999998,-18.23408512565,10.6374314541043));
#5940=CARTESIAN_POINT('',(140.799999999998,-18.020415237278,7.14395965962777));
#5941=CARTESIAN_POINT('Origin',(139.399999999998,-18.23408512565,10.6374314541043));
#5942=CARTESIAN_POINT('Origin',(139.399999999998,-18.23408512565,10.6374314541043));
#5943=CARTESIAN_POINT('Origin',(176.399999999998,-18.0204152372861,7.14395965962727));
#5944=CARTESIAN_POINT('',(177.799999999998,-18.0204152372861,7.14395965962727));
#5945=CARTESIAN_POINT('Origin',(176.399999999998,-18.0204152372861,7.14395965962718));
#5946=CARTESIAN_POINT('',(177.799999999998,-18.2340851256581,10.6374314541038));
#5947=CARTESIAN_POINT('',(177.799999999998,-18.0204152372861,7.14395965962727));
#5948=CARTESIAN_POINT('Origin',(176.399999999998,-18.2340851256581,10.6374314541038));
#5949=CARTESIAN_POINT('Origin',(176.399999999998,-18.2340851256581,10.6374314541038));
#5950=CARTESIAN_POINT('Origin',(14.8500000000001,-116.381608644225,1.12793134973034));
#5951=CARTESIAN_POINT('',(16.2500000000001,-116.381608644225,1.12793134973034));
#5952=CARTESIAN_POINT('Origin',(14.8500000000001,-116.381608644225,1.12793134973035));
#5953=CARTESIAN_POINT('',(16.2500000000001,-116.595278532597,4.62140314420688));
#5954=CARTESIAN_POINT('',(16.2500000000001,-116.381608644225,1.12793134973034));
#5955=CARTESIAN_POINT('Origin',(14.8500000000001,-116.595278532597,4.62140314420688));
#5956=CARTESIAN_POINT('Origin',(14.8500000000001,-116.595278532597,4.62140314420688));
#5957=CARTESIAN_POINT('Origin',(230.399999999998,-116.381608644225,1.12793134973034));
#5958=CARTESIAN_POINT('',(231.799999999998,-116.381608644225,1.12793134973034));
#5959=CARTESIAN_POINT('Origin',(230.399999999998,-116.381608644225,1.12793134973034));
#5960=CARTESIAN_POINT('',(231.799999999998,-116.595278532597,4.62140314420687));
#5961=CARTESIAN_POINT('',(231.799999999998,-116.381608644225,1.12793134973034));
#5962=CARTESIAN_POINT('Origin',(230.399999999998,-116.595278532597,4.62140314420687));
#5963=CARTESIAN_POINT('Origin',(230.399999999998,-116.595278532597,4.62140314420687));
#5964=CARTESIAN_POINT('Origin',(197.903378429629,8.41980703916014,13.7704563666968));
#5965=CARTESIAN_POINT('',(163.429102334907,-19.640108348139,12.0542384204087));
#5966=CARTESIAN_POINT('',(188.220059720421,-34.9159519243306,11.1199278022799));
#5967=CARTESIAN_POINT('Origin',(197.903378429629,8.41980703916014,13.7704563666968));
#5968=CARTESIAN_POINT('',(163.429102334907,-19.615688932325,11.65498450104));
#5969=CARTESIAN_POINT('',(163.429102334907,-19.640108348139,12.0542384204087));
#5970=CARTESIAN_POINT('',(188.220059720421,-34.8915325085166,10.7206738829112));
#5971=CARTESIAN_POINT('Origin',(197.903378429629,8.44422645497408,13.3712024473281));
#5972=CARTESIAN_POINT('',(188.220059720421,-34.9159519243306,11.1199278022799));
#5973=CARTESIAN_POINT('Origin',(162.654111792056,-20.2709024219182,12.015657402081));
#5974=CARTESIAN_POINT('',(161.84194491129,-19.6885654328323,12.051274658144));
#5975=CARTESIAN_POINT('Origin',(162.654111792056,-20.2709024219182,12.0156574020809));
#5976=CARTESIAN_POINT('',(161.84194491129,-19.6641460170184,11.6520207387753));
#5977=CARTESIAN_POINT('',(161.84194491129,-19.6885654328323,12.051274658144));
#5978=CARTESIAN_POINT('Origin',(162.654111792056,-20.2464830061043,11.6164034827122));
#5979=CARTESIAN_POINT('Origin',(134.999414992671,-0.442030733565864,13.2284431491684));
#5980=CARTESIAN_POINT('',(135.987688488247,-33.4161438712274,11.2116599925305));
#5981=CARTESIAN_POINT('Origin',(134.999414992671,-0.442030733565863,13.2284431491684));
#5982=CARTESIAN_POINT('',(135.987688488247,-33.3917244554135,10.8124060731617));
#5983=CARTESIAN_POINT('',(135.987688488247,-33.4161438712274,11.2116599925305));
#5984=CARTESIAN_POINT('Origin',(134.999414992671,-0.417611317751921,12.8291892297996));
#5985=CARTESIAN_POINT('Origin',(136.008619827554,-34.1145258004256,11.168945123875));
#5986=CARTESIAN_POINT('',(136.02955116686,-34.8129077296238,11.1262302552195));
#5987=CARTESIAN_POINT('Origin',(136.008619827554,-34.1145258004256,11.1689451238749));
#5988=CARTESIAN_POINT('',(136.02955116686,-34.7884883138098,10.7269763358507));
#5989=CARTESIAN_POINT('',(136.02955116686,-34.8129077296238,11.1262302552195));
#5990=CARTESIAN_POINT('Origin',(136.008619827554,-34.0901063846117,10.7696912045062));
#5991=CARTESIAN_POINT('Origin',(134.999414992671,-0.442030733565864,13.2284431491684));
#5992=CARTESIAN_POINT('',(162.299289201563,-21.4160359061421,11.9456180377638));
#5993=CARTESIAN_POINT('Origin',(134.999414992671,-0.442030733565863,13.2284431491684));
#5994=CARTESIAN_POINT('',(162.299289201563,-21.3916164903282,11.546364118395));
#5995=CARTESIAN_POINT('',(162.299289201563,-21.4160359061421,11.9456180377638));
#5996=CARTESIAN_POINT('Origin',(134.999414992671,-0.417611317751921,12.8291892297996));
#5997=CARTESIAN_POINT('Origin',(162.695507920996,-21.7204436630163,11.9269996617592));
#5998=CARTESIAN_POINT('',(163.075038205513,-21.3955408001295,11.9468715721478));
#5999=CARTESIAN_POINT('Origin',(162.695507920996,-21.7204436630163,11.9269996617592));
#6000=CARTESIAN_POINT('',(163.075038205513,-21.3711213843155,11.547617652779));
#6001=CARTESIAN_POINT('',(163.075038205513,-21.3955408001295,11.9468715721478));
#6002=CARTESIAN_POINT('Origin',(162.695507920996,-21.6960242472024,11.5277457423905));
#6003=CARTESIAN_POINT('Origin',(197.903378429629,8.41980703916014,13.7704563666968));
#6004=CARTESIAN_POINT('',(187.915302861961,-36.2798304491298,11.0365094181362));
#6005=CARTESIAN_POINT('Origin',(197.903378429629,8.41980703916014,13.7704563666968));
#6006=CARTESIAN_POINT('',(187.915302861961,-36.2554110333158,10.6372554987675));
#6007=CARTESIAN_POINT('',(187.915302861961,-36.2798304491298,11.0365094181362));
#6008=CARTESIAN_POINT('Origin',(197.903378429629,8.44422645497408,13.3712024473281));
#6009=CARTESIAN_POINT('Origin',(188.06768129839,-35.5978911883327,11.07821861011));
#6010=CARTESIAN_POINT('Origin',(188.06768129839,-35.5978911883327,11.07821861011));
#6011=CARTESIAN_POINT('Origin',(188.06768129839,-35.5734717725188,10.6789646907413));
#6012=CARTESIAN_POINT('Origin',(162.038150562972,-27.7602571695483,11.156841367657));
#6013=CARTESIAN_POINT('Ctrl Pts',(216.837775719207,-34.2746501302689,11.1591515003119));
#6014=CARTESIAN_POINT('Ctrl Pts',(216.837775719207,-34.250230714455,10.7598975809432));
#6015=CARTESIAN_POINT('Ctrl Pts',(214.582365923497,-33.9790749698101,11.177229651577));
#6016=CARTESIAN_POINT('Ctrl Pts',(214.582365923497,-33.9546555539962,10.7779757322082));
#6017=CARTESIAN_POINT('Ctrl Pts',(212.776048871915,-33.6554940594013,11.1970207078883));
#6018=CARTESIAN_POINT('Ctrl Pts',(212.776048871915,-33.6310746435873,10.7977667885195));
#6019=CARTESIAN_POINT('Ctrl Pts',(211.422902542761,-33.2978525173934,11.2188950016721));
#6020=CARTESIAN_POINT('Ctrl Pts',(211.422902542761,-33.2734331015794,10.8196410823034));
#6021=CARTESIAN_POINT('Ctrl Pts',(210.002815263918,-32.9225182366517,11.2418514297146));
#6022=CARTESIAN_POINT('Ctrl Pts',(210.002815263918,-32.8980988208378,10.8425975103458));
#6023=CARTESIAN_POINT('Ctrl Pts',(209.083671630447,-32.542159831692,11.2651151463582));
#6024=CARTESIAN_POINT('Ctrl Pts',(209.083671630447,-32.5177404158781,10.8658612269894));
#6025=CARTESIAN_POINT('Ctrl Pts',(208.611304090148,-31.9863210398807,11.2991117032466));
#6026=CARTESIAN_POINT('Ctrl Pts',(208.611304090148,-31.9619016240668,10.8998577838779));
#6027=CARTESIAN_POINT('Ctrl Pts',(208.356303642489,-31.6862599039103,11.3174642285279));
#6028=CARTESIAN_POINT('Ctrl Pts',(208.356303642489,-31.6618404880964,10.9182103091592));
#6029=CARTESIAN_POINT('Ctrl Pts',(208.264482642434,-31.2844769190228,11.3420383286155));
#6030=CARTESIAN_POINT('Ctrl Pts',(208.264482642434,-31.2600575032088,10.9427844092468));
#6031=CARTESIAN_POINT('Ctrl Pts',(208.374209191763,-30.9354989176631,11.3633827375535));
#6032=CARTESIAN_POINT('Ctrl Pts',(208.374209191763,-30.9110795018492,10.9641288181848));
#6033=CARTESIAN_POINT('Ctrl Pts',(208.529590200674,-30.4413199402848,11.3936080186333));
#6034=CARTESIAN_POINT('Ctrl Pts',(208.529590200674,-30.4169005244709,10.9943540992645));
#6035=CARTESIAN_POINT('Ctrl Pts',(208.96209177638,-30.0596813873122,11.4169500324835));
#6036=CARTESIAN_POINT('Ctrl Pts',(208.96209177638,-30.0352619714982,11.0176961131148));
#6037=CARTESIAN_POINT('Ctrl Pts',(209.489876813602,-29.6783438468707,11.4402736356187));
#6038=CARTESIAN_POINT('Ctrl Pts',(209.489876813602,-29.6539244310568,11.0410197162499));
#6039=CARTESIAN_POINT('Ctrl Pts',(210.372818537188,-29.0403969528141,11.479292139176));
#6040=CARTESIAN_POINT('Ctrl Pts',(210.372818537188,-29.0159775370002,11.0800382198073));
#6041=CARTESIAN_POINT('Ctrl Pts',(211.576544972925,-28.4236617131905,11.5170132823706));
#6042=CARTESIAN_POINT('Ctrl Pts',(211.576544972925,-28.3992422973766,11.1177593630018));
#6043=CARTESIAN_POINT('Ctrl Pts',(212.273397537046,-27.9095550418139,11.5484573934288));
#6044=CARTESIAN_POINT('Ctrl Pts',(212.273397537046,-27.885135626,11.14920347406));
#6045=CARTESIAN_POINT('Ctrl Pts',(212.639427411897,-27.6395145622741,11.5649737767042));
#6046=CARTESIAN_POINT('Ctrl Pts',(212.639427411897,-27.6150951464601,11.1657198573354));
#6047=CARTESIAN_POINT('Ctrl Pts',(212.83638081668,-27.3875428661273,11.5803850258442));
#6048=CARTESIAN_POINT('Ctrl Pts',(212.83638081668,-27.3631234503133,11.1811311064755));
#6049=CARTESIAN_POINT('Ctrl Pts',(212.860466163772,-27.3000904816044,11.5857338428201));
#6050=CARTESIAN_POINT('Ctrl Pts',(212.860466163772,-27.2756710657904,11.1864799234513));
#6051=CARTESIAN_POINT('Ctrl Pts',(212.876748679307,-27.24096968903,11.5893498253993));
#6052=CARTESIAN_POINT('Ctrl Pts',(212.876748679307,-27.2165502732161,11.1900959060305));
#6053=CARTESIAN_POINT('Ctrl Pts',(212.885973093687,-27.249948289901,11.5888006706447));
#6054=CARTESIAN_POINT('Ctrl Pts',(212.885973093687,-27.2255288740871,11.189546751276));
#6055=CARTESIAN_POINT('Ctrl Pts',(212.812718882409,-27.1725961877743,11.593531727885));
#6056=CARTESIAN_POINT('Ctrl Pts',(212.812718882409,-27.1481767719604,11.1942778085162));
#6057=CARTESIAN_POINT('Ctrl Pts',(212.700145216267,-27.0537250734954,11.6008021966945));
#6058=CARTESIAN_POINT('Ctrl Pts',(212.700145216267,-27.0293056576814,11.2015482773257));
#6059=CARTESIAN_POINT('Ctrl Pts',(212.320640579703,-26.8544541560533,11.612990128125));
#6060=CARTESIAN_POINT('Ctrl Pts',(212.320640579703,-26.8300347402393,11.2137362087563));
#6061=CARTESIAN_POINT('Ctrl Pts',(211.703145040045,-26.6968209954986,11.6226313852471));
#6062=CARTESIAN_POINT('Ctrl Pts',(211.703145040045,-26.6724015796847,11.2233774658784));
#6063=CARTESIAN_POINT('',(216.837777142472,-34.2746503167987,11.1591514889033));
#6064=CARTESIAN_POINT('',(211.703145040045,-26.6968209954986,11.6226313852471));
#6065=CARTESIAN_POINT('Ctrl Pts',(216.837775719207,-34.2746501302689,11.1591515003119));
#6066=CARTESIAN_POINT('Ctrl Pts',(214.582365923497,-33.9790749698101,11.177229651577));
#6067=CARTESIAN_POINT('Ctrl Pts',(212.776048871915,-33.6554940594013,11.1970207078883));
#6068=CARTESIAN_POINT('Ctrl Pts',(211.422902542761,-33.2978525173934,11.2188950016721));
#6069=CARTESIAN_POINT('Ctrl Pts',(210.002815263918,-32.9225182366517,11.2418514297146));
#6070=CARTESIAN_POINT('Ctrl Pts',(209.083671630447,-32.542159831692,11.2651151463582));
#6071=CARTESIAN_POINT('Ctrl Pts',(208.611304090148,-31.9863210398807,11.2991117032466));
#6072=CARTESIAN_POINT('Ctrl Pts',(208.356303642489,-31.6862599039103,11.3174642285279));
#6073=CARTESIAN_POINT('Ctrl Pts',(208.264482642434,-31.2844769190228,11.3420383286155));
#6074=CARTESIAN_POINT('Ctrl Pts',(208.374209191763,-30.9354989176631,11.3633827375535));
#6075=CARTESIAN_POINT('Ctrl Pts',(208.529590200674,-30.4413199402848,11.3936080186333));
#6076=CARTESIAN_POINT('Ctrl Pts',(208.96209177638,-30.0596813873122,11.4169500324835));
#6077=CARTESIAN_POINT('Ctrl Pts',(209.489876813602,-29.6783438468707,11.4402736356187));
#6078=CARTESIAN_POINT('Ctrl Pts',(210.372818537188,-29.0403969528141,11.479292139176));
#6079=CARTESIAN_POINT('Ctrl Pts',(211.576544972925,-28.4236617131905,11.5170132823706));
#6080=CARTESIAN_POINT('Ctrl Pts',(212.273397537046,-27.9095550418139,11.5484573934288));
#6081=CARTESIAN_POINT('Ctrl Pts',(212.639427411897,-27.6395145622741,11.5649737767042));
#6082=CARTESIAN_POINT('Ctrl Pts',(212.83638081668,-27.3875428661273,11.5803850258442));
#6083=CARTESIAN_POINT('Ctrl Pts',(212.860466163772,-27.3000904816044,11.5857338428201));
#6084=CARTESIAN_POINT('Ctrl Pts',(212.86860742154,-27.2705300853172,11.5875418341097));
#6085=CARTESIAN_POINT('Ctrl Pts',(212.874984154018,-27.2579945373914,11.5883085410659));
#6086=CARTESIAN_POINT('Ctrl Pts',(212.870168795645,-27.2431800757715,11.5892146323546));
#6087=CARTESIAN_POINT('Ctrl Pts',(212.865353437273,-27.2283656141516,11.5901207236434));
#6088=CARTESIAN_POINT('Ctrl Pts',(212.849345988048,-27.2112722388377,11.5911661992649));
#6089=CARTESIAN_POINT('Ctrl Pts',(212.812718882409,-27.1725961877743,11.593531727885));
#6090=CARTESIAN_POINT('Ctrl Pts',(212.700145216267,-27.0537250734954,11.6008021966945));
#6091=CARTESIAN_POINT('Ctrl Pts',(212.320640579703,-26.8544541560533,11.612990128125));
#6092=CARTESIAN_POINT('Ctrl Pts',(211.703145040045,-26.6968209954986,11.6226313852471));
#6093=CARTESIAN_POINT('',(216.837777142472,-34.2502309009848,10.7598975695345));
#6094=CARTESIAN_POINT('',(216.837777142472,-34.2746503167987,11.1591514889033));
#6095=CARTESIAN_POINT('',(211.703145040045,-26.6724015796847,11.2233774658784));
#6096=CARTESIAN_POINT('Ctrl Pts',(216.837775719207,-34.250230714455,10.7598975809432));
#6097=CARTESIAN_POINT('Ctrl Pts',(214.582365923497,-33.9546555539962,10.7779757322082));
#6098=CARTESIAN_POINT('Ctrl Pts',(212.776048871915,-33.6310746435873,10.7977667885195));
#6099=CARTESIAN_POINT('Ctrl Pts',(211.422902542761,-33.2734331015794,10.8196410823034));
#6100=CARTESIAN_POINT('Ctrl Pts',(210.002815263918,-32.8980988208378,10.8425975103458));
#6101=CARTESIAN_POINT('Ctrl Pts',(209.083671630447,-32.5177404158781,10.8658612269894));
#6102=CARTESIAN_POINT('Ctrl Pts',(208.611304090148,-31.9619016240668,10.8998577838779));
#6103=CARTESIAN_POINT('Ctrl Pts',(208.356303642489,-31.6618404880964,10.9182103091592));
#6104=CARTESIAN_POINT('Ctrl Pts',(208.264482642434,-31.2600575032088,10.9427844092468));
#6105=CARTESIAN_POINT('Ctrl Pts',(208.374209191763,-30.9110795018492,10.9641288181848));
#6106=CARTESIAN_POINT('Ctrl Pts',(208.529590200674,-30.4169005244709,10.9943540992645));
#6107=CARTESIAN_POINT('Ctrl Pts',(208.96209177638,-30.0352619714982,11.0176961131148));
#6108=CARTESIAN_POINT('Ctrl Pts',(209.489876813602,-29.6539244310568,11.0410197162499));
#6109=CARTESIAN_POINT('Ctrl Pts',(210.372818537188,-29.0159775370002,11.0800382198073));
#6110=CARTESIAN_POINT('Ctrl Pts',(211.576544972925,-28.3992422973766,11.1177593630018));
#6111=CARTESIAN_POINT('Ctrl Pts',(212.273397537046,-27.885135626,11.14920347406));
#6112=CARTESIAN_POINT('Ctrl Pts',(212.639427411897,-27.6150951464601,11.1657198573354));
#6113=CARTESIAN_POINT('Ctrl Pts',(212.83638081668,-27.3631234503133,11.1811311064755));
#6114=CARTESIAN_POINT('Ctrl Pts',(212.860466163772,-27.2756710657904,11.1864799234513));
#6115=CARTESIAN_POINT('Ctrl Pts',(212.86860742154,-27.2461106695033,11.1882879147409));
#6116=CARTESIAN_POINT('Ctrl Pts',(212.874984154018,-27.2335751215774,11.1890546216971));
#6117=CARTESIAN_POINT('Ctrl Pts',(212.870168795645,-27.2187606599575,11.1899607129859));
#6118=CARTESIAN_POINT('Ctrl Pts',(212.865353437273,-27.2039461983377,11.1908668042747));
#6119=CARTESIAN_POINT('Ctrl Pts',(212.849345988048,-27.1868528230237,11.1919122798961));
#6120=CARTESIAN_POINT('Ctrl Pts',(212.812718882409,-27.1481767719604,11.1942778085162));
#6121=CARTESIAN_POINT('Ctrl Pts',(212.700145216267,-27.0293056576814,11.2015482773257));
#6122=CARTESIAN_POINT('Ctrl Pts',(212.320640579703,-26.8300347402393,11.2137362087563));
#6123=CARTESIAN_POINT('Ctrl Pts',(211.703145040045,-26.6724015796847,11.2233774658784));
#6124=CARTESIAN_POINT('',(211.703145040045,-26.6968209954986,11.6226313852471));
#6125=CARTESIAN_POINT('Origin',(216.883338462514,-33.9282757299891,11.1803366661861));
#6126=CARTESIAN_POINT('',(216.92890120582,-33.5819013296976,11.201521832061));
#6127=CARTESIAN_POINT('Origin',(216.883338462514,-33.9282757299891,11.180336666186));
#6128=CARTESIAN_POINT('',(216.92890120582,-33.5574819138837,10.8022679126922));
#6129=CARTESIAN_POINT('',(216.92890120582,-33.5819013296976,11.201521832061));
#6130=CARTESIAN_POINT('Origin',(216.883338462514,-33.9038563141752,10.7810827468173));
#6131=CARTESIAN_POINT('Ctrl Pts',(211.876590950514,-26.0199144715552,11.6640327618485));
#6132=CARTESIAN_POINT('Ctrl Pts',(211.876590950514,-25.9954950557412,11.2647788424797));
#6133=CARTESIAN_POINT('Ctrl Pts',(212.526252731123,-26.185758972757,11.6538892776174));
#6134=CARTESIAN_POINT('Ctrl Pts',(212.526252731123,-26.1613395569431,11.2546353582487));
#6135=CARTESIAN_POINT('Ctrl Pts',(212.987562867485,-26.3646985773481,11.6429448625519));
#6136=CARTESIAN_POINT('Ctrl Pts',(212.987562867485,-26.3402791615342,11.2436909431832));
#6137=CARTESIAN_POINT('Ctrl Pts',(213.290839215446,-26.6615583019226,11.6247881439798));
#6138=CARTESIAN_POINT('Ctrl Pts',(213.290839215446,-26.6371388861086,11.2255342246111));
#6139=CARTESIAN_POINT('Ctrl Pts',(213.491915675016,-26.85838045046,11.6127499856716));
#6140=CARTESIAN_POINT('Ctrl Pts',(213.491915675016,-26.833961034646,11.2134960663029));
#6141=CARTESIAN_POINT('Ctrl Pts',(213.605063259768,-27.1591308569424,11.5943553027998));
#6142=CARTESIAN_POINT('Ctrl Pts',(213.605063259768,-27.1347114411284,11.1951013834311));
#6143=CARTESIAN_POINT('Ctrl Pts',(213.548474213145,-27.4313056824292,11.5777083773341));
#6144=CARTESIAN_POINT('Ctrl Pts',(213.548474213145,-27.4068862666153,11.1784544579653));
#6145=CARTESIAN_POINT('Ctrl Pts',(213.457259946303,-27.8700165044168,11.5508756739729));
#6146=CARTESIAN_POINT('Ctrl Pts',(213.457259946303,-27.8455970886029,11.1516217546042));
#6147=CARTESIAN_POINT('Ctrl Pts',(213.10125664476,-28.172093079501,11.5323998791547));
#6148=CARTESIAN_POINT('Ctrl Pts',(213.10125664476,-28.147673663687,11.1331459597859));
#6149=CARTESIAN_POINT('Ctrl Pts',(212.653569550371,-28.4977262402862,11.5124833018332));
#6150=CARTESIAN_POINT('Ctrl Pts',(212.653569550371,-28.4733068244722,11.1132293824644));
#6151=CARTESIAN_POINT('Ctrl Pts',(211.952517248311,-29.0076490856326,11.4812950845372));
#6152=CARTESIAN_POINT('Ctrl Pts',(211.952517248311,-28.9832296698186,11.0820411651685));
#6153=CARTESIAN_POINT('Ctrl Pts',(210.938223361917,-29.5414250567465,11.4486479475705));
#6154=CARTESIAN_POINT('Ctrl Pts',(210.938223361917,-29.5170056409325,11.0493940282018));
#6155=CARTESIAN_POINT('Ctrl Pts',(210.15917438501,-30.0644276041267,11.4166597414274));
#6156=CARTESIAN_POINT('Ctrl Pts',(210.15917438501,-30.0400081883128,11.0174058220586));
#6157=CARTESIAN_POINT('Ctrl Pts',(209.618493912047,-30.4274051229485,11.3944590853205));
#6158=CARTESIAN_POINT('Ctrl Pts',(209.618493912047,-30.4029857071345,10.9952051659518));
#6159=CARTESIAN_POINT('Ctrl Pts',(209.212495252258,-30.7953231374415,11.3719562555535));
#6160=CARTESIAN_POINT('Ctrl Pts',(209.212495252258,-30.7709037216276,10.9727023361848));
#6161=CARTESIAN_POINT('Ctrl Pts',(209.083268541474,-31.0463596361992,11.3566022055361));
#6162=CARTESIAN_POINT('Ctrl Pts',(209.083268541474,-31.0219402203853,10.9573482861674));
#6163=CARTESIAN_POINT('Ctrl Pts',(208.990915805568,-31.2257645543609,11.3456293306735));
#6164=CARTESIAN_POINT('Ctrl Pts',(208.990915805568,-31.2013451385469,10.9463754113047));
#6165=CARTESIAN_POINT('Ctrl Pts',(208.990860035339,-31.3041818867776,11.3408331211576));
#6166=CARTESIAN_POINT('Ctrl Pts',(208.990860035339,-31.2797624709637,10.9415792017889));
#6167=CARTESIAN_POINT('Ctrl Pts',(209.086785322596,-31.4558052737449,11.3315594375346));
#6168=CARTESIAN_POINT('Ctrl Pts',(209.086785322596,-31.431385857931,10.9323055181659));
#6169=CARTESIAN_POINT('Ctrl Pts',(209.232960136736,-31.6868550943209,11.3174278251229));
#6170=CARTESIAN_POINT('Ctrl Pts',(209.232960136736,-31.6624356785069,10.9181739057542));
#6171=CARTESIAN_POINT('Ctrl Pts',(209.766541640152,-32.0435623431487,11.2956106751579));
#6172=CARTESIAN_POINT('Ctrl Pts',(209.766541640152,-32.0191429273347,10.8963567557892));
#6173=CARTESIAN_POINT('Ctrl Pts',(210.717221363239,-32.3608801353542,11.2762026875663));
#6174=CARTESIAN_POINT('Ctrl Pts',(210.717221363239,-32.3364607195402,10.8769487681975));
#6175=CARTESIAN_POINT('Ctrl Pts',(212.043189832475,-32.8034617713919,11.2491332350757));
#6176=CARTESIAN_POINT('Ctrl Pts',(212.043189832475,-32.7790423555779,10.849879315707));
#6177=CARTESIAN_POINT('Ctrl Pts',(214.13361799861,-33.2155748713996,11.2239273180809));
#6178=CARTESIAN_POINT('Ctrl Pts',(214.13361799861,-33.1911554555857,10.8246733987122));
#6179=CARTESIAN_POINT('Ctrl Pts',(216.928901205822,-33.5819013297093,11.2015218320602));
#6180=CARTESIAN_POINT('Ctrl Pts',(216.928901205822,-33.5574819138954,10.8022679126915));
#6181=CARTESIAN_POINT('',(211.876590950514,-26.0199144715552,11.6640327618485));
#6182=CARTESIAN_POINT('Ctrl Pts',(211.876590950514,-26.0199144715552,11.6640327618485));
#6183=CARTESIAN_POINT('Ctrl Pts',(212.526252731123,-26.185758972757,11.6538892776174));
#6184=CARTESIAN_POINT('Ctrl Pts',(212.987562867485,-26.3646985773481,11.6429448625519));
#6185=CARTESIAN_POINT('Ctrl Pts',(213.290839215446,-26.6615583019226,11.6247881439798));
#6186=CARTESIAN_POINT('Ctrl Pts',(213.491915675016,-26.85838045046,11.6127499856716));
#6187=CARTESIAN_POINT('Ctrl Pts',(213.605063259768,-27.1591308569424,11.5943553027998));
#6188=CARTESIAN_POINT('Ctrl Pts',(213.548474213145,-27.4313056824292,11.5777083773341));
#6189=CARTESIAN_POINT('Ctrl Pts',(213.457259946303,-27.8700165044168,11.5508756739729));
#6190=CARTESIAN_POINT('Ctrl Pts',(213.10125664476,-28.172093079501,11.5323998791547));
#6191=CARTESIAN_POINT('Ctrl Pts',(212.653569550371,-28.4977262402862,11.5124833018332));
#6192=CARTESIAN_POINT('Ctrl Pts',(211.952517248311,-29.0076490856326,11.4812950845372));
#6193=CARTESIAN_POINT('Ctrl Pts',(210.938223361917,-29.5414250567465,11.4486479475705));
#6194=CARTESIAN_POINT('Ctrl Pts',(210.15917438501,-30.0644276041267,11.4166597414274));
#6195=CARTESIAN_POINT('Ctrl Pts',(209.618493912047,-30.4274051229485,11.3944590853205));
#6196=CARTESIAN_POINT('Ctrl Pts',(209.212495252258,-30.7953231374415,11.3719562555535));
#6197=CARTESIAN_POINT('Ctrl Pts',(209.083268541474,-31.0463596361992,11.3566022055361));
#6198=CARTESIAN_POINT('Ctrl Pts',(208.990915805568,-31.2257645543609,11.3456293306735));
#6199=CARTESIAN_POINT('Ctrl Pts',(208.990860035339,-31.3041818867776,11.3408331211576));
#6200=CARTESIAN_POINT('Ctrl Pts',(209.086785322596,-31.4558052737449,11.3315594375346));
#6201=CARTESIAN_POINT('Ctrl Pts',(209.232960136736,-31.6868550943209,11.3174278251229));
#6202=CARTESIAN_POINT('Ctrl Pts',(209.766541640152,-32.0435623431487,11.2956106751579));
#6203=CARTESIAN_POINT('Ctrl Pts',(210.717221363239,-32.3608801353542,11.2762026875663));
#6204=CARTESIAN_POINT('Ctrl Pts',(212.043189832475,-32.8034617713919,11.2491332350757));
#6205=CARTESIAN_POINT('Ctrl Pts',(214.13361799861,-33.2155748713996,11.2239273180809));
#6206=CARTESIAN_POINT('Ctrl Pts',(216.928901205822,-33.5819013297093,11.2015218320602));
#6207=CARTESIAN_POINT('',(211.876590950514,-25.9954950557412,11.2647788424797));
#6208=CARTESIAN_POINT('',(211.876590950514,-26.0199144715552,11.6640327618485));
#6209=CARTESIAN_POINT('Ctrl Pts',(211.876590950514,-25.9954950557412,11.2647788424797));
#6210=CARTESIAN_POINT('Ctrl Pts',(212.526252731123,-26.1613395569431,11.2546353582487));
#6211=CARTESIAN_POINT('Ctrl Pts',(212.987562867485,-26.3402791615342,11.2436909431832));
#6212=CARTESIAN_POINT('Ctrl Pts',(213.290839215446,-26.6371388861086,11.2255342246111));
#6213=CARTESIAN_POINT('Ctrl Pts',(213.491915675016,-26.833961034646,11.2134960663029));
#6214=CARTESIAN_POINT('Ctrl Pts',(213.605063259768,-27.1347114411284,11.1951013834311));
#6215=CARTESIAN_POINT('Ctrl Pts',(213.548474213145,-27.4068862666153,11.1784544579653));
#6216=CARTESIAN_POINT('Ctrl Pts',(213.457259946303,-27.8455970886029,11.1516217546042));
#6217=CARTESIAN_POINT('Ctrl Pts',(213.10125664476,-28.147673663687,11.1331459597859));
#6218=CARTESIAN_POINT('Ctrl Pts',(212.653569550371,-28.4733068244722,11.1132293824644));
#6219=CARTESIAN_POINT('Ctrl Pts',(211.952517248311,-28.9832296698186,11.0820411651685));
#6220=CARTESIAN_POINT('Ctrl Pts',(210.938223361917,-29.5170056409325,11.0493940282018));
#6221=CARTESIAN_POINT('Ctrl Pts',(210.15917438501,-30.0400081883128,11.0174058220586));
#6222=CARTESIAN_POINT('Ctrl Pts',(209.618493912047,-30.4029857071345,10.9952051659518));
#6223=CARTESIAN_POINT('Ctrl Pts',(209.212495252258,-30.7709037216276,10.9727023361848));
#6224=CARTESIAN_POINT('Ctrl Pts',(209.083268541474,-31.0219402203853,10.9573482861674));
#6225=CARTESIAN_POINT('Ctrl Pts',(208.990915805568,-31.2013451385469,10.9463754113047));
#6226=CARTESIAN_POINT('Ctrl Pts',(208.990860035339,-31.2797624709637,10.9415792017889));
#6227=CARTESIAN_POINT('Ctrl Pts',(209.086785322596,-31.431385857931,10.9323055181659));
#6228=CARTESIAN_POINT('Ctrl Pts',(209.232960136736,-31.6624356785069,10.9181739057542));
#6229=CARTESIAN_POINT('Ctrl Pts',(209.766541640152,-32.0191429273347,10.8963567557892));
#6230=CARTESIAN_POINT('Ctrl Pts',(210.717221363239,-32.3364607195402,10.8769487681975));
#6231=CARTESIAN_POINT('Ctrl Pts',(212.043189832475,-32.7790423555779,10.849879315707));
#6232=CARTESIAN_POINT('Ctrl Pts',(214.13361799861,-33.1911554555857,10.8246733987122));
#6233=CARTESIAN_POINT('Ctrl Pts',(216.928901205822,-33.5574819138954,10.8022679126915));
#6234=CARTESIAN_POINT('Origin',(211.78986799528,-26.3583677335269,11.6433320735478));
#6235=CARTESIAN_POINT('Origin',(211.78986799528,-26.3583677335269,11.6433320735478));
#6236=CARTESIAN_POINT('Origin',(211.78986799528,-26.333948317713,11.2440781541791));
#6237=CARTESIAN_POINT('Origin',(212.744418203679,-30.1218998960249,11.0123971106463));
#6238=CARTESIAN_POINT('Origin',(227.948500073616,-32.8399729566628,11.2469001153198));
#6239=CARTESIAN_POINT('',(228.296681332641,-32.3024880756473,11.2797740989339));
#6240=CARTESIAN_POINT('',(227.595733357292,-33.3744706734655,11.2142088344956));
#6241=CARTESIAN_POINT('Origin',(227.948500073616,-32.8399729566628,11.2469001153197));
#6242=CARTESIAN_POINT('',(228.296681332641,-32.2780686598334,10.8805201795652));
#6243=CARTESIAN_POINT('',(228.296681332641,-32.3024880756473,11.2797740989339));
#6244=CARTESIAN_POINT('',(227.595733357292,-33.3500512576516,10.8149549151269));
#6245=CARTESIAN_POINT('Origin',(227.948500073616,-32.8155535408488,10.847646195951));
#6246=CARTESIAN_POINT('',(227.595733357292,-33.3744706734655,11.2142088344956));
#6247=CARTESIAN_POINT('Origin',(233.670502070126,-7.01271113161938,12.826563119852));
#6248=CARTESIAN_POINT('',(213.437289976756,-23.1522900783332,11.8394241833454));
#6249=CARTESIAN_POINT('Origin',(233.670502070126,-7.01271113161938,12.826563119852));
#6250=CARTESIAN_POINT('',(213.437289976756,-23.1278706625192,11.4401702639766));
#6251=CARTESIAN_POINT('',(213.437289976756,-23.1522900783332,11.8394241833454));
#6252=CARTESIAN_POINT('Origin',(233.670502070126,-6.98829171580543,12.4273092004832));
#6253=CARTESIAN_POINT('Origin',(212.65610427966,-23.775424367251,11.8013116575296));
#6254=CARTESIAN_POINT('',(212.027594444482,-22.9990734867313,11.8487953115383));
#6255=CARTESIAN_POINT('Origin',(212.65610427966,-23.775424367251,11.8013116575295));
#6256=CARTESIAN_POINT('',(212.027594444482,-22.9746540709174,11.4495413921695));
#6257=CARTESIAN_POINT('',(212.027594444482,-22.9990734867313,11.8487953115383));
#6258=CARTESIAN_POINT('Origin',(212.65610427966,-23.7510049514371,11.4020577381608));
#6259=CARTESIAN_POINT('Origin',(183.678362969812,12.0185978138222,13.9905678398485));
#6260=CARTESIAN_POINT('',(192.191566444133,-32.1935775699678,11.2864353508232));
#6261=CARTESIAN_POINT('Origin',(183.678362969812,12.0185978138222,13.9905678398485));
#6262=CARTESIAN_POINT('',(192.191566444133,-32.1691581541539,10.8871814314545));
#6263=CARTESIAN_POINT('',(192.191566444133,-32.1935775699678,11.2864353508232));
#6264=CARTESIAN_POINT('Origin',(183.678362969812,12.0430172296361,13.5913139204798));
#6265=CARTESIAN_POINT('Origin',(192.223213273682,-32.7972713331113,11.2495118585008));
#6266=CARTESIAN_POINT('',(192.416976351368,-33.3700188715044,11.214481118368));
#6267=CARTESIAN_POINT('Origin',(192.223213273682,-32.7972713331113,11.2495118585008));
#6268=CARTESIAN_POINT('',(192.416976351368,-33.3455994556904,10.8152271989992));
#6269=CARTESIAN_POINT('',(192.416976351368,-33.3700188715044,11.214481118368));
#6270=CARTESIAN_POINT('Origin',(192.223213273682,-32.7728519172973,10.8502579391321));
#6271=CARTESIAN_POINT('Origin',(183.678362969812,12.0185978138222,13.9905678398485));
#6272=CARTESIAN_POINT('',(212.243861140846,-24.3580255375912,11.7656782434488));
#6273=CARTESIAN_POINT('Origin',(183.678362969812,12.0185978138222,13.9905678398485));
#6274=CARTESIAN_POINT('',(212.243861140846,-24.3336061217773,11.3664243240801));
#6275=CARTESIAN_POINT('',(212.243861140846,-24.3580255375912,11.7656782434488));
#6276=CARTESIAN_POINT('Origin',(183.678362969812,12.0430172296361,13.5913139204798));
#6277=CARTESIAN_POINT('Origin',(212.552307402279,-24.7508152382687,11.7416541961872));
#6278=CARTESIAN_POINT('',(212.934874475743,-24.4294802622633,11.7613078852657));
#6279=CARTESIAN_POINT('Origin',(212.552307402279,-24.7508152382687,11.7416541961872));
#6280=CARTESIAN_POINT('',(212.934874475743,-24.4050608464493,11.362053965897));
#6281=CARTESIAN_POINT('',(212.934874475743,-24.4294802622633,11.7613078852657));
#6282=CARTESIAN_POINT('Origin',(212.552307402279,-24.7263958224548,11.3424002768185));
#6283=CARTESIAN_POINT('Origin',(233.670502070126,-7.01271113161938,12.826563119852));
#6284=CARTESIAN_POINT('Origin',(233.670502070126,-7.01271113161938,12.826563119852));
#6285=CARTESIAN_POINT('Origin',(233.670502070126,-6.98829171580543,12.4273092004832));
#6286=CARTESIAN_POINT('Origin',(210.10365677977,-28.1042385531361,11.1358025649538));
#6287=CARTESIAN_POINT('Ctrl Pts',(184.763297797291,-26.0698320422041,11.660979672436));
#6288=CARTESIAN_POINT('Ctrl Pts',(184.763297797291,-26.0454126263902,11.2617257530673));
#6289=CARTESIAN_POINT('Ctrl Pts',(185.326417915275,-25.7895577431469,11.6781219829272));
#6290=CARTESIAN_POINT('Ctrl Pts',(185.326417915275,-25.765138327333,11.2788680635585));
#6291=CARTESIAN_POINT('Ctrl Pts',(185.808408026057,-25.5282295600462,11.6941054993248));
#6292=CARTESIAN_POINT('Ctrl Pts',(185.808408026057,-25.5038101442322,11.2948515799561));
#6293=CARTESIAN_POINT('Ctrl Pts',(186.206003248932,-25.2880254098031,11.7087970145247));
#6294=CARTESIAN_POINT('Ctrl Pts',(186.206003248932,-25.2636059939892,11.309543095156));
#6295=CARTESIAN_POINT('Ctrl Pts',(187.006960988133,-24.8041328425478,11.7383931518094));
#6296=CARTESIAN_POINT('Ctrl Pts',(187.006960988133,-24.7797134267339,11.3391392324406));
#6297=CARTESIAN_POINT('Ctrl Pts',(187.447354488003,-24.3774983678397,11.7644872341291));
#6298=CARTESIAN_POINT('Ctrl Pts',(187.447354488003,-24.3530789520257,11.3652333147603));
#6299=CARTESIAN_POINT('Ctrl Pts',(187.54006348862,-24.1783157592989,11.7766697643558));
#6300=CARTESIAN_POINT('Ctrl Pts',(187.54006348862,-24.153896343485,11.3774158449871));
#6301=CARTESIAN_POINT('Ctrl Pts',(187.593517645096,-24.063471048933,11.7836939677522));
#6302=CARTESIAN_POINT('Ctrl Pts',(187.593517645096,-24.0390516331191,11.3844400483835));
#6303=CARTESIAN_POINT('Ctrl Pts',(187.584402011283,-24.065243991533,11.7835855299374));
#6304=CARTESIAN_POINT('Ctrl Pts',(187.584402011283,-24.0408245757191,11.3843316105687));
#6305=CARTESIAN_POINT('Ctrl Pts',(187.542662276012,-24.0032619139111,11.7873765162072));
#6306=CARTESIAN_POINT('Ctrl Pts',(187.542662276012,-23.9788424980972,11.3881225968384));
#6307=CARTESIAN_POINT('Ctrl Pts',(187.488588206899,-23.9229637728857,11.7922877609055));
#6308=CARTESIAN_POINT('Ctrl Pts',(187.488588206899,-23.8985443570717,11.3930338415367));
#6309=CARTESIAN_POINT('Ctrl Pts',(187.270432194822,-23.7734464152095,11.801432634259));
#6310=CARTESIAN_POINT('Ctrl Pts',(187.270432194822,-23.7490269993955,11.4021787148902));
#6311=CARTESIAN_POINT('Ctrl Pts',(187.002589200062,-23.6481687038913,11.8090949473296));
#6312=CARTESIAN_POINT('Ctrl Pts',(187.002589200062,-23.6237492880774,11.4098410279609));
#6313=CARTESIAN_POINT('Ctrl Pts',(186.721912224561,-23.516888178365,11.8171244082455));
#6314=CARTESIAN_POINT('Ctrl Pts',(186.721912224561,-23.4924687625511,11.4178704888768));
#6315=CARTESIAN_POINT('Ctrl Pts',(186.42283392911,-23.4164673794488,11.8232664074249));
#6316=CARTESIAN_POINT('Ctrl Pts',(186.42283392911,-23.3920479636349,11.4240124880561));
#6317=CARTESIAN_POINT('Ctrl Pts',(186.187108564048,-23.2326619571164,11.8345084286526));
#6318=CARTESIAN_POINT('Ctrl Pts',(186.187108564048,-23.2082425413024,11.4352545092838));
#6319=CARTESIAN_POINT('Ctrl Pts',(186.077653198542,-23.1473148003597,11.8397284843822));
#6320=CARTESIAN_POINT('Ctrl Pts',(186.077653198542,-23.1228953845457,11.4404745650135));
#6321=CARTESIAN_POINT('Ctrl Pts',(185.94663403405,-23.0110763105863,11.8480611873821));
#6322=CARTESIAN_POINT('Ctrl Pts',(185.94663403405,-22.9866568947724,11.4488072680134));
#6323=CARTESIAN_POINT('Ctrl Pts',(185.940089820311,-22.8002610814221,11.8609551991654));
#6324=CARTESIAN_POINT('Ctrl Pts',(185.940089820311,-22.7758416656082,11.4617012797967));
#6325=CARTESIAN_POINT('Ctrl Pts',(185.934258844183,-22.6124220808047,11.8724439246096));
#6326=CARTESIAN_POINT('Ctrl Pts',(185.934258844183,-22.5880026649908,11.4731900052409));
#6327=CARTESIAN_POINT('Ctrl Pts',(186.041969646401,-22.4628659447205,11.8815911697521));
#6328=CARTESIAN_POINT('Ctrl Pts',(186.041969646401,-22.4384465289066,11.4823372503834));
#6329=CARTESIAN_POINT('Ctrl Pts',(186.145912535601,-22.3711328270147,11.8872018075856));
#6330=CARTESIAN_POINT('Ctrl Pts',(186.145912535601,-22.3467134112008,11.4879478882168));
#6331=CARTESIAN_POINT('Ctrl Pts',(186.36412292832,-22.1785547700269,11.8989803861344));
#6332=CARTESIAN_POINT('Ctrl Pts',(186.36412292832,-22.154135354213,11.4997264667657));
#6333=CARTESIAN_POINT('Ctrl Pts',(186.653717294868,-22.0722514467371,11.9054821759175));
#6334=CARTESIAN_POINT('Ctrl Pts',(186.653717294868,-22.0478320309232,11.5062282565488));
#6335=CARTESIAN_POINT('Ctrl Pts',(187.083879739951,-21.9391867191077,11.913620763309));
#6336=CARTESIAN_POINT('Ctrl Pts',(187.083879739951,-21.9147673032938,11.5143668439402));
#6337=CARTESIAN_POINT('',(184.763297797291,-26.0698320422041,11.660979672436));
#6338=CARTESIAN_POINT('',(187.083879739951,-21.9391867191077,11.913620763309));
#6339=CARTESIAN_POINT('Ctrl Pts',(184.763297797291,-26.0698320422041,11.660979672436));
#6340=CARTESIAN_POINT('Ctrl Pts',(185.326417915275,-25.7895577431469,11.6781219829272));
#6341=CARTESIAN_POINT('Ctrl Pts',(185.808408026057,-25.5282295600462,11.6941054993248));
#6342=CARTESIAN_POINT('Ctrl Pts',(186.206003248932,-25.2880254098031,11.7087970145247));
#6343=CARTESIAN_POINT('Ctrl Pts',(187.006960988133,-24.8041328425478,11.7383931518094));
#6344=CARTESIAN_POINT('Ctrl Pts',(187.447354488003,-24.3774983678397,11.7644872341291));
#6345=CARTESIAN_POINT('Ctrl Pts',(187.54006348862,-24.1783157592989,11.7766697643558));
#6346=CARTESIAN_POINT('Ctrl Pts',(187.566790566858,-24.120893404116,11.780181866054));
#6347=CARTESIAN_POINT('Ctrl Pts',(187.577875197524,-24.0926254621745,11.7819108074494));
#6348=CARTESIAN_POINT('Ctrl Pts',(187.577060591721,-24.070965349326,11.783235596704));
#6349=CARTESIAN_POINT('Ctrl Pts',(187.576245985919,-24.0493052364775,11.7845603859586));
#6350=CARTESIAN_POINT('Ctrl Pts',(187.563532143648,-24.0342529527221,11.7854810230723));
#6351=CARTESIAN_POINT('Ctrl Pts',(187.542662276012,-24.0032619139111,11.7873765162072));
#6352=CARTESIAN_POINT('Ctrl Pts',(187.488588206899,-23.9229637728857,11.7922877609055));
#6353=CARTESIAN_POINT('Ctrl Pts',(187.270432194822,-23.7734464152095,11.801432634259));
#6354=CARTESIAN_POINT('Ctrl Pts',(187.002589200062,-23.6481687038913,11.8090949473296));
#6355=CARTESIAN_POINT('Ctrl Pts',(186.721912224561,-23.516888178365,11.8171244082455));
#6356=CARTESIAN_POINT('Ctrl Pts',(186.42283392911,-23.4164673794488,11.8232664074249));
#6357=CARTESIAN_POINT('Ctrl Pts',(186.187108564048,-23.2326619571164,11.8345084286526));
#6358=CARTESIAN_POINT('Ctrl Pts',(186.077653198542,-23.1473148003597,11.8397284843822));
#6359=CARTESIAN_POINT('Ctrl Pts',(185.94663403405,-23.0110763105863,11.8480611873821));
#6360=CARTESIAN_POINT('Ctrl Pts',(185.940089820311,-22.8002610814221,11.8609551991654));
#6361=CARTESIAN_POINT('Ctrl Pts',(185.934258844183,-22.6124220808047,11.8724439246096));
#6362=CARTESIAN_POINT('Ctrl Pts',(186.041969646401,-22.4628659447205,11.8815911697521));
#6363=CARTESIAN_POINT('Ctrl Pts',(186.145912535601,-22.3711328270147,11.8872018075856));
#6364=CARTESIAN_POINT('Ctrl Pts',(186.36412292832,-22.1785547700269,11.8989803861344));
#6365=CARTESIAN_POINT('Ctrl Pts',(186.653717294868,-22.0722514467371,11.9054821759175));
#6366=CARTESIAN_POINT('Ctrl Pts',(187.083879739951,-21.9391867191077,11.913620763309));
#6367=CARTESIAN_POINT('',(184.763297797291,-26.0454126263902,11.2617257530673));
#6368=CARTESIAN_POINT('',(184.763297797291,-26.0698320422041,11.660979672436));
#6369=CARTESIAN_POINT('',(187.083879739951,-21.9147673032938,11.5143668439402));
#6370=CARTESIAN_POINT('Ctrl Pts',(184.763297797291,-26.0454126263902,11.2617257530673));
#6371=CARTESIAN_POINT('Ctrl Pts',(185.326417915275,-25.765138327333,11.2788680635585));
#6372=CARTESIAN_POINT('Ctrl Pts',(185.808408026057,-25.5038101442322,11.2948515799561));
#6373=CARTESIAN_POINT('Ctrl Pts',(186.206003248932,-25.2636059939892,11.309543095156));
#6374=CARTESIAN_POINT('Ctrl Pts',(187.006960988133,-24.7797134267339,11.3391392324406));
#6375=CARTESIAN_POINT('Ctrl Pts',(187.447354488003,-24.3530789520257,11.3652333147603));
#6376=CARTESIAN_POINT('Ctrl Pts',(187.54006348862,-24.153896343485,11.3774158449871));
#6377=CARTESIAN_POINT('Ctrl Pts',(187.566790566858,-24.096473988302,11.3809279466853));
#6378=CARTESIAN_POINT('Ctrl Pts',(187.577875197524,-24.0682060463606,11.3826568880807));
#6379=CARTESIAN_POINT('Ctrl Pts',(187.577060591721,-24.0465459335121,11.3839816773353));
#6380=CARTESIAN_POINT('Ctrl Pts',(187.576245985919,-24.0248858206636,11.3853064665898));
#6381=CARTESIAN_POINT('Ctrl Pts',(187.563532143648,-24.0098335369081,11.3862271037036));
#6382=CARTESIAN_POINT('Ctrl Pts',(187.542662276012,-23.9788424980972,11.3881225968384));
#6383=CARTESIAN_POINT('Ctrl Pts',(187.488588206899,-23.8985443570717,11.3930338415367));
#6384=CARTESIAN_POINT('Ctrl Pts',(187.270432194822,-23.7490269993955,11.4021787148902));
#6385=CARTESIAN_POINT('Ctrl Pts',(187.002589200062,-23.6237492880774,11.4098410279609));
#6386=CARTESIAN_POINT('Ctrl Pts',(186.721912224561,-23.4924687625511,11.4178704888768));
#6387=CARTESIAN_POINT('Ctrl Pts',(186.42283392911,-23.3920479636349,11.4240124880561));
#6388=CARTESIAN_POINT('Ctrl Pts',(186.187108564048,-23.2082425413024,11.4352545092838));
#6389=CARTESIAN_POINT('Ctrl Pts',(186.077653198542,-23.1228953845457,11.4404745650135));
#6390=CARTESIAN_POINT('Ctrl Pts',(185.94663403405,-22.9866568947724,11.4488072680134));
#6391=CARTESIAN_POINT('Ctrl Pts',(185.940089820311,-22.7758416656082,11.4617012797967));
#6392=CARTESIAN_POINT('Ctrl Pts',(185.934258844183,-22.5880026649908,11.4731900052409));
#6393=CARTESIAN_POINT('Ctrl Pts',(186.041969646401,-22.4384465289066,11.4823372503834));
#6394=CARTESIAN_POINT('Ctrl Pts',(186.145912535601,-22.3467134112008,11.4879478882168));
#6395=CARTESIAN_POINT('Ctrl Pts',(186.36412292832,-22.154135354213,11.4997264667657));
#6396=CARTESIAN_POINT('Ctrl Pts',(186.653717294868,-22.0478320309232,11.5062282565488));
#6397=CARTESIAN_POINT('Ctrl Pts',(187.083879739951,-21.9147673032938,11.5143668439402));
#6398=CARTESIAN_POINT('',(187.083879739951,-21.9391867191077,11.913620763309));
#6399=CARTESIAN_POINT('Origin',(184.919483385304,-26.3824666983801,11.6418581177145));
#6400=CARTESIAN_POINT('',(185.075668973316,-26.695101354556,11.6227365629929));
#6401=CARTESIAN_POINT('Origin',(184.919483385304,-26.3824666983801,11.6418581177144));
#6402=CARTESIAN_POINT('',(185.075668973316,-26.6706819387421,11.2234826436242));
#6403=CARTESIAN_POINT('',(185.075668973316,-26.695101354556,11.6227365629929));
#6404=CARTESIAN_POINT('Origin',(184.919483385304,-26.3580472825661,11.2426041983457));
#6405=CARTESIAN_POINT('Ctrl Pts',(186.798448119203,-22.7864765644763,11.8617982963393));
#6406=CARTESIAN_POINT('Ctrl Pts',(186.798448119203,-22.7620571486624,11.4625443769706));
#6407=CARTESIAN_POINT('Ctrl Pts',(186.865316746607,-22.8195175493789,11.8597774231303));
#6408=CARTESIAN_POINT('Ctrl Pts',(186.865316746607,-22.7950981335649,11.4605235037616));
#6409=CARTESIAN_POINT('Ctrl Pts',(186.942532490241,-22.8545075279246,11.8576373443635));
#6410=CARTESIAN_POINT('Ctrl Pts',(186.942532490241,-22.8300881121107,11.4583834249947));
#6411=CARTESIAN_POINT('Ctrl Pts',(187.027306985944,-22.8923745182399,11.8553213000186));
#6412=CARTESIAN_POINT('Ctrl Pts',(187.027306985944,-22.867955102426,11.4560673806498));
#6413=CARTESIAN_POINT('Ctrl Pts',(187.351675082783,-23.0372629481839,11.8464595440137));
#6414=CARTESIAN_POINT('Ctrl Pts',(187.351675082783,-23.0128435323699,11.447205624645));
#6415=CARTESIAN_POINT('Ctrl Pts',(187.767911181689,-23.1917058003788,11.8370134145099));
#6416=CARTESIAN_POINT('Ctrl Pts',(187.767911181689,-23.1672863845649,11.4377594951412));
#6417=CARTESIAN_POINT('Ctrl Pts',(188.048709186904,-23.5159016282761,11.8171847482339));
#6418=CARTESIAN_POINT('Ctrl Pts',(188.048709186904,-23.4914822124621,11.4179308288651));
#6419=CARTESIAN_POINT('Ctrl Pts',(188.221750764391,-23.7156870841276,11.8049653462861));
#6420=CARTESIAN_POINT('Ctrl Pts',(188.221750764391,-23.6912676683136,11.4057114269173));
#6421=CARTESIAN_POINT('Ctrl Pts',(188.314431231048,-24.0295129142379,11.7857709362456));
#6422=CARTESIAN_POINT('Ctrl Pts',(188.314431231048,-24.005093498424,11.3865170168769));
#6423=CARTESIAN_POINT('Ctrl Pts',(188.234808323956,-24.3124188400178,11.7684676685688));
#6424=CARTESIAN_POINT('Ctrl Pts',(188.234808323956,-24.2879994242038,11.3692137492001));
#6425=CARTESIAN_POINT('Ctrl Pts',(188.100256234515,-24.7904921083695,11.7392274548525));
#6426=CARTESIAN_POINT('Ctrl Pts',(188.100256234515,-24.7660726925556,11.3399735354838));
#6427=CARTESIAN_POINT('Ctrl Pts',(187.664176521636,-25.1712204620152,11.715941111178));
#6428=CARTESIAN_POINT('Ctrl Pts',(187.664176521636,-25.1468010462013,11.3166871918092));
#6429=CARTESIAN_POINT('Ctrl Pts',(186.973379564694,-25.6298999028453,11.6878870747676));
#6430=CARTESIAN_POINT('Ctrl Pts',(186.973379564694,-25.6054804870314,11.2886331553989));
#6431=CARTESIAN_POINT('Ctrl Pts',(186.481475801541,-25.9565170669156,11.667910313227));
#6432=CARTESIAN_POINT('Ctrl Pts',(186.481475801541,-25.9320976511017,11.2686563938582));
#6433=CARTESIAN_POINT('Ctrl Pts',(185.849383593353,-26.3100106503246,11.6462897194593));
#6434=CARTESIAN_POINT('Ctrl Pts',(185.849383593353,-26.2855912345106,11.2470358000906));
#6435=CARTESIAN_POINT('Ctrl Pts',(185.075668973316,-26.695101354556,11.6227365629929));
#6436=CARTESIAN_POINT('Ctrl Pts',(185.075668973316,-26.6706819387421,11.2234826436242));
#6437=CARTESIAN_POINT('',(186.798448119203,-22.7864765644763,11.8617982963393));
#6438=CARTESIAN_POINT('Ctrl Pts',(186.798448119203,-22.7864765644763,11.8617982963393));
#6439=CARTESIAN_POINT('Ctrl Pts',(186.865316746607,-22.8195175493789,11.8597774231303));
#6440=CARTESIAN_POINT('Ctrl Pts',(186.942532490241,-22.8545075279246,11.8576373443635));
#6441=CARTESIAN_POINT('Ctrl Pts',(187.027306985944,-22.8923745182399,11.8553213000186));
#6442=CARTESIAN_POINT('Ctrl Pts',(187.351675082783,-23.0372629481839,11.8464595440137));
#6443=CARTESIAN_POINT('Ctrl Pts',(187.767911181689,-23.1917058003788,11.8370134145099));
#6444=CARTESIAN_POINT('Ctrl Pts',(188.048709186904,-23.5159016282761,11.8171847482339));
#6445=CARTESIAN_POINT('Ctrl Pts',(188.221750764391,-23.7156870841276,11.8049653462861));
#6446=CARTESIAN_POINT('Ctrl Pts',(188.314431231048,-24.0295129142379,11.7857709362456));
#6447=CARTESIAN_POINT('Ctrl Pts',(188.234808323956,-24.3124188400178,11.7684676685688));
#6448=CARTESIAN_POINT('Ctrl Pts',(188.100256234515,-24.7904921083695,11.7392274548525));
#6449=CARTESIAN_POINT('Ctrl Pts',(187.664176521636,-25.1712204620152,11.715941111178));
#6450=CARTESIAN_POINT('Ctrl Pts',(186.973379564694,-25.6298999028453,11.6878870747676));
#6451=CARTESIAN_POINT('Ctrl Pts',(186.481475801541,-25.9565170669156,11.667910313227));
#6452=CARTESIAN_POINT('Ctrl Pts',(185.849383593353,-26.3100106503246,11.6462897194593));
#6453=CARTESIAN_POINT('Ctrl Pts',(185.075668973316,-26.695101354556,11.6227365629929));
#6454=CARTESIAN_POINT('',(186.798448119203,-22.7620571486624,11.4625443769706));
#6455=CARTESIAN_POINT('',(186.798448119203,-22.7864765644763,11.8617982963393));
#6456=CARTESIAN_POINT('Ctrl Pts',(186.798448119203,-22.7620571486624,11.4625443769706));
#6457=CARTESIAN_POINT('Ctrl Pts',(186.865316746607,-22.7950981335649,11.4605235037616));
#6458=CARTESIAN_POINT('Ctrl Pts',(186.942532490241,-22.8300881121107,11.4583834249947));
#6459=CARTESIAN_POINT('Ctrl Pts',(187.027306985944,-22.867955102426,11.4560673806498));
#6460=CARTESIAN_POINT('Ctrl Pts',(187.351675082783,-23.0128435323699,11.447205624645));
#6461=CARTESIAN_POINT('Ctrl Pts',(187.767911181689,-23.1672863845649,11.4377594951412));
#6462=CARTESIAN_POINT('Ctrl Pts',(188.048709186904,-23.4914822124621,11.4179308288651));
#6463=CARTESIAN_POINT('Ctrl Pts',(188.221750764391,-23.6912676683136,11.4057114269173));
#6464=CARTESIAN_POINT('Ctrl Pts',(188.314431231048,-24.005093498424,11.3865170168769));
#6465=CARTESIAN_POINT('Ctrl Pts',(188.234808323956,-24.2879994242038,11.3692137492001));
#6466=CARTESIAN_POINT('Ctrl Pts',(188.100256234515,-24.7660726925556,11.3399735354838));
#6467=CARTESIAN_POINT('Ctrl Pts',(187.664176521636,-25.1468010462013,11.3166871918092));
#6468=CARTESIAN_POINT('Ctrl Pts',(186.973379564694,-25.6054804870314,11.2886331553989));
#6469=CARTESIAN_POINT('Ctrl Pts',(186.481475801541,-25.9320976511017,11.2686563938582));
#6470=CARTESIAN_POINT('Ctrl Pts',(185.849383593353,-26.2855912345106,11.2470358000906));
#6471=CARTESIAN_POINT('Ctrl Pts',(185.075668973316,-26.6706819387421,11.2234826436242));
#6472=CARTESIAN_POINT('Ctrl Pts',(187.291096446974,-22.6065659763516,11.8728020993018));
#6473=CARTESIAN_POINT('Ctrl Pts',(187.291096446974,-22.5821465605376,11.4735481799331));
#6474=CARTESIAN_POINT('Ctrl Pts',(187.082647796926,-22.6710466467596,11.8688582925506));
#6475=CARTESIAN_POINT('Ctrl Pts',(187.082647796926,-22.6466272309457,11.4696043731819));
#6476=CARTESIAN_POINT('Ctrl Pts',(186.91619606854,-22.732711318329,11.8650867196667));
#6477=CARTESIAN_POINT('Ctrl Pts',(186.91619606854,-22.708291902515,11.465832800298));
#6478=CARTESIAN_POINT('Ctrl Pts',(186.798448119203,-22.7864765644763,11.8617982963393));
#6479=CARTESIAN_POINT('Ctrl Pts',(186.798448119203,-22.7620571486623,11.4625443769706));
#6480=CARTESIAN_POINT('',(187.291096446974,-22.6065659763516,11.8728020993018));
#6481=CARTESIAN_POINT('Ctrl Pts',(187.291096446974,-22.6065659763516,11.8728020993018));
#6482=CARTESIAN_POINT('Ctrl Pts',(187.082647796926,-22.6710466467596,11.8688582925506));
#6483=CARTESIAN_POINT('Ctrl Pts',(186.91619606854,-22.732711318329,11.8650867196667));
#6484=CARTESIAN_POINT('Ctrl Pts',(186.798448119203,-22.7864765644763,11.8617982963393));
#6485=CARTESIAN_POINT('',(187.291096446974,-22.5821465605376,11.4735481799331));
#6486=CARTESIAN_POINT('',(187.291096446974,-22.6065659763516,11.8728020993018));
#6487=CARTESIAN_POINT('Ctrl Pts',(187.291096446974,-22.5821465605376,11.4735481799331));
#6488=CARTESIAN_POINT('Ctrl Pts',(187.082647796926,-22.6466272309457,11.4696043731819));
#6489=CARTESIAN_POINT('Ctrl Pts',(186.91619606854,-22.708291902515,11.465832800298));
#6490=CARTESIAN_POINT('Ctrl Pts',(186.798448119203,-22.7620571486623,11.4625443769706));
#6491=CARTESIAN_POINT('Origin',(187.187488093463,-22.2728763477296,11.8932114313054));
#6492=CARTESIAN_POINT('Origin',(187.187488093463,-22.2728763477296,11.8932114313054));
#6493=CARTESIAN_POINT('Origin',(187.187488093463,-22.2484569319157,11.4939575119367));
#6494=CARTESIAN_POINT('Origin',(186.4464269178,-24.3032521072409,11.3682808551412));
#6495=CARTESIAN_POINT('Ctrl Pts',(166.677733432245,-34.8903256109925,11.1214951747484));
#6496=CARTESIAN_POINT('Ctrl Pts',(166.677733432245,-34.8659061951786,10.7222412553797));
#6497=CARTESIAN_POINT('Ctrl Pts',(166.373744339454,-34.6507341195871,11.1361492181286));
#6498=CARTESIAN_POINT('Ctrl Pts',(166.373744339454,-34.6263147037732,10.7368952987598));
#6499=CARTESIAN_POINT('Ctrl Pts',(166.079857738368,-34.4134028450899,11.1506650207205));
#6500=CARTESIAN_POINT('Ctrl Pts',(166.079857738368,-34.3889834292759,10.7514111013517));
#6501=CARTESIAN_POINT('Ctrl Pts',(165.796096349695,-34.1783062361886,11.1650441453094));
#6502=CARTESIAN_POINT('Ctrl Pts',(165.796096349695,-34.1538868203746,10.7657902259406));
#6503=CARTESIAN_POINT('Ctrl Pts',(162.949905108011,-31.8202337995795,11.309270034037));
#6504=CARTESIAN_POINT('Ctrl Pts',(162.949905108011,-31.7958143837656,10.9100161146683));
#6505=CARTESIAN_POINT('Ctrl Pts',(161.082436868685,-29.673963080358,11.4405415747769));
#6506=CARTESIAN_POINT('Ctrl Pts',(161.082436868685,-29.6495436645441,11.0412876554081));
#6507=CARTESIAN_POINT('Ctrl Pts',(160.55714453543,-27.809543862388,11.5545743392068));
#6508=CARTESIAN_POINT('Ctrl Pts',(160.55714453543,-27.785124446574,11.1553204198381));
#6509=CARTESIAN_POINT('Ctrl Pts',(160.282621928827,-26.8351812244536,11.6141689111196));
#6510=CARTESIAN_POINT('Ctrl Pts',(160.282621928827,-26.8107618086397,11.2149149917509));
#6511=CARTESIAN_POINT('Ctrl Pts',(160.422649374325,-25.9179461275035,11.6702694129431));
#6512=CARTESIAN_POINT('Ctrl Pts',(160.422649374325,-25.8935267116895,11.2710154935743));
#6513=CARTESIAN_POINT('Ctrl Pts',(160.893582834988,-25.2779264062473,11.7094146960431));
#6514=CARTESIAN_POINT('Ctrl Pts',(160.893582834988,-25.2535069904333,11.3101607766744));
#6515=CARTESIAN_POINT('Ctrl Pts',(161.493797260058,-24.462208048738,11.7593061680932));
#6516=CARTESIAN_POINT('Ctrl Pts',(161.493797260058,-24.437788632924,11.3600522487245));
#6517=CARTESIAN_POINT('Ctrl Pts',(162.537156570984,-24.1060297529023,11.7810909659073));
#6518=CARTESIAN_POINT('Ctrl Pts',(162.537156570984,-24.0816103370884,11.3818370465385));
#6519=CARTESIAN_POINT('Ctrl Pts',(163.44189795902,-24.4168107831852,11.7620827838021));
#6520=CARTESIAN_POINT('Ctrl Pts',(163.44189795902,-24.3923913673712,11.3628288644333));
#6521=CARTESIAN_POINT('',(166.677733432245,-34.8903256109925,11.1214951747484));
#6522=CARTESIAN_POINT('',(163.44189795902,-24.4168107831852,11.7620827838021));
#6523=CARTESIAN_POINT('Ctrl Pts',(166.677733432245,-34.8903256109925,11.1214951747484));
#6524=CARTESIAN_POINT('Ctrl Pts',(166.373744339454,-34.6507341195871,11.1361492181286));
#6525=CARTESIAN_POINT('Ctrl Pts',(166.079857738368,-34.4134028450899,11.1506650207205));
#6526=CARTESIAN_POINT('Ctrl Pts',(165.796096349695,-34.1783062361886,11.1650441453094));
#6527=CARTESIAN_POINT('Ctrl Pts',(162.949905108011,-31.8202337995795,11.309270034037));
#6528=CARTESIAN_POINT('Ctrl Pts',(161.082436868685,-29.673963080358,11.4405415747769));
#6529=CARTESIAN_POINT('Ctrl Pts',(160.55714453543,-27.809543862388,11.5545743392068));
#6530=CARTESIAN_POINT('Ctrl Pts',(160.282621928827,-26.8351812244536,11.6141689111196));
#6531=CARTESIAN_POINT('Ctrl Pts',(160.422649374325,-25.9179461275035,11.6702694129431));
#6532=CARTESIAN_POINT('Ctrl Pts',(160.893582834988,-25.2779264062473,11.7094146960431));
#6533=CARTESIAN_POINT('Ctrl Pts',(161.493797260058,-24.462208048738,11.7593061680932));
#6534=CARTESIAN_POINT('Ctrl Pts',(162.537156570984,-24.1060297529023,11.7810909659073));
#6535=CARTESIAN_POINT('Ctrl Pts',(163.44189795902,-24.4168107831852,11.7620827838021));
#6536=CARTESIAN_POINT('',(166.677733432245,-34.8659061951786,10.7222412553797));
#6537=CARTESIAN_POINT('',(166.677733432245,-34.8903256109925,11.1214951747484));
#6538=CARTESIAN_POINT('',(163.44189795902,-24.3923913673712,11.3628288644333));
#6539=CARTESIAN_POINT('Ctrl Pts',(166.677733432245,-34.8659061951786,10.7222412553797));
#6540=CARTESIAN_POINT('Ctrl Pts',(166.373744339454,-34.6263147037732,10.7368952987598));
#6541=CARTESIAN_POINT('Ctrl Pts',(166.079857738368,-34.3889834292759,10.7514111013517));
#6542=CARTESIAN_POINT('Ctrl Pts',(165.796096349695,-34.1538868203746,10.7657902259406));
#6543=CARTESIAN_POINT('Ctrl Pts',(162.949905108011,-31.7958143837656,10.9100161146683));
#6544=CARTESIAN_POINT('Ctrl Pts',(161.082436868685,-29.6495436645441,11.0412876554081));
#6545=CARTESIAN_POINT('Ctrl Pts',(160.55714453543,-27.785124446574,11.1553204198381));
#6546=CARTESIAN_POINT('Ctrl Pts',(160.282621928827,-26.8107618086397,11.2149149917509));
#6547=CARTESIAN_POINT('Ctrl Pts',(160.422649374325,-25.8935267116895,11.2710154935743));
#6548=CARTESIAN_POINT('Ctrl Pts',(160.893582834988,-25.2535069904333,11.3101607766744));
#6549=CARTESIAN_POINT('Ctrl Pts',(161.493797260058,-24.437788632924,11.3600522487245));
#6550=CARTESIAN_POINT('Ctrl Pts',(162.537156570984,-24.0816103370884,11.3818370465385));
#6551=CARTESIAN_POINT('Ctrl Pts',(163.44189795902,-24.3923913673712,11.3628288644333));
#6552=CARTESIAN_POINT('',(163.44189795902,-24.4168107831852,11.7620827838021));
#6553=CARTESIAN_POINT('Origin',(166.956607588712,-34.5378141238533,11.143055700935));
#6554=CARTESIAN_POINT('',(167.23548174518,-34.185302636714,11.1646162271216));
#6555=CARTESIAN_POINT('Origin',(166.956607588712,-34.5378141238532,11.143055700935));
#6556=CARTESIAN_POINT('',(167.23548174518,-34.1608832209,10.7653623077529));
#6557=CARTESIAN_POINT('',(167.23548174518,-34.185302636714,11.1646162271216));
#6558=CARTESIAN_POINT('Origin',(166.956607588712,-34.5133947080393,10.7438017815663));
#6559=CARTESIAN_POINT('Ctrl Pts',(163.149025930126,-25.2662381428783,11.7101295808558));
#6560=CARTESIAN_POINT('Ctrl Pts',(163.149025930126,-25.2418187270644,11.310875661487));
#6561=CARTESIAN_POINT('Ctrl Pts',(162.75729137628,-25.1316763002881,11.7183597357208));
#6562=CARTESIAN_POINT('Ctrl Pts',(162.75729137628,-25.1072568844742,11.3191058163521));
#6563=CARTESIAN_POINT('Ctrl Pts',(162.334300183737,-25.2063084175668,11.7137950398807));
#6564=CARTESIAN_POINT('Ctrl Pts',(162.334300183737,-25.1818890017528,11.314541120512));
#6565=CARTESIAN_POINT('Ctrl Pts',(161.965034976817,-25.4692850761714,11.697710698402));
#6566=CARTESIAN_POINT('Ctrl Pts',(161.965034976817,-25.4448656603575,11.2984567790333));
#6567=CARTESIAN_POINT('Ctrl Pts',(161.405205367614,-25.8679744659581,11.6733258106965));
#6568=CARTESIAN_POINT('Ctrl Pts',(161.405205367614,-25.8435550501442,11.2740718913277));
#6569=CARTESIAN_POINT('Ctrl Pts',(161.08804912686,-26.6326200112415,11.6265580856605));
#6570=CARTESIAN_POINT('Ctrl Pts',(161.08804912686,-26.6082005954276,11.2273041662918));
#6571=CARTESIAN_POINT('Ctrl Pts',(161.498016519127,-27.8014509596297,11.5550693223441));
#6572=CARTESIAN_POINT('Ctrl Pts',(161.498016519127,-27.7770315438158,11.1558154029754));
#6573=CARTESIAN_POINT('Ctrl Pts',(161.984978514482,-29.1897961343825,11.470154493783));
#6574=CARTESIAN_POINT('Ctrl Pts',(161.984978514482,-29.1653767185686,11.0709005744142));
#6575=CARTESIAN_POINT('Ctrl Pts',(163.51125737663,-31.0447697966665,11.3566994442876));
#6576=CARTESIAN_POINT('Ctrl Pts',(163.51125737663,-31.0203503808525,10.9574455249188));
#6577=CARTESIAN_POINT('Ctrl Pts',(165.869621434425,-33.0648903698479,11.2331435770119));
#6578=CARTESIAN_POINT('Ctrl Pts',(165.869621434425,-33.040470954034,10.8338896576431));
#6579=CARTESIAN_POINT('Ctrl Pts',(166.297712793051,-33.4315836112518,11.2107156575761));
#6580=CARTESIAN_POINT('Ctrl Pts',(166.297712793051,-33.4071641954379,10.8114617382074));
#6581=CARTESIAN_POINT('Ctrl Pts',(166.753140049704,-33.8051410818199,11.1878679038994));
#6582=CARTESIAN_POINT('Ctrl Pts',(166.753140049704,-33.780721666006,10.7886139845307));
#6583=CARTESIAN_POINT('Ctrl Pts',(167.23548174518,-34.185302636714,11.1646162271216));
#6584=CARTESIAN_POINT('Ctrl Pts',(167.23548174518,-34.1608832209,10.7653623077529));
#6585=CARTESIAN_POINT('',(163.149025930126,-25.2662381428783,11.7101295808558));
#6586=CARTESIAN_POINT('Ctrl Pts',(163.149025930126,-25.2662381428783,11.7101295808558));
#6587=CARTESIAN_POINT('Ctrl Pts',(162.75729137628,-25.1316763002881,11.7183597357208));
#6588=CARTESIAN_POINT('Ctrl Pts',(162.334300183737,-25.2063084175668,11.7137950398807));
#6589=CARTESIAN_POINT('Ctrl Pts',(161.965034976817,-25.4692850761714,11.697710698402));
#6590=CARTESIAN_POINT('Ctrl Pts',(161.405205367614,-25.8679744659581,11.6733258106965));
#6591=CARTESIAN_POINT('Ctrl Pts',(161.08804912686,-26.6326200112415,11.6265580856605));
#6592=CARTESIAN_POINT('Ctrl Pts',(161.498016519127,-27.8014509596297,11.5550693223441));
#6593=CARTESIAN_POINT('Ctrl Pts',(161.984978514482,-29.1897961343825,11.470154493783));
#6594=CARTESIAN_POINT('Ctrl Pts',(163.51125737663,-31.0447697966665,11.3566994442876));
#6595=CARTESIAN_POINT('Ctrl Pts',(165.869621434425,-33.0648903698479,11.2331435770119));
#6596=CARTESIAN_POINT('Ctrl Pts',(166.297712793051,-33.4315836112518,11.2107156575761));
#6597=CARTESIAN_POINT('Ctrl Pts',(166.753140049704,-33.8051410818199,11.1878679038994));
#6598=CARTESIAN_POINT('Ctrl Pts',(167.23548174518,-34.185302636714,11.1646162271216));
#6599=CARTESIAN_POINT('',(163.149025930126,-25.2418187270644,11.310875661487));
#6600=CARTESIAN_POINT('',(163.149025930126,-25.2662381428783,11.7101295808558));
#6601=CARTESIAN_POINT('Ctrl Pts',(163.149025930126,-25.2418187270644,11.310875661487));
#6602=CARTESIAN_POINT('Ctrl Pts',(162.75729137628,-25.1072568844742,11.3191058163521));
#6603=CARTESIAN_POINT('Ctrl Pts',(162.334300183737,-25.1818890017528,11.314541120512));
#6604=CARTESIAN_POINT('Ctrl Pts',(161.965034976817,-25.4448656603575,11.2984567790333));
#6605=CARTESIAN_POINT('Ctrl Pts',(161.405205367614,-25.8435550501442,11.2740718913277));
#6606=CARTESIAN_POINT('Ctrl Pts',(161.08804912686,-26.6082005954276,11.2273041662918));
#6607=CARTESIAN_POINT('Ctrl Pts',(161.498016519127,-27.7770315438158,11.1558154029754));
#6608=CARTESIAN_POINT('Ctrl Pts',(161.984978514482,-29.1653767185686,11.0709005744142));
#6609=CARTESIAN_POINT('Ctrl Pts',(163.51125737663,-31.0203503808525,10.9574455249188));
#6610=CARTESIAN_POINT('Ctrl Pts',(165.869621434425,-33.040470954034,10.8338896576431));
#6611=CARTESIAN_POINT('Ctrl Pts',(166.297712793051,-33.4071641954379,10.8114617382074));
#6612=CARTESIAN_POINT('Ctrl Pts',(166.753140049704,-33.780721666006,10.7886139845307));
#6613=CARTESIAN_POINT('Ctrl Pts',(167.23548174518,-34.1608832209,10.7653623077529));
#6614=CARTESIAN_POINT('Origin',(163.295461944573,-24.8415244630317,11.7361061823289));
#6615=CARTESIAN_POINT('Origin',(163.295461944573,-24.8415244630317,11.7361061823289));
#6616=CARTESIAN_POINT('Origin',(163.295461944573,-24.8171050472178,11.3368522629602));
#6617=CARTESIAN_POINT('Origin',(163.839629355257,-29.5171067474785,11.0493878442605));
#6618=CARTESIAN_POINT('Origin',(210.978621778851,14.6387468226551,14.1508230184135));
#6619=CARTESIAN_POINT('',(187.574095156767,-20.2852119749195,12.0147821923262));
#6620=CARTESIAN_POINT('',(198.434963339707,-25.469310971833,11.6977091145555));
#6621=CARTESIAN_POINT('Origin',(210.978621778851,14.6387468226551,14.1508230184135));
#6622=CARTESIAN_POINT('',(187.574095156767,-20.2607925591056,11.6155282729575));
#6623=CARTESIAN_POINT('',(187.574095156767,-20.2852119749195,12.0147821923262));
#6624=CARTESIAN_POINT('',(198.434963339707,-25.444891556019,11.2984551951868));
#6625=CARTESIAN_POINT('Origin',(210.978621778851,14.6631662384691,13.7515690990447));
#6626=CARTESIAN_POINT('',(198.434963339707,-25.469310971833,11.6977091145555));
#6627=CARTESIAN_POINT('Origin',(187.018106583195,-21.1148515719471,11.9640392607914));
#6628=CARTESIAN_POINT('',(186.32964997041,-20.3909268329493,12.0083163946203));
#6629=CARTESIAN_POINT('Origin',(187.018106583195,-21.1148515719471,11.9640392607914));
#6630=CARTESIAN_POINT('',(186.32964997041,-20.3665074171353,11.6090624752516));
#6631=CARTESIAN_POINT('',(186.32964997041,-20.3909268329493,12.0083163946203));
#6632=CARTESIAN_POINT('Origin',(187.018106583195,-21.0904321561332,11.5647853414227));
#6633=CARTESIAN_POINT('Origin',(176.106269071141,-9.64085455280167,12.6658189820812));
#6634=CARTESIAN_POINT('',(176.38328321146,-24.4602874480594,11.759423637063));
#6635=CARTESIAN_POINT('Origin',(176.106269071141,-9.64085455280167,12.6658189820812));
#6636=CARTESIAN_POINT('',(176.38328321146,-24.4358680322455,11.3601697176942));
#6637=CARTESIAN_POINT('',(176.38328321146,-24.4602874480594,11.759423637063));
#6638=CARTESIAN_POINT('Origin',(176.106269071141,-9.61643513698773,12.2665650627125));
#6639=CARTESIAN_POINT('Origin',(176.351271457964,-24.860155990386,11.7349666292985));
#6640=CARTESIAN_POINT('',(176.318236272274,-25.2599415930735,11.7105146943397));
#6641=CARTESIAN_POINT('Origin',(176.351271457964,-24.860155990386,11.7349666292985));
#6642=CARTESIAN_POINT('',(176.318236272274,-25.2355221772596,11.311260774971));
#6643=CARTESIAN_POINT('',(176.318236272274,-25.2599415930735,11.7105146943397));
#6644=CARTESIAN_POINT('Origin',(176.351271457964,-24.835736574572,11.3357127099298));
#6645=CARTESIAN_POINT('Origin',(176.106269071141,-9.64085455280167,12.6658189820812));
#6646=CARTESIAN_POINT('',(186.710839956191,-21.1283624368794,11.9632129008917));
#6647=CARTESIAN_POINT('Origin',(176.106269071141,-9.64085455280167,12.6658189820812));
#6648=CARTESIAN_POINT('',(186.710839956191,-21.1039430210655,11.5639589815229));
#6649=CARTESIAN_POINT('',(186.710839956191,-21.1283624368794,11.9632129008917));
#6650=CARTESIAN_POINT('Origin',(176.106269071141,-9.61643513698773,12.2665650627125));
#6651=CARTESIAN_POINT('Origin',(187.049650420758,-21.4953822743731,11.9407650059834));
#6652=CARTESIAN_POINT('',(187.325359434271,-21.0790457366076,11.9662292394975));
#6653=CARTESIAN_POINT('Origin',(187.049650420758,-21.4953822743731,11.9407650059833));
#6654=CARTESIAN_POINT('',(187.325359434271,-21.0546263207937,11.5669753201287));
#6655=CARTESIAN_POINT('',(187.325359434271,-21.0790457366076,11.9662292394975));
#6656=CARTESIAN_POINT('Origin',(187.049650420758,-21.4709628585591,11.5415110866146));
#6657=CARTESIAN_POINT('Origin',(210.978621778851,14.6387468226551,14.1508230184135));
#6658=CARTESIAN_POINT('',(198.197798787548,-26.2319242238358,11.6510656899015));
#6659=CARTESIAN_POINT('Origin',(210.978621778851,14.6387468226551,14.1508230184135));
#6660=CARTESIAN_POINT('',(198.197798787548,-26.2075048080219,11.2518117705328));
#6661=CARTESIAN_POINT('',(198.197798787548,-26.2319242238358,11.6510656899015));
#6662=CARTESIAN_POINT('Origin',(210.978621778851,14.6631662384691,13.7515690990447));
#6663=CARTESIAN_POINT('Origin',(198.444959380804,-25.8904550505519,11.6719508392402));
#6664=CARTESIAN_POINT('Origin',(198.444959380804,-25.8904550505519,11.6719508392402));
#6665=CARTESIAN_POINT('Origin',(198.444959380804,-25.866035634738,11.2726969198715));
#6666=CARTESIAN_POINT('Origin',(187.40819379417,-23.1897976213464,11.4363826489168));
#6667=CARTESIAN_POINT('Ctrl Pts',(234.149999999998,-115.938250243083,6.16439174649061));
#6668=CARTESIAN_POINT('Ctrl Pts',(234.149999999998,-116.501005476909,6.12997216188641));
#6669=CARTESIAN_POINT('Ctrl Pts',(233.962574386856,-117.371396167941,6.07674395237851));
#6670=CARTESIAN_POINT('Ctrl Pts',(233.511489609414,-118.123906246261,6.03071971240824));
#6671=CARTESIAN_POINT('Ctrl Pts',(233.240701612126,-118.476285753665,6.00916810053503));
#6672=CARTESIAN_POINT('Ctrl Pts',(233.152096279285,-118.578866128653,5.98540358249712));
#6673=CARTESIAN_POINT('Ctrl Pts',(232.983390069912,-118.754024549219,5.91651558616906));
#6674=CARTESIAN_POINT('Ctrl Pts',(232.890719311928,-118.841287711842,5.86818518963774));
#6675=CARTESIAN_POINT('Ctrl Pts',(232.798719360913,-118.919444302285,5.80852250512415));
#6676=CARTESIAN_POINT('Ctrl Pts',(232.424619831456,-119.232726803707,5.55932689519282));
#6677=CARTESIAN_POINT('Ctrl Pts',(231.58781841288,-119.711074235252,5.17883451954535));
#6678=CARTESIAN_POINT('Ctrl Pts',(230.628515763843,-119.877356127297,5.04657070084565));
#6679=CARTESIAN_POINT('Ctrl Pts',(230.149999999998,-119.877356127297,5.04657070084565));
#6680=CARTESIAN_POINT('Ctrl Pts',(234.422678088878,-115.938250243083,6.16439174649061));
#6681=CARTESIAN_POINT('Ctrl Pts',(234.415270994506,-116.521445185663,6.12872201574391));
#6682=CARTESIAN_POINT('Ctrl Pts',(234.20947721273,-117.423249936143,6.06183204671229));
#6683=CARTESIAN_POINT('Ctrl Pts',(233.730064243981,-118.204785734846,5.99270651174142));
#6684=CARTESIAN_POINT('Ctrl Pts',(233.443104444734,-118.571333721565,5.95853119746293));
#6685=CARTESIAN_POINT('Ctrl Pts',(233.349314255534,-118.678166769289,5.93078748977053));
#6686=CARTESIAN_POINT('Ctrl Pts',(233.170571091536,-118.861028403382,5.8544061268392));
#6687=CARTESIAN_POINT('Ctrl Pts',(233.072359982387,-118.952313112836,5.80203077172296));
#6688=CARTESIAN_POINT('Ctrl Pts',(232.97459995531,-119.034385845263,5.73830482531179));
#6689=CARTESIAN_POINT('Ctrl Pts',(232.576909638978,-119.363565937552,5.47254674308459));
#6690=CARTESIAN_POINT('Ctrl Pts',(231.687825679696,-119.869262403987,5.0597519937207));
#6691=CARTESIAN_POINT('Ctrl Pts',(230.663709154692,-120.05345279133,4.90649708946844));
#6692=CARTESIAN_POINT('Ctrl Pts',(230.149999999998,-120.059334822695,4.90181831045722));
#6693=CARTESIAN_POINT('Ctrl Pts',(234.896189049152,-115.925639340347,5.95820530933119));
#6694=CARTESIAN_POINT('Ctrl Pts',(234.87355913019,-116.5604147763,5.93392434860391));
#6695=CARTESIAN_POINT('Ctrl Pts',(234.641975702149,-117.530347711125,5.86881833316543));
#6696=CARTESIAN_POINT('Ctrl Pts',(234.117328768635,-118.360882352333,5.7921544454942));
#6697=CARTESIAN_POINT('Ctrl Pts',(233.808317192244,-118.747825019587,5.73465868667077));
#6698=CARTESIAN_POINT('Ctrl Pts',(233.708013034673,-118.860897567737,5.70709942155054));
#6699=CARTESIAN_POINT('Ctrl Pts',(233.515088233063,-119.057505409976,5.63871582148677));
#6700=CARTESIAN_POINT('Ctrl Pts',(233.408800280887,-119.156659738514,5.59427353947624));
#6701=CARTESIAN_POINT('Ctrl Pts',(233.300554915817,-119.248089434984,5.54065357833088));
#6702=CARTESIAN_POINT('Ctrl Pts',(232.858600386639,-119.616337887875,5.31731554550188));
#6703=CARTESIAN_POINT('Ctrl Pts',(231.887239359657,-120.155057429361,4.80445830021925));
#6704=CARTESIAN_POINT('Ctrl Pts',(230.723917383296,-120.369608843316,4.6550152098653));
#6705=CARTESIAN_POINT('Ctrl Pts',(230.149999999998,-120.377797539643,4.64850162727748));
#6706=CARTESIAN_POINT('Ctrl Pts',(235.111939157012,-115.898038564771,5.50693661763549));
#6707=CARTESIAN_POINT('Ctrl Pts',(235.106629878083,-116.565487645233,5.49121069746177));
#6708=CARTESIAN_POINT('Ctrl Pts',(234.890292606492,-117.59495498007,5.44874913443776));
#6709=CARTESIAN_POINT('Ctrl Pts',(234.354584082183,-118.483752106858,5.40475200522483));
#6710=CARTESIAN_POINT('Ctrl Pts',(234.038999748602,-118.897917718167,5.35080360535773));
#6711=CARTESIAN_POINT('Ctrl Pts',(233.936641466685,-119.019450243041,5.33002679022604));
#6712=CARTESIAN_POINT('Ctrl Pts',(233.73793527688,-119.233460128241,5.28015899748012));
#6713=CARTESIAN_POINT('Ctrl Pts',(233.628006891153,-119.342330896925,5.24842843229977));
#6714=CARTESIAN_POINT('Ctrl Pts',(233.51413322911,-119.444569356394,5.2091743926787));
#6715=CARTESIAN_POINT('Ctrl Pts',(233.047970721043,-119.85750660405,5.04534264407372));
#6716=CARTESIAN_POINT('Ctrl Pts',(232.026843599507,-120.449627425558,4.51121940397088));
#6717=CARTESIAN_POINT('Ctrl Pts',(230.765708745162,-120.693409649354,4.39745241947803));
#6718=CARTESIAN_POINT('Ctrl Pts',(230.149999999998,-120.69626025659,4.39518494409773));
#6719=CARTESIAN_POINT('Ctrl Pts',(235.14032226816,-115.885674441445,5.30478498817596));
#6720=CARTESIAN_POINT('Ctrl Pts',(235.139113442818,-116.556264729292,5.27241169329695));
#6721=CARTESIAN_POINT('Ctrl Pts',(234.928211825754,-117.604427883187,5.22593097820497));
#6722=CARTESIAN_POINT('Ctrl Pts',(234.394536757386,-118.521388551709,5.19732100320964));
#6723=CARTESIAN_POINT('Ctrl Pts',(234.079178547722,-118.950445079799,5.15331395064505));
#6724=CARTESIAN_POINT('Ctrl Pts',(233.976779930029,-119.076608521352,5.13586413406047));
#6725=CARTESIAN_POINT('Ctrl Pts',(233.777774030543,-119.299205986766,5.0925336675102));
#6726=CARTESIAN_POINT('Ctrl Pts',(233.667583636244,-119.412652767116,5.06445387694434));
#6727=CARTESIAN_POINT('Ctrl Pts',(233.553319815453,-119.519409639839,5.02897494115931));
#6728=CARTESIAN_POINT('Ctrl Pts',(233.085496025567,-119.950720659373,4.88058769361696));
#6729=CARTESIAN_POINT('Ctrl Pts',(232.057150483573,-120.57621067296,4.37976104257277));
#6730=CARTESIAN_POINT('Ctrl Pts',(230.778034812815,-120.832744278139,4.28662065130641));
#6731=CARTESIAN_POINT('Ctrl Pts',(230.149999999998,-120.832744278139,4.28662065130641));
#6732=CARTESIAN_POINT('',(235.14032226816,-115.885674441445,5.30478498817596));
#6733=CARTESIAN_POINT('',(234.149999999998,-115.938250243083,6.16439174649067));
#6734=CARTESIAN_POINT('Origin',(234.149999999998,-115.877201703548,5.16625694806876));
#6735=CARTESIAN_POINT('',(233.323677679374,-118.368410245663,6.01575679334798));
#6736=CARTESIAN_POINT('Origin',(230.149999999998,-115.938250243083,6.16439174649067));
#6737=CARTESIAN_POINT('',(232.914687233005,-118.816901840501,5.87806888547956));
#6738=CARTESIAN_POINT('Ctrl Pts',(232.914687233005,-118.816901840501,5.87806888547955));
#6739=CARTESIAN_POINT('Ctrl Pts',(232.93758385565,-118.795729726605,5.89060660498079));
#6740=CARTESIAN_POINT('Ctrl Pts',(232.960468127857,-118.774001842395,5.90241681740277));
#6741=CARTESIAN_POINT('Ctrl Pts',(233.10459344605,-118.633381937482,5.97218032579251));
#6742=CARTESIAN_POINT('Ctrl Pts',(233.222300636413,-118.50031059986,6.00768942208651));
#6743=CARTESIAN_POINT('Ctrl Pts',(233.323677679374,-118.368410245663,6.01575679334798));
#6744=CARTESIAN_POINT('',(232.78633563791,-118.929876342765,5.80023015177854));
#6745=CARTESIAN_POINT('Ctrl Pts',(232.786287055922,-118.929855498502,5.80024108378807));
#6746=CARTESIAN_POINT('Ctrl Pts',(232.798687337591,-118.919471119604,5.80850117371165));
#6747=CARTESIAN_POINT('Ctrl Pts',(232.811148665639,-118.908888179132,5.81658174658174));
#6748=CARTESIAN_POINT('Ctrl Pts',(232.823651044441,-118.898113830827,5.82447079814092));
#6749=CARTESIAN_POINT('Ctrl Pts',(232.853828253547,-118.872107598977,5.84351273906479));
#6750=CARTESIAN_POINT('Ctrl Pts',(232.884245208622,-118.844984314154,5.86143717743358));
#6751=CARTESIAN_POINT('Ctrl Pts',(232.914637384902,-118.816880628821,5.87807927360924));
#6752=CARTESIAN_POINT('',(230.149999999998,-119.877356127297,5.04657070084563));
#6753=CARTESIAN_POINT('Origin',(230.149999999998,-116.055803523925,8.08637089900276));
#6754=CARTESIAN_POINT('',(230.149999999998,-120.83274427814,4.28662065130644));
#6755=CARTESIAN_POINT('',(230.149999999998,-119.9417362291,4.99536045555223));
#6756=CARTESIAN_POINT('Ctrl Pts',(235.14032226816,-115.885674441445,5.30478498817596));
#6757=CARTESIAN_POINT('Ctrl Pts',(235.139113442818,-116.556264729292,5.27241169329695));
#6758=CARTESIAN_POINT('Ctrl Pts',(234.867156572455,-117.907867315068,5.21247497974871));
#6759=CARTESIAN_POINT('Ctrl Pts',(233.664391885923,-119.593683590901,5.16752554356185));
#6760=CARTESIAN_POINT('Ctrl Pts',(232.079191072016,-120.571790313065,4.38136595530901));
#6761=CARTESIAN_POINT('Ctrl Pts',(230.778034812815,-120.832744278139,4.28662065130641));
#6762=CARTESIAN_POINT('Ctrl Pts',(230.149999999998,-120.832744278139,4.28662065130641));
#6763=CARTESIAN_POINT('Ctrl Pts',(235.14032226816,-115.885674441445,5.30478498817596));
#6764=CARTESIAN_POINT('Ctrl Pts',(235.140297084299,-115.899645072442,5.30411054453264));
#6765=CARTESIAN_POINT('Ctrl Pts',(235.140129466531,-115.927592162664,5.30276368700527));
#6766=CARTESIAN_POINT('Ctrl Pts',(235.139325252335,-115.983505207384,5.30007846162345));
#6767=CARTESIAN_POINT('Ctrl Pts',(235.136686865007,-116.081390876712,5.29540257551607));
#6768=CARTESIAN_POINT('Ctrl Pts',(235.12648649237,-116.277220158328,5.28615161989934));
#6769=CARTESIAN_POINT('Ctrl Pts',(235.08639497088,-116.66836312297,5.26811524189627));
#6770=CARTESIAN_POINT('Ctrl Pts',(234.972882669314,-117.221394959717,5.24403489305488));
#6771=CARTESIAN_POINT('Ctrl Pts',(234.747086665533,-117.861228797997,5.21901159374403));
#6772=CARTESIAN_POINT('Ctrl Pts',(234.327447126645,-118.664333628184,5.19230508653062));
#6773=CARTESIAN_POINT('Ctrl Pts',(233.483214806754,-119.705474171301,5.07767314334209));
#6774=CARTESIAN_POINT('Ctrl Pts',(232.079191072016,-120.571790313066,4.38136595530904));
#6775=CARTESIAN_POINT('Ctrl Pts',(230.778034812815,-120.83274427814,4.28662065130645));
#6776=CARTESIAN_POINT('Ctrl Pts',(230.149999999998,-120.83274427814,4.28662065130645));
#6777=CARTESIAN_POINT('Ctrl Pts',(235.141279358045,-115.885257518251,5.29796835419774));
#6778=CARTESIAN_POINT('Ctrl Pts',(235.141256967023,-115.899230366665,5.29728239046247));
#6779=CARTESIAN_POINT('Ctrl Pts',(235.141094771179,-115.92718181852,5.29591231457244));
#6780=CARTESIAN_POINT('Ctrl Pts',(235.140300845754,-115.983103294881,5.29317993416357));
#6781=CARTESIAN_POINT('Ctrl Pts',(235.137678884438,-116.081002961514,5.28841966579247));
#6782=CARTESIAN_POINT('Ctrl Pts',(235.127505496646,-116.276857248188,5.27899254017509));
#6783=CARTESIAN_POINT('Ctrl Pts',(235.087444115389,-116.668038657269,5.26057501248218));
#6784=CARTESIAN_POINT('Ctrl Pts',(234.973918175654,-117.221094436068,5.2358707080093));
#6785=CARTESIAN_POINT('Ctrl Pts',(234.748029675936,-117.860914367916,5.20998498934741));
#6786=CARTESIAN_POINT('Ctrl Pts',(234.328199089738,-118.663953070137,5.18199201119905));
#6787=CARTESIAN_POINT('Ctrl Pts',(233.483575010516,-119.704910371891,5.06518350929663));
#6788=CARTESIAN_POINT('Ctrl Pts',(232.079068390217,-120.570889389564,4.36558794598659));
#6789=CARTESIAN_POINT('Ctrl Pts',(230.777884741695,-120.831617634477,4.26819988621642));
#6790=CARTESIAN_POINT('Ctrl Pts',(230.149999999998,-120.831537764186,4.26689432253779));
#6791=CARTESIAN_POINT('Ctrl Pts',(235.147648946792,-115.882447523115,5.25202533983911));
#6792=CARTESIAN_POINT('Ctrl Pts',(235.147645626657,-115.896421496451,5.25125994304885));
#6793=CARTESIAN_POINT('Ctrl Pts',(235.14752076383,-115.924375228472,5.24973364972147));
#6794=CARTESIAN_POINT('Ctrl Pts',(235.146798101487,-115.980301386456,5.24669932607051));
#6795=CARTESIAN_POINT('Ctrl Pts',(235.14429230585,-116.078209555339,5.24143790530956));
#6796=CARTESIAN_POINT('Ctrl Pts',(235.134317082007,-116.27408204581,5.23111522572568));
#6797=CARTESIAN_POINT('Ctrl Pts',(235.094524117978,-116.665304259734,5.21131530976441));
#6798=CARTESIAN_POINT('Ctrl Pts',(234.981036790467,-117.218428930653,5.18570071210359));
#6799=CARTESIAN_POINT('Ctrl Pts',(234.754758215264,-117.85834161448,5.16009299439223));
#6800=CARTESIAN_POINT('Ctrl Pts',(234.333950586134,-118.661508887734,5.13384865467888));
#6801=CARTESIAN_POINT('Ctrl Pts',(233.487187613679,-119.702649705926,5.02175104435166));
#6802=CARTESIAN_POINT('Ctrl Pts',(232.07960672786,-120.568781246129,4.32886632613812));
#6803=CARTESIAN_POINT('Ctrl Pts',(230.777601662498,-120.829359325802,4.23128247969705));
#6804=CARTESIAN_POINT('Ctrl Pts',(230.149999999998,-120.829124418317,4.22744122281343));
#6805=CARTESIAN_POINT('Ctrl Pts',(235.150102084743,-115.878617884502,5.18941130199662));
#6806=CARTESIAN_POINT('Ctrl Pts',(235.150102208507,-115.892592537622,5.18856697058564));
#6807=CARTESIAN_POINT('Ctrl Pts',(235.149983929981,-115.920547716184,5.18688632303795));
#6808=CARTESIAN_POINT('Ctrl Pts',(235.149273423305,-115.976477109516,5.1835572062657));
#6809=CARTESIAN_POINT('Ctrl Pts',(235.146785992244,-116.074391830512,5.17781604724599));
#6810=CARTESIAN_POINT('Ctrl Pts',(235.136836773731,-116.270280893714,5.166675446907));
#6811=CARTESIAN_POINT('Ctrl Pts',(235.097052091265,-116.661549475851,5.14578168185432));
#6812=CARTESIAN_POINT('Ctrl Pts',(234.983474662838,-117.214774142483,5.12001408051407));
#6813=CARTESIAN_POINT('Ctrl Pts',(234.756954768906,-117.854848440052,5.09603208673174));
#6814=CARTESIAN_POINT('Ctrl Pts',(234.335719857919,-118.658270287572,5.07376429056664));
#6815=CARTESIAN_POINT('Ctrl Pts',(233.488131718459,-119.699844515314,4.97039075238469));
#6816=CARTESIAN_POINT('Ctrl Pts',(232.079445893192,-120.566538416491,4.28990081363215));
#6817=CARTESIAN_POINT('Ctrl Pts',(230.777350088172,-120.827092412497,4.19421790674728));
#6818=CARTESIAN_POINT('Ctrl Pts',(230.149999999998,-120.826711380182,4.18798856207439));
#6819=CARTESIAN_POINT('Ctrl Pts',(235.150037557008,-115.869566756749,5.04142667133));
#6820=CARTESIAN_POINT('Ctrl Pts',(235.150037494285,-115.883552927085,5.04051510810551));
#6821=CARTESIAN_POINT('Ctrl Pts',(235.149918659794,-115.91153101681,5.03870420049031));
#6822=CARTESIAN_POINT('Ctrl Pts',(235.149206312773,-115.967505751848,5.03513118105037));
#6823=CARTESIAN_POINT('Ctrl Pts',(235.146713801141,-116.065498551549,5.02900627098759));
#6824=CARTESIAN_POINT('Ctrl Pts',(235.136747232517,-116.261538774261,5.01726623565115));
#6825=CARTESIAN_POINT('Ctrl Pts',(235.096901701798,-116.653089980936,4.99581166557252));
#6826=CARTESIAN_POINT('Ctrl Pts',(234.983176367868,-117.206664969555,4.97087123923152));
#6827=CARTESIAN_POINT('Ctrl Pts',(234.75643386751,-117.847081857134,4.94985849464756));
#6828=CARTESIAN_POINT('Ctrl Pts',(234.334919139446,-118.650871007945,4.93334170339927));
#6829=CARTESIAN_POINT('Ctrl Pts',(233.486928512591,-119.6928352233,4.84112871781817));
#6830=CARTESIAN_POINT('Ctrl Pts',(232.07772592617,-120.559942444291,4.17512014538552));
#6831=CARTESIAN_POINT('Ctrl Pts',(230.77659260295,-120.8198340314,4.07558632789089));
#6832=CARTESIAN_POINT('Ctrl Pts',(230.149999999998,-120.819000725636,4.06195910252764));
#6833=CARTESIAN_POINT('Ctrl Pts',(235.150051066152,-115.854296974589,4.79176793986448));
#6834=CARTESIAN_POINT('Ctrl Pts',(235.150051088317,-115.868299002634,4.79076269548792));
#6835=CARTESIAN_POINT('Ctrl Pts',(235.149932173901,-115.896308514659,4.7887700685851));
#6836=CARTESIAN_POINT('Ctrl Pts',(235.149218662835,-115.952344945574,4.78485591184007));
#6837=CARTESIAN_POINT('Ctrl Pts',(235.146721584126,-116.050442723266,4.77819181528243));
#6838=CARTESIAN_POINT('Ctrl Pts',(235.13673613003,-116.246681248944,4.76559879770582));
#6839=CARTESIAN_POINT('Ctrl Pts',(235.096818674605,-116.638584815948,4.74329316532669));
#6840=CARTESIAN_POINT('Ctrl Pts',(234.982917618687,-117.19255058136,4.71931295219811));
#6841=CARTESIAN_POINT('Ctrl Pts',(234.755956097855,-117.833303260009,4.70207547117345));
#6842=CARTESIAN_POINT('Ctrl Pts',(234.334313066769,-118.637433724955,4.69293558437938));
#6843=CARTESIAN_POINT('Ctrl Pts',(233.486122143617,-119.679880558137,4.6162411315967));
#6844=CARTESIAN_POINT('Ctrl Pts',(232.075390523445,-120.548653177781,3.97768053127143));
#6845=CARTESIAN_POINT('Ctrl Pts',(230.775734129396,-120.807453965266,3.87335679834916));
#6846=CARTESIAN_POINT('Ctrl Pts',(230.149999999998,-120.805985094282,3.84934534603977));
#6847=CARTESIAN_POINT('Ctrl Pts',(235.149988685796,-115.808487516308,4.04278991754921));
#6848=CARTESIAN_POINT('Ctrl Pts',(235.149988665778,-115.822501118582,4.04160760365983));
#6849=CARTESIAN_POINT('Ctrl Pts',(235.149869104085,-115.850532842498,4.039270271471));
#6850=CARTESIAN_POINT('Ctrl Pts',(235.149152015993,-115.906610100492,4.03470397944436));
#6851=CARTESIAN_POINT('Ctrl Pts',(235.146643070267,-116.00477000803,4.02699514340702));
#6852=CARTESIAN_POINT('Ctrl Pts',(235.136612579755,-116.201097315163,4.01268829354769));
#6853=CARTESIAN_POINT('Ctrl Pts',(235.096537736196,-116.59304975663,3.9883739512914));
#6854=CARTESIAN_POINT('Ctrl Pts',(234.982310984108,-117.146797142619,3.96510297196037));
#6855=CARTESIAN_POINT('Ctrl Pts',(234.755250632282,-117.787097095402,3.95290960348882));
#6856=CARTESIAN_POINT('Ctrl Pts',(234.334650618123,-118.59077456812,3.95402522669614));
#6857=CARTESIAN_POINT('Ctrl Pts',(233.487913887597,-119.634091391819,3.90684704541944));
#6858=CARTESIAN_POINT('Ctrl Pts',(232.069408011162,-120.513559715631,3.3653423318893));
#6859=CARTESIAN_POINT('Ctrl Pts',(230.774444404844,-120.769652435621,3.25563353980038));
#6860=CARTESIAN_POINT('Ctrl Pts',(230.149999999996,-120.766954234341,3.21150823658497));
#6861=CARTESIAN_POINT('Ctrl Pts',(235.149923753356,-115.762674540531,3.29375438469648));
#6862=CARTESIAN_POINT('Ctrl Pts',(235.149923763712,-115.776573210269,3.29261751992482));
#6863=CARTESIAN_POINT('Ctrl Pts',(235.149803471532,-115.804375154009,3.29036480291052));
#6864=CARTESIAN_POINT('Ctrl Pts',(235.149081711672,-115.859993432489,3.28594288674495));
#6865=CARTESIAN_POINT('Ctrl Pts',(235.146556812497,-115.957351820491,3.27842194343914));
#6866=CARTESIAN_POINT('Ctrl Pts',(235.136465203392,-116.152085561661,3.26423644593333));
#6867=CARTESIAN_POINT('Ctrl Pts',(235.096182546441,-116.540908796533,3.23918254455069));
#6868=CARTESIAN_POINT('Ctrl Pts',(234.981576755246,-117.090471331872,3.21225566491566));
#6869=CARTESIAN_POINT('Ctrl Pts',(234.754758156874,-117.726630252328,3.19218247375358));
#6870=CARTESIAN_POINT('Ctrl Pts',(234.336875726466,-118.526598214399,3.17902407676897));
#6871=CARTESIAN_POINT('Ctrl Pts',(233.493960515687,-119.570466829092,3.12582695698512));
#6872=CARTESIAN_POINT('Ctrl Pts',(232.060485215627,-120.474525597694,2.70974460043089));
#6873=CARTESIAN_POINT('Ctrl Pts',(230.773292694951,-120.730328032113,2.61409758205053));
#6874=CARTESIAN_POINT('Ctrl Pts',(230.149999999994,-120.727851415214,2.57361894684597));
#6875=CARTESIAN_POINT('Ctrl Pts',(235.149901275814,-115.716867308017,2.54481275333929));
#6876=CARTESIAN_POINT('Ctrl Pts',(235.14990127244,-115.730378527714,2.54379463837673));
#6877=CARTESIAN_POINT('Ctrl Pts',(235.149777247412,-115.757411356732,2.54176952050861));
#6878=CARTESIAN_POINT('Ctrl Pts',(235.149033445053,-115.811514515176,2.53776360323803));
#6879=CARTESIAN_POINT('Ctrl Pts',(235.146432694597,-115.906281950839,2.53086878432878));
#6880=CARTESIAN_POINT('Ctrl Pts',(235.136046404452,-116.096074475402,2.51753633754541));
#6881=CARTESIAN_POINT('Ctrl Pts',(235.094663592582,-116.475969674458,2.49265793976881));
#6882=CARTESIAN_POINT('Ctrl Pts',(234.977373171002,-117.015449272367,2.46198725070372));
#6883=CARTESIAN_POINT('Ctrl Pts',(234.746955093503,-117.643672865999,2.43225338532185));
#6884=CARTESIAN_POINT('Ctrl Pts',(234.326014764068,-118.438500048704,2.40096224504114));
#6885=CARTESIAN_POINT('Ctrl Pts',(233.478515833346,-119.487245824192,2.33447771771681));
#6886=CARTESIAN_POINT('Ctrl Pts',(232.026446670566,-120.428567609197,2.0385209158569));
#6887=CARTESIAN_POINT('Ctrl Pts',(230.759974097252,-120.690609134053,1.96423617071261));
#6888=CARTESIAN_POINT('Ctrl Pts',(230.149999999993,-120.688871885032,1.93581773522018));
#6889=CARTESIAN_POINT('Ctrl Pts',(235.149890883828,-115.701597639698,2.29515588315916));
#6890=CARTESIAN_POINT('Ctrl Pts',(235.149890884547,-115.714938507913,2.29418217096345));
#6891=CARTESIAN_POINT('Ctrl Pts',(235.1497651592,-115.74163346929,2.29224247372295));
#6892=CARTESIAN_POINT('Ctrl Pts',(235.149011225065,-115.795072203478,2.28839400706212));
#6893=CARTESIAN_POINT('Ctrl Pts',(235.146375491057,-115.888706439007,2.28173992377888));
#6894=CARTESIAN_POINT('Ctrl Pts',(235.135852858531,-116.076349679098,2.26875265897381));
#6895=CARTESIAN_POINT('Ctrl Pts',(235.093957137654,-116.452406633149,2.24404255279846));
#6896=CARTESIAN_POINT('Ctrl Pts',(234.975390037881,-116.987670861697,2.21225340792221));
#6897=CARTESIAN_POINT('Ctrl Pts',(234.743121748645,-117.612732766788,2.17943069184386));
#6898=CARTESIAN_POINT('Ctrl Pts',(234.320144235307,-118.405705595171,2.14226527613871));
#6899=CARTESIAN_POINT('Ctrl Pts',(233.469639249176,-119.456787268934,2.07131798780187));
#6900=CARTESIAN_POINT('Ctrl Pts',(232.011009628121,-120.412148859024,1.81356657070716));
#6901=CARTESIAN_POINT('Ctrl Pts',(230.753502149562,-120.677259285693,1.74697196879382));
#6902=CARTESIAN_POINT('Ctrl Pts',(230.149999999993,-120.675802225068,1.72318383593552));
#6903=CARTESIAN_POINT('Ctrl Pts',(235.149884227919,-115.688900157509,2.08755388445119));
#6904=CARTESIAN_POINT('Ctrl Pts',(235.149884230381,-115.702080207476,2.08661697990134));
#6905=CARTESIAN_POINT('Ctrl Pts',(235.14975685328,-115.728456370335,2.0847482334809));
#6906=CARTESIAN_POINT('Ctrl Pts',(235.148993095068,-115.781268666415,2.08103106385871));
#6907=CARTESIAN_POINT('Ctrl Pts',(235.146323433588,-115.873835984993,2.07457928596521));
#6908=CARTESIAN_POINT('Ctrl Pts',(235.135668495838,-116.059461070555,2.06188888941894));
#6909=CARTESIAN_POINT('Ctrl Pts',(235.093273638448,-116.431937209652,2.03736088019119));
#6910=CARTESIAN_POINT('Ctrl Pts',(234.973454659344,-116.963324089205,2.00475799882874));
#6911=CARTESIAN_POINT('Ctrl Pts',(234.739319056602,-117.58556254697,1.9695841365925));
#6912=CARTESIAN_POINT('Ctrl Pts',(234.314120503873,-118.376989613294,1.92790292176339));
#6913=CARTESIAN_POINT('Ctrl Pts',(233.46035123742,-119.430439068863,1.85364890801537));
#6914=CARTESIAN_POINT('Ctrl Pts',(231.996164242762,-120.398225019059,1.62647509735509));
#6915=CARTESIAN_POINT('Ctrl Pts',(230.747104633958,-120.666424151701,1.56636692021627));
#6916=CARTESIAN_POINT('Ctrl Pts',(230.149999999992,-120.665211474973,1.54647192595204));
#6917=CARTESIAN_POINT('Ctrl Pts',(235.149886529829,-115.683837630974,2.00478230726179));
#6918=CARTESIAN_POINT('Ctrl Pts',(235.149886519311,-115.696948498262,2.00386015510892));
#6919=CARTESIAN_POINT('Ctrl Pts',(235.149758386779,-115.723187839326,2.00201988522207));
#6920=CARTESIAN_POINT('Ctrl Pts',(235.148990269029,-115.775732739985,1.9983556564975));
#6921=CARTESIAN_POINT('Ctrl Pts',(235.146305625394,-115.867848211079,1.99198601948683));
#6922=CARTESIAN_POINT('Ctrl Pts',(235.135592470926,-116.052633343257,1.97941897204637));
#6923=CARTESIAN_POINT('Ctrl Pts',(235.092977709546,-116.423674636068,1.95498023943011));
#6924=CARTESIAN_POINT('Ctrl Pts',(234.972606245868,-116.953671651097,1.92209931160478));
#6925=CARTESIAN_POINT('Ctrl Pts',(234.737633882304,-117.575147877911,1.88607203201288));
#6926=CARTESIAN_POINT('Ctrl Pts',(234.31140377916,-118.366584066613,1.84274143566251));
#6927=CARTESIAN_POINT('Ctrl Pts',(233.456119925625,-119.421952676233,1.76738192131105));
#6928=CARTESIAN_POINT('Ctrl Pts',(231.989685377553,-120.395080030291,1.55230375186503));
#6929=CARTESIAN_POINT('Ctrl Pts',(230.744269723502,-120.662907175887,1.49503970023635));
#6930=CARTESIAN_POINT('Ctrl Pts',(230.149999999992,-120.660268756905,1.47685385221807));
#6931=CARTESIAN_POINT('Ctrl Pts',(235.149880596798,-115.675888675619,1.87481803601919));
#6932=CARTESIAN_POINT('Ctrl Pts',(235.149880612491,-115.688882395921,1.87391816142443));
#6933=CARTESIAN_POINT('Ctrl Pts',(235.149751285796,-115.714888962075,1.87212072822145));
#6934=CARTESIAN_POINT('Ctrl Pts',(235.148975840382,-115.766974225869,1.86853530722944));
#6935=CARTESIAN_POINT('Ctrl Pts',(235.146265721581,-115.858300971641,1.86228587866762));
#6936=CARTESIAN_POINT('Ctrl Pts',(235.135452744591,-116.041570076083,1.84988987744798));
#6937=CARTESIAN_POINT('Ctrl Pts',(235.09245991593,-116.409821958455,1.8255303105997));
#6938=CARTESIAN_POINT('Ctrl Pts',(234.971130810216,-116.936489611215,1.79208443256266));
#6939=CARTESIAN_POINT('Ctrl Pts',(234.734688277209,-117.554942562784,1.75454668028633));
#6940=CARTESIAN_POINT('Ctrl Pts',(234.306581405834,-118.343521217305,1.70841971155557));
#6941=CARTESIAN_POINT('Ctrl Pts',(233.448549709919,-119.397125754844,1.63104949037173));
#6942=CARTESIAN_POINT('Ctrl Pts',(231.978552643848,-120.372920006053,1.4344776983872));
#6943=CARTESIAN_POINT('Ctrl Pts',(230.739334114652,-120.638946006983,1.38337477263291));
#6944=CARTESIAN_POINT('Ctrl Pts',(230.149999999992,-120.634645446863,1.36923084271887));
#6945=CARTESIAN_POINT('Ctrl Pts',(235.149640785883,-115.670172393653,1.78135765201094));
#6946=CARTESIAN_POINT('Ctrl Pts',(235.14963394303,-115.683077310706,1.78047558308643));
#6947=CARTESIAN_POINT('Ctrl Pts',(235.149490099319,-115.708906951945,1.77871235835392));
#6948=CARTESIAN_POINT('Ctrl Pts',(235.14868251074,-115.760641236385,1.77518988710204));
#6949=CARTESIAN_POINT('Ctrl Pts',(235.145908113394,-115.851361074743,1.76903632992091));
#6950=CARTESIAN_POINT('Ctrl Pts',(235.134935869691,-116.033445970705,1.75677655924303));
#6951=CARTESIAN_POINT('Ctrl Pts',(235.09151270759,-116.399445030072,1.7324774637144));
#6952=CARTESIAN_POINT('Ctrl Pts',(234.969316981513,-116.923228395407,1.6985803401118));
#6953=CARTESIAN_POINT('Ctrl Pts',(234.731671213494,-117.53874283644,1.65984309673075));
#6954=CARTESIAN_POINT('Ctrl Pts',(234.302103954668,-118.324105624163,1.61152021518734));
#6955=CARTESIAN_POINT('Ctrl Pts',(233.442103575125,-119.374524522151,1.53237150184675));
#6956=CARTESIAN_POINT('Ctrl Pts',(231.969904031804,-120.35003438893,1.34871897672653));
#6957=CARTESIAN_POINT('Ctrl Pts',(230.73554948457,-120.614350262316,1.30263229326585));
#6958=CARTESIAN_POINT('Ctrl Pts',(230.149999999992,-120.609173050725,1.29197754784137));
#6959=CARTESIAN_POINT('Ctrl Pts',(235.130525683476,-115.663066539106,1.66517795713777));
#6960=CARTESIAN_POINT('Ctrl Pts',(235.130505387752,-115.675850469332,1.66431267224992));
#6961=CARTESIAN_POINT('Ctrl Pts',(235.130334713205,-115.701437565435,1.6625816345601));
#6962=CARTESIAN_POINT('Ctrl Pts',(235.129473712032,-115.752684483909,1.65911803014181));
#6963=CARTESIAN_POINT('Ctrl Pts',(235.126606732339,-115.842545728951,1.65305330494703));
#6964=CARTESIAN_POINT('Ctrl Pts',(235.115453355415,-116.02289184354,1.64091578702138));
#6965=CARTESIAN_POINT('Ctrl Pts',(235.071692545071,-116.385339579398,1.61665252016064));
#6966=CARTESIAN_POINT('Ctrl Pts',(234.949121947713,-116.90390124448,1.58227650565694));
#6967=CARTESIAN_POINT('Ctrl Pts',(234.711369619288,-117.513142208571,1.54234259407667));
#6968=CARTESIAN_POINT('Ctrl Pts',(234.282377589371,-118.290425893113,1.49188857926869));
#6969=CARTESIAN_POINT('Ctrl Pts',(233.424370262636,-119.330223763745,1.41162817028745));
#6970=CARTESIAN_POINT('Ctrl Pts',(231.955742490013,-120.29812565253,1.24475924163406));
#6971=CARTESIAN_POINT('Ctrl Pts',(230.73029427898,-120.560198940718,1.20595072901706));
#6972=CARTESIAN_POINT('Ctrl Pts',(230.149999999992,-120.555920133187,1.20002583020167));
#6973=CARTESIAN_POINT('Ctrl Pts',(235.098312029594,-115.657492191791,1.5740381841721));
#6974=CARTESIAN_POINT('Ctrl Pts',(235.098276696405,-115.670172995527,1.57317792655335));
#6975=CARTESIAN_POINT('Ctrl Pts',(235.098076970142,-115.695552583016,1.57145642539935));
#6976=CARTESIAN_POINT('Ctrl Pts',(235.097161989345,-115.746379581752,1.56800987898007));
#6977=CARTESIAN_POINT('Ctrl Pts',(235.09421129019,-115.835493310473,1.56196975955475));
#6978=CARTESIAN_POINT('Ctrl Pts',(235.082933361933,-116.014295813037,1.54986121032976));
#6979=CARTESIAN_POINT('Ctrl Pts',(235.039093416823,-116.373477603431,1.52557976465653));
#6980=CARTESIAN_POINT('Ctrl Pts',(234.916892597558,-116.886954824645,1.49099163972982));
#6981=CARTESIAN_POINT('Ctrl Pts',(234.680360993115,-117.489727166719,1.45060030645181));
#6982=CARTESIAN_POINT('Ctrl Pts',(234.254075617133,-118.258301475801,1.39939552451464));
#6983=CARTESIAN_POINT('Ctrl Pts',(233.401781018844,-119.285909874519,1.31992333976436));
#6984=CARTESIAN_POINT('Ctrl Pts',(231.941712005141,-120.243612623055,1.16768421327778));
#6985=CARTESIAN_POINT('Ctrl Pts',(230.725761747719,-120.503642875934,1.13463542643712));
#6986=CARTESIAN_POINT('Ctrl Pts',(230.149999999992,-120.501071342591,1.13186183850254));
#6987=CARTESIAN_POINT('Ctrl Pts',(235.065279605628,-115.65341561649,1.50738676715971));
#6988=CARTESIAN_POINT('Ctrl Pts',(235.065229367865,-115.666015965958,1.50652718736117));
#6989=CARTESIAN_POINT('Ctrl Pts',(235.065001153828,-115.691233391256,1.50480695464352));
#6990=CARTESIAN_POINT('Ctrl Pts',(235.06403442373,-115.741731128763,1.50136259879986));
#6991=CARTESIAN_POINT('Ctrl Pts',(235.061006854334,-115.830255932185,1.49532543941765));
#6992=CARTESIAN_POINT('Ctrl Pts',(235.049629223366,-116.007831479489,1.48321949763901));
#6993=CARTESIAN_POINT('Ctrl Pts',(235.005802058922,-116.364377663967,1.45893172947501));
#6994=CARTESIAN_POINT('Ctrl Pts',(234.884199269137,-116.873652794378,1.42431051527599));
#6995=CARTESIAN_POINT('Ctrl Pts',(234.649250252105,-117.47096057156,1.38387076484293));
#6996=CARTESIAN_POINT('Ctrl Pts',(234.226162113843,-118.232051818019,1.33262828086313));
#6997=CARTESIAN_POINT('Ctrl Pts',(233.380334623983,-119.248951613438,1.25463311508593));
#6998=CARTESIAN_POINT('Ctrl Pts',(231.929737227945,-120.197192595063,1.11393531452694));
#6999=CARTESIAN_POINT('Ctrl Pts',(230.72219473688,-120.455450327399,1.0850810583831));
#7000=CARTESIAN_POINT('Ctrl Pts',(230.149999999992,-120.454467183977,1.08428046358917));
#7001=CARTESIAN_POINT('Ctrl Pts',(235.030388985437,-115.650157288373,1.45411357335214));
#7002=CARTESIAN_POINT('Ctrl Pts',(235.030322962257,-115.662688106941,1.45325382328514));
#7003=CARTESIAN_POINT('Ctrl Pts',(235.030064737308,-115.687765225894,1.45153340734243));
#7004=CARTESIAN_POINT('Ctrl Pts',(235.02904415977,-115.737977474274,1.44808929630468));
#7005=CARTESIAN_POINT('Ctrl Pts',(235.025938489384,-115.825990055649,1.44205418365828));
#7006=CARTESIAN_POINT('Ctrl Pts',(235.014468206417,-116.002492456047,1.429958676642));
#7007=CARTESIAN_POINT('Ctrl Pts',(234.970703467291,-116.356710957524,1.40571684221757));
#7008=CARTESIAN_POINT('Ctrl Pts',(234.849858053892,-116.86222154829,1.3712284852761));
#7009=CARTESIAN_POINT('Ctrl Pts',(234.616776096802,-117.454567593431,1.33104579415668));
#7010=CARTESIAN_POINT('Ctrl Pts',(234.197320923966,-118.208796140197,1.2802587314117));
#7011=CARTESIAN_POINT('Ctrl Pts',(233.358698921238,-119.215734723021,1.20425952910877));
#7012=CARTESIAN_POINT('Ctrl Pts',(231.918546975246,-120.154848964821,1.0735710294423));
#7013=CARTESIAN_POINT('Ctrl Pts',(230.719079693354,-120.411384024674,1.04797284910925));
#7014=CARTESIAN_POINT('Ctrl Pts',(230.149999999992,-120.411866017834,1.04839920850593));
#7015=CARTESIAN_POINT('Ctrl Pts',(235.00242035226,-115.64798407552,1.41858185728172));
#7016=CARTESIAN_POINT('Ctrl Pts',(235.002342178532,-115.660464937685,1.41772199411209));
#7017=CARTESIAN_POINT('Ctrl Pts',(235.00206093914,-115.685441217458,1.41600155589887));
#7018=CARTESIAN_POINT('Ctrl Pts',(235.00099950907,-115.735448105538,1.41255824443368));
#7019=CARTESIAN_POINT('Ctrl Pts',(234.997835737251,-115.823091852797,1.40652667008707));
#7020=CARTESIAN_POINT('Ctrl Pts',(234.986302217817,-115.99881990176,1.39444677568213));
#7021=CARTESIAN_POINT('Ctrl Pts',(234.942615740846,-116.351353604064,1.37026833019968));
#7022=CARTESIAN_POINT('Ctrl Pts',(234.822435540946,-116.854123935936,1.33595745257772));
#7023=CARTESIAN_POINT('Ctrl Pts',(234.590928811021,-117.442841089229,1.29609957287908));
#7024=CARTESIAN_POINT('Ctrl Pts',(234.174484382367,-118.19202768375,1.24586634852085));
#7025=CARTESIAN_POINT('Ctrl Pts',(233.341767465856,-119.191604706763,1.1716121057184));
#7026=CARTESIAN_POINT('Ctrl Pts',(231.910134627972,-120.12384486494,1.04805869770674));
#7027=CARTESIAN_POINT('Ctrl Pts',(230.716822832089,-120.3790500063,1.0245943979505));
#7028=CARTESIAN_POINT('Ctrl Pts',(230.149999999992,-120.380578491916,1.02568506271495));
#7029=CARTESIAN_POINT('Ctrl Pts',(234.985509122865,-115.64677993984,1.39889441295058));
#7030=CARTESIAN_POINT('Ctrl Pts',(234.985423068045,-115.659231968946,1.39803581241597));
#7031=CARTESIAN_POINT('Ctrl Pts',(234.985126896887,-115.684150032245,1.39631803385552));
#7032=CARTESIAN_POINT('Ctrl Pts',(234.984038768668,-115.734038384632,1.3928805113898));
#7033=CARTESIAN_POINT('Ctrl Pts',(234.980836713894,-115.821469170826,1.3868603846906));
#7034=CARTESIAN_POINT('Ctrl Pts',(234.969259447688,-115.996750128365,1.37480829566265));
#7035=CARTESIAN_POINT('Ctrl Pts',(234.925614659412,-116.348309828441,1.35070539408731));
#7036=CARTESIAN_POINT('Ctrl Pts',(234.805833776136,-116.84949700495,1.31655005199326));
#7037=CARTESIAN_POINT('Ctrl Pts',(234.575287950907,-117.436113994669,1.27694338380531));
#7038=CARTESIAN_POINT('Ctrl Pts',(234.160673982415,-118.18238235851,1.22710113931412));
#7039=CARTESIAN_POINT('Ctrl Pts',(233.331561844798,-119.177683189613,1.15393301238438));
#7040=CARTESIAN_POINT('Ctrl Pts',(231.905139086323,-120.105884113082,1.03442164625482));
#7041=CARTESIAN_POINT('Ctrl Pts',(230.715511173969,-120.360251016656,1.0120781750138));
#7042=CARTESIAN_POINT('Ctrl Pts',(230.149999999992,-120.362345372045,1.01344235034685));
#7043=CARTESIAN_POINT('Ctrl Pts',(234.906658928029,-115.641470760607,1.31209009978307));
#7044=CARTESIAN_POINT('Ctrl Pts',(234.906541962203,-115.653791476655,1.31122965497848));
#7045=CARTESIAN_POINT('Ctrl Pts',(234.906187515043,-115.678444481722,1.30950887396902));
#7046=CARTESIAN_POINT('Ctrl Pts',(234.904997789835,-115.727792722278,1.30606849607886));
#7047=CARTESIAN_POINT('Ctrl Pts',(234.901655614276,-115.814253120853,1.30005087983429));
#7048=CARTESIAN_POINT('Ctrl Pts',(234.88994922153,-115.987494473548,1.28803489054913));
#7049=CARTESIAN_POINT('Ctrl Pts',(234.846619732519,-116.33461269321,1.26411522083121));
#7050=CARTESIAN_POINT('Ctrl Pts',(234.728869392204,-116.828549613763,1.23053847506073));
#7051=CARTESIAN_POINT('Ctrl Pts',(234.502927419636,-117.405546158683,1.1920022592924));
#7052=CARTESIAN_POINT('Ctrl Pts',(234.096996842547,-118.138404676869,1.14401109383199));
#7053=CARTESIAN_POINT('Ctrl Pts',(233.28471133409,-119.114069774367,1.07594949431662));
#7054=CARTESIAN_POINT('Ctrl Pts',(231.882453481623,-120.023711615815,0.974959676879694));
#7055=CARTESIAN_POINT('Ctrl Pts',(230.709542321626,-120.274452088576,0.957780879525646));
#7056=CARTESIAN_POINT('Ctrl Pts',(230.149999999992,-120.279269811101,0.960512687371618));
#7057=CARTESIAN_POINT('Ctrl Pts',(234.724908310142,-115.634069214833,1.19107589607047));
#7058=CARTESIAN_POINT('Ctrl Pts',(234.724701960772,-115.646135195343,1.19026473721634));
#7059=CARTESIAN_POINT('Ctrl Pts',(234.724178214669,-115.670273973679,1.18864419903653));
#7060=CARTESIAN_POINT('Ctrl Pts',(234.722686608007,-115.718575464216,1.18540992064238));
#7061=CARTESIAN_POINT('Ctrl Pts',(234.718912991102,-115.803156134364,1.17976891389348));
#7062=CARTESIAN_POINT('Ctrl Pts',(234.706721829234,-115.972453832395,1.1685646994891));
#7063=CARTESIAN_POINT('Ctrl Pts',(234.663897956669,-116.310989986084,1.14650176067101));
#7064=CARTESIAN_POINT('Ctrl Pts',(234.550751026021,-116.790981862388,1.11610101553312));
#7065=CARTESIAN_POINT('Ctrl Pts',(234.335693717308,-117.349444609571,1.0819725431109));
#7066=CARTESIAN_POINT('Ctrl Pts',(233.950201232064,-118.056437006545,1.04019817938484));
#7067=CARTESIAN_POINT('Ctrl Pts',(233.177883453412,-118.993788202665,0.984317395897224));
#7068=CARTESIAN_POINT('Ctrl Pts',(231.833505223844,-119.86536028254,0.914263604615064));
#7069=CARTESIAN_POINT('Ctrl Pts',(230.6975598261,-120.106277450682,0.901201222922034));
#7070=CARTESIAN_POINT('Ctrl Pts',(230.149999999993,-120.114467247677,0.902051554004559));
#7071=CARTESIAN_POINT('Ctrl Pts',(234.537466366711,-115.633065711691,1.17466876470299));
#7072=CARTESIAN_POINT('Ctrl Pts',(234.537332270922,-115.644855726314,1.17395187777303));
#7073=CARTESIAN_POINT('Ctrl Pts',(234.536958751273,-115.668440428387,1.17251836263063));
#7074=CARTESIAN_POINT('Ctrl Pts',(234.535791148456,-115.715624885583,1.16965372668454));
#7075=CARTESIAN_POINT('Ctrl Pts',(234.532644561087,-115.798228472697,1.16464567415305));
#7076=CARTESIAN_POINT('Ctrl Pts',(234.521946564616,-115.963484363243,1.15465728215863));
#7077=CARTESIAN_POINT('Ctrl Pts',(234.483019947613,-116.293617186959,1.13480600030336));
#7078=CARTESIAN_POINT('Ctrl Pts',(234.377915163725,-116.760801980168,1.10703899420206));
#7079=CARTESIAN_POINT('Ctrl Pts',(234.17584503027,-117.303102495986,1.07521112766021));
#7080=CARTESIAN_POINT('Ctrl Pts',(233.811465492,-117.988057257864,1.03553196518671));
#7081=CARTESIAN_POINT('Ctrl Pts',(233.076456818524,-118.89303778275,0.982412292693643));
#7082=CARTESIAN_POINT('Ctrl Pts',(231.784564386188,-119.728815129525,0.923890960441717));
#7083=CARTESIAN_POINT('Ctrl Pts',(230.683896539036,-119.95200148547,0.90985573292387));
#7084=CARTESIAN_POINT('Ctrl Pts',(230.149999999996,-119.955457424523,0.909359925912556));
#7085=CARTESIAN_POINT('Ctrl Pts',(234.428994890647,-115.633008730604,1.17373713217318));
#7086=CARTESIAN_POINT('Ctrl Pts',(234.428964954706,-115.644627310725,1.17302572955588));
#7087=CARTESIAN_POINT('Ctrl Pts',(234.428801742311,-115.667868350243,1.17160317400828));
#7088=CARTESIAN_POINT('Ctrl Pts',(234.428062112076,-115.714362608247,1.16875910877315));
#7089=CARTESIAN_POINT('Ctrl Pts',(234.42568445014,-115.795750575959,1.16378544221221));
#7090=CARTESIAN_POINT('Ctrl Pts',(234.416601055146,-115.958546129858,1.15385555930171));
#7091=CARTESIAN_POINT('Ctrl Pts',(234.38121000784,-116.283647082942,1.13409925764659));
#7092=CARTESIAN_POINT('Ctrl Pts',(234.281944827189,-116.743391973778,1.10634947263505));
#7093=CARTESIAN_POINT('Ctrl Pts',(234.088002025031,-117.276528445893,1.07443530591993));
#7094=CARTESIAN_POINT('Ctrl Pts',(233.735685298908,-117.949202342315,1.03447447160021));
#7095=CARTESIAN_POINT('Ctrl Pts',(233.020667503773,-118.836275262185,0.981499007729254));
#7096=CARTESIAN_POINT('Ctrl Pts',(231.756271574464,-119.65160433997,0.92777310063917));
#7097=CARTESIAN_POINT('Ctrl Pts',(230.675384291843,-119.863280454502,0.914962294354878));
#7098=CARTESIAN_POINT('Ctrl Pts',(230.149999999997,-119.862746235048,0.91502637995845));
#7099=CARTESIAN_POINT('Ctrl Pts',(234.414525738543,-115.633008684043,1.17373637089561));
#7100=CARTESIAN_POINT('Ctrl Pts',(234.414509959173,-115.64460435514,1.17302733228391));
#7101=CARTESIAN_POINT('Ctrl Pts',(234.414375298691,-115.667799422963,1.17160943016355));
#7102=CARTESIAN_POINT('Ctrl Pts',(234.413693783019,-115.71420110481,1.16877453692226));
#7103=CARTESIAN_POINT('Ctrl Pts',(234.41142035842,-115.795425475949,1.16381633671276));
#7104=CARTESIAN_POINT('Ctrl Pts',(234.402555649775,-115.957887611096,1.15391556293774));
#7105=CARTESIAN_POINT('Ctrl Pts',(234.367640486239,-116.282299142493,1.13420823634507));
#7106=CARTESIAN_POINT('Ctrl Pts',(234.269161781141,-116.741003436161,1.10651098170295));
#7107=CARTESIAN_POINT('Ctrl Pts',(234.076305591481,-117.272839728234,1.07462876789144));
#7108=CARTESIAN_POINT('Ctrl Pts',(233.725604860716,-117.943755199192,1.03468143964277));
#7109=CARTESIAN_POINT('Ctrl Pts',(233.013246226585,-118.828270489248,0.981745908109028));
#7110=CARTESIAN_POINT('Ctrl Pts',(231.752510597699,-119.640800434978,0.928548006383064));
#7111=CARTESIAN_POINT('Ctrl Pts',(230.674238734963,-119.851223681753,0.915738831056776));
#7112=CARTESIAN_POINT('Ctrl Pts',(230.149999999997,-119.850406064164,0.915781411745943));
#7113=CARTESIAN_POINT('Ctrl Pts',(234.316673770581,-115.633008489918,1.17373319698663));
#7114=CARTESIAN_POINT('Ctrl Pts',(234.316764014369,-115.644448051283,1.17303329870721));
#7115=CARTESIAN_POINT('Ctrl Pts',(234.316842845943,-115.667329557446,1.17163349325368));
#7116=CARTESIAN_POINT('Ctrl Pts',(234.316594022171,-115.713098854671,1.1688339967718));
#7117=CARTESIAN_POINT('Ctrl Pts',(234.315092725293,-115.793202962626,1.16393575726589));
#7118=CARTESIAN_POINT('Ctrl Pts',(234.307830903673,-115.953372197483,1.15414687293489));
#7119=CARTESIAN_POINT('Ctrl Pts',(234.276349385405,-116.273003759191,1.13463289660023));
#7120=CARTESIAN_POINT('Ctrl Pts',(234.183384312778,-116.724414272541,1.10712638696903));
#7121=CARTESIAN_POINT('Ctrl Pts',(233.997985373776,-117.247051610536,1.07535389199713));
#7122=CARTESIAN_POINT('Ctrl Pts',(233.658182559086,-117.905495855292,1.03541124192617));
#7123=CARTESIAN_POINT('Ctrl Pts',(232.963561282679,-118.771887520735,0.982776744236466));
#7124=CARTESIAN_POINT('Ctrl Pts',(231.727106158644,-119.565210012831,0.933177371350145));
#7125=CARTESIAN_POINT('Ctrl Pts',(230.666433068656,-119.768612109807,0.920772876634589));
#7126=CARTESIAN_POINT('Ctrl Pts',(230.149999999997,-119.767226908825,0.920866722122274));
#7127=CARTESIAN_POINT('Ctrl Pts',(234.233333333332,-115.633007545409,1.17371775438133));
#7128=CARTESIAN_POINT('Ctrl Pts',(234.233215070035,-115.644308351231,1.17302669884499));
#7129=CARTESIAN_POINT('Ctrl Pts',(234.232884401167,-115.66690989552,1.17164458646109));
#7130=CARTESIAN_POINT('Ctrl Pts',(234.231846403184,-115.712109630369,1.16888056778513));
#7131=CARTESIAN_POINT('Ctrl Pts',(234.229041712514,-115.791192142061,1.16404454635516));
#7132=CARTESIAN_POINT('Ctrl Pts',(234.21947881543,-115.94922221377,1.15438070606803));
#7133=CARTESIAN_POINT('Ctrl Pts',(234.184578150418,-116.264219540513,1.13511753049752));
#7134=CARTESIAN_POINT('Ctrl Pts',(234.089882752492,-116.708152152478,1.10796925314407));
#7135=CARTESIAN_POINT('Ctrl Pts',(233.906728191926,-117.220969721529,1.07660717711169));
#7136=CARTESIAN_POINT('Ctrl Pts',(233.574694897034,-117.865881760723,1.0371661825389));
#7137=CARTESIAN_POINT('Ctrl Pts',(232.89997424483,-118.712711097166,0.985373547700149));
#7138=CARTESIAN_POINT('Ctrl Pts',(231.698139039652,-119.487984822775,0.937951622289665));
#7139=CARTESIAN_POINT('Ctrl Pts',(230.659373638314,-119.692106621545,0.925457952563359));
#7140=CARTESIAN_POINT('Ctrl Pts',(230.149999999998,-119.696384301726,0.925190985306414));
#7141=CARTESIAN_POINT('Ctrl Pts',(234.149999999998,-115.633007545409,1.17371775438133));
#7142=CARTESIAN_POINT('Ctrl Pts',(234.149999999998,-115.64416455744,1.17303536229246));
#7143=CARTESIAN_POINT('Ctrl Pts',(234.149906305673,-115.666478564786,1.17167057913708));
#7144=CARTESIAN_POINT('Ctrl Pts',(234.149344032043,-115.711103441011,1.16894120478331));
#7145=CARTESIAN_POINT('Ctrl Pts',(234.147376510652,-115.789180532678,1.1641658052832));
#7146=CARTESIAN_POINT('Ctrl Pts',(234.13950635815,-115.945202294258,1.15462310554445));
#7147=CARTESIAN_POINT('Ctrl Pts',(234.10806358932,-116.256194547814,1.13560200447049));
#7148=CARTESIAN_POINT('Ctrl Pts',(234.018506629773,-116.694447355554,1.10879731446083));
#7149=CARTESIAN_POINT('Ctrl Pts',(233.84180206449,-117.200552864064,1.07784257548775));
#7150=CARTESIAN_POINT('Ctrl Pts',(233.518708113942,-117.836692841161,1.038934587706));
#7151=CARTESIAN_POINT('Ctrl Pts',(232.857943145703,-118.670966004714,0.987908255101891));
#7152=CARTESIAN_POINT('Ctrl Pts',(231.675567823698,-119.431110587947,0.941415820698129));
#7153=CARTESIAN_POINT('Ctrl Pts',(230.651903485768,-119.625546739096,0.929523596241902));
#7154=CARTESIAN_POINT('Ctrl Pts',(230.149999999998,-119.625546739096,0.929523596241902));
#7155=CARTESIAN_POINT('',(235.149999999998,-115.877201703548,5.16625694806876));
#7156=CARTESIAN_POINT('Origin',(234.149999999998,-115.877201703548,5.16625694806876));
#7157=CARTESIAN_POINT('',(230.149999999998,-120.669467942169,1.6170761555234));
#7158=CARTESIAN_POINT('',(230.149999999998,-120.623681537518,0.868475056707038));
#7159=CARTESIAN_POINT('',(230.149999999998,-119.875080438702,0.914261461358181));
#7160=CARTESIAN_POINT('Ctrl Pts',(230.149999999993,-120.669434350796,1.61693270026233));
#7161=CARTESIAN_POINT('Ctrl Pts',(230.149999999992,-120.665211474973,1.54647192595204));
#7162=CARTESIAN_POINT('Ctrl Pts',(230.149999999992,-120.660268756905,1.47685385221807));
#7163=CARTESIAN_POINT('Ctrl Pts',(230.149999999992,-120.643948667843,1.40830622518285));
#7164=CARTESIAN_POINT('Ctrl Pts',(230.149999999992,-120.634645446863,1.36923084271887));
#7165=CARTESIAN_POINT('Ctrl Pts',(230.149999999992,-120.621909248794,1.33060419528012));
#7166=CARTESIAN_POINT('Ctrl Pts',(230.149999999992,-120.604890566252,1.2929005280328));
#7167=CARTESIAN_POINT('Ctrl Pts',(230.149999999992,-120.58787188371,1.25519686078549));
#7168=CARTESIAN_POINT('Ctrl Pts',(230.149999999992,-120.566570716694,1.21841617372961));
#7169=CARTESIAN_POINT('Ctrl Pts',(230.149999999992,-120.541187397491,1.1834346141446));
#7170=CARTESIAN_POINT('Ctrl Pts',(230.149999999992,-120.528495737889,1.1659438343521));
#7171=CARTESIAN_POINT('Ctrl Pts',(230.149999999992,-120.51478354024,1.14890283642732));
#7172=CARTESIAN_POINT('Ctrl Pts',(230.149999999992,-120.500160081646,1.1324521083127));
#7173=CARTESIAN_POINT('Ctrl Pts',(230.149999999992,-120.485536623053,1.11600138019808));
#7174=CARTESIAN_POINT('Ctrl Pts',(230.149999999992,-120.470001903515,1.10014092189362));
#7175=CARTESIAN_POINT('Ctrl Pts',(230.149999999992,-120.453714310517,1.08503444172475));
#7176=CARTESIAN_POINT('Ctrl Pts',(230.149999999992,-120.43742671752,1.06992796155587));
#7177=CARTESIAN_POINT('Ctrl Pts',(230.149999999992,-120.420386251063,1.05557545952258));
#7178=CARTESIAN_POINT('Ctrl Pts',(230.149999999992,-120.402787038084,1.04213828425777));
#7179=CARTESIAN_POINT('Ctrl Pts',(230.149999999992,-120.393987431595,1.03541969662537));
#7180=CARTESIAN_POINT('Ctrl Pts',(230.149999999992,-120.385048138476,1.02892994068509));
#7181=CARTESIAN_POINT('Ctrl Pts',(230.149999999992,-120.375990667479,1.0226857845823));
#7182=CARTESIAN_POINT('Ctrl Pts',(230.149999999992,-120.37146193198,1.0195637065309));
#7183=CARTESIAN_POINT('Ctrl Pts',(230.149999999992,-120.366903652012,1.01650302843887));
#7184=CARTESIAN_POINT('Ctrl Pts',(230.149999999992,-120.362316857558,1.01350242097688));
#7185=CARTESIAN_POINT('Ctrl Pts',(230.149999999992,-120.357730063103,1.01050181351489));
#7186=CARTESIAN_POINT('Ctrl Pts',(230.149999999992,-120.353114754162,1.00756127668293));
#7187=CARTESIAN_POINT('Ctrl Pts',(230.149999999992,-120.348477168272,1.00468950381192));
#7188=CARTESIAN_POINT('Ctrl Pts',(230.149999999992,-120.274275794027,0.958741137875646));
#7189=CARTESIAN_POINT('Ctrl Pts',(230.149999999993,-120.194371520852,0.930396345940102));
#7190=CARTESIAN_POINT('Ctrl Pts',(230.149999999994,-120.114666928476,0.91805104294933));
#7191=CARTESIAN_POINT('Ctrl Pts',(230.149999999995,-120.0349623361,0.905705739958553));
#7192=CARTESIAN_POINT('Ctrl Pts',(230.149999999996,-119.955457424523,0.909359925912559));
#7193=CARTESIAN_POINT('Ctrl Pts',(230.149999999997,-119.875086891636,0.91427212619632));
#7194=CARTESIAN_POINT('',(230.149999999998,-119.625546739096,0.929523596241893));
#7195=CARTESIAN_POINT('',(230.149999999998,-93.9123467391279,2.50221028069342));
#7196=CARTESIAN_POINT('',(234.149999999998,-115.633007545409,1.17371775438133));
#7197=CARTESIAN_POINT('Origin',(230.149999999998,-115.633007545409,1.17371775438136));
#7198=CARTESIAN_POINT('',(234.399999999998,-115.633007545409,1.17371775438133));
#7199=CARTESIAN_POINT('',(178.387499999999,-115.633007545409,1.17371775438133));
#7200=CARTESIAN_POINT('',(235.149999999998,-115.67879395006,1.92231885319773));
#7201=CARTESIAN_POINT('Ctrl Pts',(235.149999999998,-115.67879395006,1.92231885319773));
#7202=CARTESIAN_POINT('Ctrl Pts',(235.149999999998,-115.671944319941,1.81032839069721));
#7203=CARTESIAN_POINT('Ctrl Pts',(235.14214729302,-115.661761547805,1.64384153791755));
#7204=CARTESIAN_POINT('Ctrl Pts',(234.993839923844,-115.645606604812,1.37971055476358));
#7205=CARTESIAN_POINT('Ctrl Pts',(234.734889819422,-115.633552383459,1.1826257777588));
#7206=CARTESIAN_POINT('Ctrl Pts',(234.512199737627,-115.633007545409,1.17371775438133));
#7207=CARTESIAN_POINT('Ctrl Pts',(234.399999999998,-115.633007545409,1.17371775438133));
#7208=CARTESIAN_POINT('',(235.149999999998,-115.633007545409,1.17371775438133));
#7209=CARTESIAN_POINT('Ctrl Pts',(11.1000000000001,-115.633007545409,1.17371775438133));
#7210=CARTESIAN_POINT('Ctrl Pts',(11.1000000000001,-115.644165112902,1.17303532831895));
#7211=CARTESIAN_POINT('Ctrl Pts',(11.1000936891706,-115.666480236745,1.17167047687571));
#7212=CARTESIAN_POINT('Ctrl Pts',(11.1006559447908,-115.711107379998,1.16894096386452));
#7213=CARTESIAN_POINT('Ctrl Pts',(11.1026237478742,-115.789188276654,1.16416533164136));
#7214=CARTESIAN_POINT('Ctrl Pts',(11.1104928887249,-115.945218921876,1.15462208855577));
#7215=CARTESIAN_POINT('Ctrl Pts',(11.1419433626496,-116.256223085382,1.13560025903805));
#7216=CARTESIAN_POINT('Ctrl Pts',(11.2135689811375,-116.606859502541,1.11415441704444));
#7217=CARTESIAN_POINT('Ctrl Pts',(11.3200054077914,-116.947933180373,1.09329345724385));
#7218=CARTESIAN_POINT('Ctrl Pts',(11.5770305777859,-117.61224348809,1.05266249823092));
#7219=CARTESIAN_POINT('Ctrl Pts',(12.2393814021182,-118.573053862465,0.993896818266399));
#7220=CARTESIAN_POINT('Ctrl Pts',(13.5746725149152,-119.431068462395,0.941418397207317));
#7221=CARTESIAN_POINT('Ctrl Pts',(14.5981247417121,-119.625546739096,0.929523596241901));
#7222=CARTESIAN_POINT('Ctrl Pts',(15.1000000000001,-119.625546739096,0.929523596241901));
#7223=CARTESIAN_POINT('Ctrl Pts',(11.0166666666668,-115.633007545409,1.17371775438133));
#7224=CARTESIAN_POINT('Ctrl Pts',(11.0167850670179,-115.644308914514,1.17302669532635));
#7225=CARTESIAN_POINT('Ctrl Pts',(11.0171159978094,-115.666911590523,1.17164457157657));
#7226=CARTESIAN_POINT('Ctrl Pts',(11.0181545055169,-115.712113621871,1.1688805298249));
#7227=CARTESIAN_POINT('Ctrl Pts',(11.0209603559072,-115.791199985947,1.16404446399593));
#7228=CARTESIAN_POINT('Ctrl Pts',(11.0305238692335,-115.94923902753,1.15438040141287));
#7229=CARTESIAN_POINT('Ctrl Pts',(11.0654348128109,-116.264248364727,1.13511700330966));
#7230=CARTESIAN_POINT('Ctrl Pts',(11.1411732611221,-116.619428720674,1.11339629913973));
#7231=CARTESIAN_POINT('Ctrl Pts',(11.2518684641939,-116.964999250891,1.09226353826504));
#7232=CARTESIAN_POINT('Ctrl Pts',(11.5175684752218,-117.638201963682,1.0510937848011));
#7233=CARTESIAN_POINT('Ctrl Pts',(12.1948493725267,-118.612846372231,0.991482651182891));
#7234=CARTESIAN_POINT('Ctrl Pts',(13.5521042820989,-119.487941015574,0.937955406649411));
#7235=CARTESIAN_POINT('Ctrl Pts',(14.5906550219294,-119.692105385876,0.925459032206783));
#7236=CARTESIAN_POINT('Ctrl Pts',(15.1000000000001,-119.696383842961,0.925191013365624));
#7237=CARTESIAN_POINT('Ctrl Pts',(10.933325126187,-115.633008643835,1.17373571272099));
#7238=CARTESIAN_POINT('Ctrl Pts',(10.933548504988,-115.644446943773,1.17303583875566));
#7239=CARTESIAN_POINT('Ctrl Pts',(10.9340902672479,-115.667323716366,1.17163626327509));
#7240=CARTESIAN_POINT('Ctrl Pts',(10.9355537185623,-115.713074843035,1.1688377157464));
#7241=CARTESIAN_POINT('Ctrl Pts',(10.9391120136002,-115.793124451012,1.16394269149583));
#7242=CARTESIAN_POINT('Ctrl Pts',(10.950214783121,-115.953098783197,1.15416581915131));
#7243=CARTESIAN_POINT('Ctrl Pts',(10.9883387233753,-116.272010164875,1.1346981828505));
#7244=CARTESIAN_POINT('Ctrl Pts',(11.0680363145053,-116.631704116874,1.11278541127247));
#7245=CARTESIAN_POINT('Ctrl Pts',(11.1829403999564,-116.98180688815,1.09148922063571));
#7246=CARTESIAN_POINT('Ctrl Pts',(11.4573478655112,-117.664045046854,1.05003963421128));
#7247=CARTESIAN_POINT('Ctrl Pts',(12.1502583194999,-118.653080776911,0.990207820236604));
#7248=CARTESIAN_POINT('Ctrl Pts',(13.5301380607581,-119.545540048954,0.934398624922335));
#7249=CARTESIAN_POINT('Ctrl Pts',(14.5836490555331,-119.75911112611,0.92135327529414));
#7250=CARTESIAN_POINT('Ctrl Pts',(15.1000000000063,-119.767226001604,0.920867784467818));
#7251=CARTESIAN_POINT('Ctrl Pts',(10.835473243889,-115.63300874249,1.17373732550317));
#7252=CARTESIAN_POINT('Ctrl Pts',(10.835807299614,-115.644600213131,1.17302858666234));
#7253=CARTESIAN_POINT('Ctrl Pts',(10.8365717792345,-115.667783911735,1.17161151191452));
#7254=CARTESIAN_POINT('Ctrl Pts',(10.8384860667586,-115.714151170374,1.16877893753398));
#7255=CARTESIAN_POINT('Ctrl Pts',(10.8428474082373,-115.795284906383,1.16382682198113));
#7256=CARTESIAN_POINT('Ctrl Pts',(10.8556117112059,-115.957450168565,1.15394552148287));
#7257=CARTESIAN_POINT('Ctrl Pts',(10.8972736409585,-116.280827206059,1.13430636259899));
#7258=CARTESIAN_POINT('Ctrl Pts',(10.9814748164811,-116.645783725945,1.11227762904963));
#7259=CARTESIAN_POINT('Ctrl Pts',(11.1012828259715,-117.001242966039,1.09093471043115));
#7260=CARTESIAN_POINT('Ctrl Pts',(11.3859639917263,-117.694239327298,1.04947325580028));
#7261=CARTESIAN_POINT('Ctrl Pts',(12.0979427041127,-118.700778081813,0.990028973015362));
#7262=CARTESIAN_POINT('Ctrl Pts',(13.5050157633279,-119.613946809315,0.93021671761422));
#7263=CARTESIAN_POINT('Ctrl Pts',(14.5759313912541,-119.838269330738,0.916532640484116));
#7264=CARTESIAN_POINT('Ctrl Pts',(15.1000000000079,-119.850404562261,0.915781605009538));
#7265=CARTESIAN_POINT('Ctrl Pts',(10.8210023712779,-115.633008935705,1.1737404845888));
#7266=CARTESIAN_POINT('Ctrl Pts',(10.8213498028922,-115.644622847367,1.17302825588513));
#7267=CARTESIAN_POINT('Ctrl Pts',(10.8221413206486,-115.667851520098,1.17160432421446));
#7268=CARTESIAN_POINT('Ctrl Pts',(10.8241107451007,-115.71430911299,1.16875825788533));
#7269=CARTESIAN_POINT('Ctrl Pts',(10.8285714303575,-115.795601898223,1.16378344735249));
#7270=CARTESIAN_POINT('Ctrl Pts',(10.8415455377084,-115.958089018715,1.1538599214867));
#7271=CARTESIAN_POINT('Ctrl Pts',(10.8836703471854,-116.282123534991,1.13415004485089));
#7272=CARTESIAN_POINT('Ctrl Pts',(10.9684918586485,-116.647858150656,1.11206618663294));
#7273=CARTESIAN_POINT('Ctrl Pts',(11.0889979714202,-117.00411259927,1.0906841716422));
#7274=CARTESIAN_POINT('Ctrl Pts',(11.3751675062565,-117.698708322589,1.04917488446126));
#7275=CARTESIAN_POINT('Ctrl Pts',(12.0900204537624,-118.707855641899,0.989811120093673));
#7276=CARTESIAN_POINT('Ctrl Pts',(13.5012729132014,-119.624112667032,0.929452957668766));
#7277=CARTESIAN_POINT('Ctrl Pts',(14.5747995022276,-119.850022236096,0.915769102701849));
#7278=CARTESIAN_POINT('Ctrl Pts',(15.1000000000076,-119.862745869261,0.915027782098075));
#7279=CARTESIAN_POINT('Ctrl Pts',(10.712541492156,-115.633064437469,1.17464792988587));
#7280=CARTESIAN_POINT('Ctrl Pts',(10.7129979630571,-115.644846344089,1.17391865614874));
#7281=CARTESIAN_POINT('Ctrl Pts',(10.7140092609127,-115.668411801288,1.17246075377183));
#7282=CARTESIAN_POINT('Ctrl Pts',(10.7164255147845,-115.715545883386,1.16954926877239));
#7283=CARTESIAN_POINT('Ctrl Pts',(10.7216864595186,-115.798030321451,1.16446393172239));
#7284=CARTESIAN_POINT('Ctrl Pts',(10.7363339726867,-115.962930462255,1.1543383140823));
#7285=CARTESIAN_POINT('Ctrl Pts',(10.782086477674,-116.291902514138,1.13428598801499));
#7286=CARTESIAN_POINT('Ctrl Pts',(10.8716627842553,-116.663491376438,1.11196949507435));
#7287=CARTESIAN_POINT('Ctrl Pts',(10.9974606633823,-117.02572494509,1.09053567617687));
#7288=CARTESIAN_POINT('Ctrl Pts',(11.2948415877054,-117.732360751773,1.04906028212384));
#7289=CARTESIAN_POINT('Ctrl Pts',(12.0311982960136,-118.761266159691,0.990404927087402));
#7290=CARTESIAN_POINT('Ctrl Pts',(13.4732550308837,-119.700677663954,0.925362947283582));
#7291=CARTESIAN_POINT('Ctrl Pts',(14.5663939318548,-119.938461669625,0.910715583741599));
#7292=CARTESIAN_POINT('Ctrl Pts',(15.1000000000119,-119.955449910414,0.909348779898286));
#7293=CARTESIAN_POINT('Ctrl Pts',(10.5248014410389,-115.634108151606,1.1917125040664));
#7294=CARTESIAN_POINT('Ctrl Pts',(10.5252567485483,-115.646158017122,1.19078514790439));
#7295=CARTESIAN_POINT('Ctrl Pts',(10.5262732593604,-115.67026197203,1.18893415635285));
#7296=CARTESIAN_POINT('Ctrl Pts',(10.5287295437336,-115.718483474223,1.18524720383362));
#7297=CARTESIAN_POINT('Ctrl Pts',(10.5341379811098,-115.802897492532,1.17883475131805));
#7298=CARTESIAN_POINT('Ctrl Pts',(10.5493846955806,-115.971760214686,1.16617104936019));
#7299=CARTESIAN_POINT('Ctrl Pts',(10.5975123961821,-116.309042214263,1.14150751071908));
#7300=CARTESIAN_POINT('Ctrl Pts',(10.6923056514511,-116.690886463447,1.11492295009917));
#7301=CARTESIAN_POINT('Ctrl Pts',(10.8254629204169,-117.063890586392,1.09011010635541));
#7302=CARTESIAN_POINT('Ctrl Pts',(11.1401369951062,-117.792493829515,1.04309803498182));
#7303=CARTESIAN_POINT('Ctrl Pts',(11.9175248355844,-118.858543960113,0.982012747186997));
#7304=CARTESIAN_POINT('Ctrl Pts',(13.4228408892743,-119.839178617611,0.908330884619866));
#7305=CARTESIAN_POINT('Ctrl Pts',(14.5528188324848,-120.093880141932,0.89968868595891));
#7306=CARTESIAN_POINT('Ctrl Pts',(15.1000000000208,-120.114634408861,0.902375504677327));
#7307=CARTESIAN_POINT('Ctrl Pts',(10.3484244780165,-115.641271127087,1.30882611706354));
#7308=CARTESIAN_POINT('Ctrl Pts',(10.3486303581506,-115.653572306034,1.30787983763443));
#7309=CARTESIAN_POINT('Ctrl Pts',(10.3491606481078,-115.678183914339,1.30598819498833));
#7310=CARTESIAN_POINT('Ctrl Pts',(10.3506939258792,-115.727440198304,1.30220908608592));
#7311=CARTESIAN_POINT('Ctrl Pts',(10.3546166889552,-115.813715810513,1.29560699202506));
#7312=CARTESIAN_POINT('Ctrl Pts',(10.3674007074112,-115.986497530855,1.28245418523691));
#7313=CARTESIAN_POINT('Ctrl Pts',(10.4125739252833,-116.332350847886,1.2563973184535));
#7314=CARTESIAN_POINT('Ctrl Pts',(10.5081791275447,-116.725423526219,1.22739366822478));
#7315=CARTESIAN_POINT('Ctrl Pts',(10.6457196402233,-117.110603084737,1.19958026706246));
#7316=CARTESIAN_POINT('Ctrl Pts',(10.9735361160734,-117.8644243039,1.14595594224392));
#7317=CARTESIAN_POINT('Ctrl Pts',(11.7944729097365,-118.974576518232,1.0715360751072));
#7318=CARTESIAN_POINT('Ctrl Pts',(13.3716682210493,-119.997413862569,0.961539558711074));
#7319=CARTESIAN_POINT('Ctrl Pts',(14.541124669327,-120.259280097968,0.951444096129495));
#7320=CARTESIAN_POINT('Ctrl Pts',(15.1000000000279,-120.274626823196,0.958936280631678));
#7321=CARTESIAN_POINT('Ctrl Pts',(10.2767566932441,-115.64596849517,1.38562740607063));
#7322=CARTESIAN_POINT('Ctrl Pts',(10.2768915200392,-115.658391540156,1.38472248592955));
#7323=CARTESIAN_POINT('Ctrl Pts',(10.2772837081026,-115.683249106398,1.38291155164143));
#7324=CARTESIAN_POINT('Ctrl Pts',(10.2785581360777,-115.733006436487,1.3792865039601));
#7325=CARTESIAN_POINT('Ctrl Pts',(10.2820712620221,-115.820181979971,1.37293416498752));
#7326=CARTESIAN_POINT('Ctrl Pts',(10.2942091606506,-115.99485349083,1.36020406551942));
#7327=CARTESIAN_POINT('Ctrl Pts',(10.3387531938138,-116.344819127671,1.33469621338298));
#7328=CARTESIAN_POINT('Ctrl Pts',(10.4350797739661,-116.743243783327,1.30571141447219));
#7329=CARTESIAN_POINT('Ctrl Pts',(10.5746281823685,-117.134209175197,1.27743879903934));
#7330=CARTESIAN_POINT('Ctrl Pts',(10.9079886195692,-117.899965396121,1.22233065157812));
#7331=CARTESIAN_POINT('Ctrl Pts',(11.7457212645101,-119.03069643819,1.1428740574753));
#7332=CARTESIAN_POINT('Ctrl Pts',(13.3500745044004,-120.072434349778,1.01161275763637));
#7333=CARTESIAN_POINT('Ctrl Pts',(14.5357014565896,-120.336985478801,0.997631074700172));
#7334=CARTESIAN_POINT('Ctrl Pts',(15.1000000000301,-120.349403693555,1.00534722776256));
#7335=CARTESIAN_POINT('Ctrl Pts',(10.2756481830209,-115.646041378214,1.38681903330819));
#7336=CARTESIAN_POINT('Ctrl Pts',(10.2757816777735,-115.65846629716,1.38591451708137));
#7337=CARTESIAN_POINT('Ctrl Pts',(10.2761712765997,-115.683327647517,1.38410436759824));
#7338=CARTESIAN_POINT('Ctrl Pts',(10.2774408022721,-115.733092683573,1.3804807869608));
#7339=CARTESIAN_POINT('Ctrl Pts',(10.2809460948865,-115.820282074235,1.37413076336139));
#7340=CARTESIAN_POINT('Ctrl Pts',(10.2930712281466,-115.994982670121,1.36140429121102));
#7341=CARTESIAN_POINT('Ctrl Pts',(10.3376010778353,-116.345011687104,1.3358999142399));
#7342=CARTESIAN_POINT('Ctrl Pts',(10.4339354275687,-116.743518859782,1.30691112337841));
#7343=CARTESIAN_POINT('Ctrl Pts',(10.5735119442544,-117.13457322202,1.27862802240918));
#7344=CARTESIAN_POINT('Ctrl Pts',(10.9069543525059,-117.900513180471,1.22349179146407));
#7345=CARTESIAN_POINT('Ctrl Pts',(11.7449518796031,-119.031562651966,1.14395501027023));
#7346=CARTESIAN_POINT('Ctrl Pts',(13.3497343500379,-120.073592582003,1.01237459023029));
#7347=CARTESIAN_POINT('Ctrl Pts',(14.5356174310273,-120.338187705719,0.99834058143058));
#7348=CARTESIAN_POINT('Ctrl Pts',(15.1000000000301,-120.350561989645,1.00606829428135));
#7349=CARTESIAN_POINT('Ctrl Pts',(10.2737138165657,-115.646169253592,1.38890977725229));
#7350=CARTESIAN_POINT('Ctrl Pts',(10.2738452615272,-115.658597466775,1.38800624955792));
#7351=CARTESIAN_POINT('Ctrl Pts',(10.2742308762673,-115.683465467019,1.38619802691852));
#7352=CARTESIAN_POINT('Ctrl Pts',(10.2754929053159,-115.733244047466,1.38257810849879));
#7353=CARTESIAN_POINT('Ctrl Pts',(10.2789862903859,-115.820457768712,1.37623398737562));
#7354=CARTESIAN_POINT('Ctrl Pts',(10.2910924014287,-115.99520945811,1.36351734951571));
#7355=CARTESIAN_POINT('Ctrl Pts',(10.3356027066633,-116.345349705429,1.33802507069456));
#7356=CARTESIAN_POINT('Ctrl Pts',(10.431954512721,-116.744001632985,1.3090344839792));
#7357=CARTESIAN_POINT('Ctrl Pts',(10.5715833829426,-117.13521230107,1.2807372519034));
#7358=CARTESIAN_POINT('Ctrl Pts',(10.9051729602796,-117.901474803987,1.22555835582915));
#7359=CARTESIAN_POINT('Ctrl Pts',(11.74362656605,-119.033081428608,1.14588422178674));
#7360=CARTESIAN_POINT('Ctrl Pts',(13.3491466230633,-120.075622250788,1.01373303686945));
#7361=CARTESIAN_POINT('Ctrl Pts',(14.5354705313098,-120.340291435486,0.999597547731104));
#7362=CARTESIAN_POINT('Ctrl Pts',(15.1000000000301,-120.352587114443,1.0073357076373));
#7363=CARTESIAN_POINT('Ctrl Pts',(10.2698686767138,-115.646426135047,1.39310975191653));
#7364=CARTESIAN_POINT('Ctrl Pts',(10.2699958623441,-115.658860916928,1.39220803630515));
#7365=CARTESIAN_POINT('Ctrl Pts',(10.2703731981706,-115.683742178393,1.39040334443766));
#7366=CARTESIAN_POINT('Ctrl Pts',(10.2716196118342,-115.733547766498,1.3867901128679));
#7367=CARTESIAN_POINT('Ctrl Pts',(10.2750881361655,-115.820810006766,1.38045672699997));
#7368=CARTESIAN_POINT('Ctrl Pts',(10.2871542220091,-115.995663584867,1.36775776836603));
#7369=CARTESIAN_POINT('Ctrl Pts',(10.3316220901735,-116.346025691777,1.3422863755473));
#7370=CARTESIAN_POINT('Ctrl Pts',(10.4280057865792,-116.744966330693,1.31328957233557));
#7371=CARTESIAN_POINT('Ctrl Pts',(10.567736229579,-117.136488535118,1.28496207695775));
#7372=CARTESIAN_POINT('Ctrl Pts',(10.9016150240936,-117.903394020741,1.22969513814775));
#7373=CARTESIAN_POINT('Ctrl Pts',(11.7409786104585,-119.036112260188,1.14974662099232));
#7374=CARTESIAN_POINT('Ctrl Pts',(13.3479712409624,-120.079671103687,1.01646068479288));
#7375=CARTESIAN_POINT('Ctrl Pts',(14.5351773117082,-120.34448931135,1.00212691639647));
#7376=CARTESIAN_POINT('Ctrl Pts',(15.1000000000301,-120.356628889968,1.00989115647915));
#7377=CARTESIAN_POINT('Ctrl Pts',(10.2644432429957,-115.646796376853,1.39916315193973));
#7378=CARTESIAN_POINT('Ctrl Pts',(10.2645645486957,-115.659240526333,1.39826421218384));
#7379=CARTESIAN_POINT('Ctrl Pts',(10.2649304559633,-115.684140698253,1.39646493494481));
#7380=CARTESIAN_POINT('Ctrl Pts',(10.2661553325511,-115.733984798098,1.39286199258937));
#7381=CARTESIAN_POINT('Ctrl Pts',(10.2695895988387,-115.82131621628,1.38654520703152));
#7382=CARTESIAN_POINT('Ctrl Pts',(10.2816006922097,-115.99631504212,1.37387394998224));
#7383=CARTESIAN_POINT('Ctrl Pts',(10.3260109508403,-116.346993307236,1.34843691311751));
#7384=CARTESIAN_POINT('Ctrl Pts',(10.4224410481297,-116.746345197855,1.31943569450232));
#7385=CARTESIAN_POINT('Ctrl Pts',(10.5623157008706,-117.138311123407,1.29106893332837));
#7386=CARTESIAN_POINT('Ctrl Pts',(10.8966031882051,-117.906132156352,1.23568320508538));
#7387=CARTESIAN_POINT('Ctrl Pts',(11.7372460611021,-119.040431691807,1.15534978453651));
#7388=CARTESIAN_POINT('Ctrl Pts',(13.3463079009286,-120.08543551783,1.02043391651881));
#7389=CARTESIAN_POINT('Ctrl Pts',(14.5347600819032,-120.350462796161,1.00580761775779));
#7390=CARTESIAN_POINT('Ctrl Pts',(15.1000000000301,-120.362378544672,1.01360125680404));
#7391=CARTESIAN_POINT('Ctrl Pts',(10.2580442241976,-115.647245650973,1.40650871887368));
#7392=CARTESIAN_POINT('Ctrl Pts',(10.2581585914844,-115.659701001525,1.40561318169078));
#7393=CARTESIAN_POINT('Ctrl Pts',(10.2585110129874,-115.684623784585,1.40382054722557));
#7394=CARTESIAN_POINT('Ctrl Pts',(10.2597104668104,-115.734513928297,1.40023024559705));
#7395=CARTESIAN_POINT('Ctrl Pts',(10.2631042817991,-115.821928045704,1.39393390901372));
#7396=CARTESIAN_POINT('Ctrl Pts',(10.2750503725903,-115.997100472529,1.38129699944318));
#7397=CARTESIAN_POINT('Ctrl Pts',(10.3193922658876,-116.348156490132,1.35590360071765));
#7398=CARTESIAN_POINT('Ctrl Pts',(10.4158762502587,-116.747999478148,1.32690014777629));
#7399=CARTESIAN_POINT('Ctrl Pts',(10.555919766196,-117.140494993413,1.29848939834222));
#7400=CARTESIAN_POINT('Ctrl Pts',(10.8906868570127,-117.909408505462,1.24296749819529));
#7401=CARTESIAN_POINT('Ctrl Pts',(11.7328354673237,-119.045593732819,1.16218214309629));
#7402=CARTESIAN_POINT('Ctrl Pts',(13.3443325139981,-120.092315407973,1.02530699893602));
#7403=CARTESIAN_POINT('Ctrl Pts',(14.5342620504353,-120.357589741027,1.01032308857917));
#7404=CARTESIAN_POINT('Ctrl Pts',(15.10000000003,-120.369237218854,1.01814704859188));
#7405=CARTESIAN_POINT('Ctrl Pts',(10.2496644442739,-115.647851086393,1.41640750048619));
#7406=CARTESIAN_POINT('Ctrl Pts',(10.2497698239601,-115.660321323482,1.41551668207996));
#7407=CARTESIAN_POINT('Ctrl Pts',(10.2501047771958,-115.685274155637,1.41373326832737));
#7408=CARTESIAN_POINT('Ctrl Pts',(10.2512713074175,-115.735225483807,1.41016054983263));
#7409=CARTESIAN_POINT('Ctrl Pts',(10.2546127486807,-115.822749478507,1.40389275395981));
#7410=CARTESIAN_POINT('Ctrl Pts',(10.2664747431926,-115.998152499278,1.39130419449855));
#7411=CARTESIAN_POINT('Ctrl Pts',(10.3107284927187,-116.34971006008,1.36597406935587));
#7412=CARTESIAN_POINT('Ctrl Pts',(10.4072833547043,-116.750204650116,1.33697338597702));
#7413=CARTESIAN_POINT('Ctrl Pts',(10.5475475523626,-117.143402524312,1.30850958078625));
#7414=CARTESIAN_POINT('Ctrl Pts',(10.8829408946762,-117.913764470221,1.2528168921796));
#7415=CARTESIAN_POINT('Ctrl Pts',(11.7270546620326,-119.052447386306,1.17144389279292));
#7416=CARTESIAN_POINT('Ctrl Pts',(13.3417291269081,-120.101437406574,1.03194923293859));
#7417=CARTESIAN_POINT('Ctrl Pts',(14.533601528547,-120.367035201642,1.01647707159935));
#7418=CARTESIAN_POINT('Ctrl Pts',(15.10000000003,-120.378325176211,1.02433159015287));
#7419=CARTESIAN_POINT('Ctrl Pts',(10.2394819369847,-115.648619404281,1.42896938693216));
#7420=CARTESIAN_POINT('Ctrl Pts',(10.2395765254957,-115.661108153095,1.42808471366934));
#7421=CARTESIAN_POINT('Ctrl Pts',(10.2398905061896,-115.686098348961,1.42631332202999));
#7422=CARTESIAN_POINT('Ctrl Pts',(10.2410175088486,-115.736125742568,1.42276358320534));
#7423=CARTESIAN_POINT('Ctrl Pts',(10.2442960788138,-115.823786307248,1.41653323945983));
#7424=CARTESIAN_POINT('Ctrl Pts',(10.2560571520743,-115.999475819596,1.40400876010293));
#7425=CARTESIAN_POINT('Ctrl Pts',(10.3002053271939,-116.351656061441,1.37876534680123));
#7426=CARTESIAN_POINT('Ctrl Pts',(10.3968460358079,-116.752958751691,1.34977737889549));
#7427=CARTESIAN_POINT('Ctrl Pts',(10.5373766787619,-117.14702694588,1.32125663937113));
#7428=CARTESIAN_POINT('Ctrl Pts',(10.8735263844907,-117.919182865164,1.26536920749924));
#7429=CARTESIAN_POINT('Ctrl Pts',(11.7200163516612,-119.060955020037,1.18329042582287));
#7430=CARTESIAN_POINT('Ctrl Pts',(13.3385315013287,-120.11273711848,1.0405139686765));
#7431=CARTESIAN_POINT('Ctrl Pts',(14.5327824657005,-120.378729073209,1.02441376686307));
#7432=CARTESIAN_POINT('Ctrl Pts',(15.1000000000299,-120.389573632742,1.03229074332497));
#7433=CARTESIAN_POINT('Ctrl Pts',(10.2277501273876,-115.64955831051,1.44432036808342));
#7434=CARTESIAN_POINT('Ctrl Pts',(10.2278325484323,-115.662069115085,1.44344341097044));
#7435=CARTESIAN_POINT('Ctrl Pts',(10.2281228833803,-115.687103821604,1.44168713480645));
#7436=CARTESIAN_POINT('Ctrl Pts',(10.229205329671,-115.737221806691,1.43816637095864));
#7437=CARTESIAN_POINT('Ctrl Pts',(10.2324130533721,-115.825044959981,1.43198347151963));
#7438=CARTESIAN_POINT('Ctrl Pts',(10.2440605181352,-116.001075309612,1.41954109766405));
#7439=CARTESIAN_POINT('Ctrl Pts',(10.2880904435821,-116.353995481917,1.39441290149641));
#7440=CARTESIAN_POINT('Ctrl Pts',(10.3848301028016,-116.756256741879,1.36545435896952));
#7441=CARTESIAN_POINT('Ctrl Pts',(10.5256652456692,-117.151356013311,1.33688027236182));
#7442=CARTESIAN_POINT('Ctrl Pts',(10.8626789504673,-117.925635681713,1.28078958274952));
#7443=CARTESIAN_POINT('Ctrl Pts',(11.711885038698,-119.07105676398,1.19791377419731));
#7444=CARTESIAN_POINT('Ctrl Pts',(13.3347888938571,-120.126114655812,1.05119534273692));
#7445=CARTESIAN_POINT('Ctrl Pts',(14.5318100995372,-120.392563487895,1.0343172991734));
#7446=CARTESIAN_POINT('Ctrl Pts',(15.1000000000299,-120.402877658088,1.04219621364584));
#7447=CARTESIAN_POINT('Ctrl Pts',(10.2183938182577,-115.650353662514,1.4573242584163));
#7448=CARTESIAN_POINT('Ctrl Pts',(10.2184667796637,-115.662882709153,1.45645393184081));
#7449=CARTESIAN_POINT('Ctrl Pts',(10.2187387334873,-115.687954224063,1.45471065940962));
#7450=CARTESIAN_POINT('Ctrl Pts',(10.219786551683,-115.738147100635,1.45121488152499));
#7451=CARTESIAN_POINT('Ctrl Pts',(10.2229392406885,-115.826104605366,1.44507305564582));
#7452=CARTESIAN_POINT('Ctrl Pts',(10.2344985651793,-116.002416368592,1.4327024313272));
#7453=CARTESIAN_POINT('Ctrl Pts',(10.2784373609742,-116.355946629595,1.40767786260968));
#7454=CARTESIAN_POINT('Ctrl Pts',(10.3752560601707,-116.75899660386,1.37875439707085));
#7455=CARTESIAN_POINT('Ctrl Pts',(10.516331746187,-117.154942963619,1.35014761316992));
#7456=CARTESIAN_POINT('Ctrl Pts',(10.8540276553916,-117.930965928726,1.29391219929785));
#7457=CARTESIAN_POINT('Ctrl Pts',(11.7053802212242,-119.079374790481,1.21041620711608));
#7458=CARTESIAN_POINT('Ctrl Pts',(13.331750894382,-120.137095407377,1.06041710472703));
#7459=CARTESIAN_POINT('Ctrl Pts',(14.5310085238032,-120.403911886592,1.04287482072313));
#7460=CARTESIAN_POINT('Ctrl Pts',(15.1000000000298,-120.413788953072,1.05073612968561));
#7461=CARTESIAN_POINT('Ctrl Pts',(10.2111681858522,-115.65099701225,1.4678429336194));
#7462=CARTESIAN_POINT('Ctrl Pts',(10.2112340003786,-115.663540566916,1.46697798924031));
#7463=CARTESIAN_POINT('Ctrl Pts',(10.2114920680461,-115.688641351499,1.46524527988937));
#7464=CARTESIAN_POINT('Ctrl Pts',(10.2125137324381,-115.738893765243,1.46176983040776));
#7465=CARTESIAN_POINT('Ctrl Pts',(10.215624870388,-115.826958034993,1.45566150621454));
#7466=CARTESIAN_POINT('Ctrl Pts',(10.227117723521,-116.003493271648,1.44334975784415));
#7467=CARTESIAN_POINT('Ctrl Pts',(10.2709881789914,-116.357507427373,1.41841175362899));
#7468=CARTESIAN_POINT('Ctrl Pts',(10.367867972502,-116.761181850739,1.38952197106107));
#7469=CARTESIAN_POINT('Ctrl Pts',(10.5091279784948,-117.157798043986,1.36089569953486));
#7470=CARTESIAN_POINT('Ctrl Pts',(10.8473463457617,-117.935198495147,1.30455887023013));
#7471=CARTESIAN_POINT('Ctrl Pts',(11.7003435375032,-119.0859629642,1.22059431514993));
#7472=CARTESIAN_POINT('Ctrl Pts',(13.3293703356736,-120.145770728962,1.06797711329966));
#7473=CARTESIAN_POINT('Ctrl Pts',(14.5303724838724,-120.412873244458,1.04989623674522));
#7474=CARTESIAN_POINT('Ctrl Pts',(15.1000000000298,-120.422404281212,1.0577324901607));
#7475=CARTESIAN_POINT('Ctrl Pts',(10.2005925748735,-115.651968785012,1.48373127784173));
#7476=CARTESIAN_POINT('Ctrl Pts',(10.2006481137328,-115.664534014429,1.48287446045897));
#7477=CARTESIAN_POINT('Ctrl Pts',(10.2008862183508,-115.689678523279,1.48115770847223));
#7478=CARTESIAN_POINT('Ctrl Pts',(10.2018702913651,-115.740019858278,1.47771299823224));
#7479=CARTESIAN_POINT('Ctrl Pts',(10.2049217315249,-115.828243542486,1.47165541284125));
#7480=CARTESIAN_POINT('Ctrl Pts',(10.2163191909844,-116.005112285474,1.45943316369903));
#7481=CARTESIAN_POINT('Ctrl Pts',(10.2600921446657,-116.359847982801,1.43462817880644));
#7482=CARTESIAN_POINT('Ctrl Pts',(10.3570616930868,-116.764452316756,1.40579416016985));
#7483=CARTESIAN_POINT('Ctrl Pts',(10.4985900085555,-117.162065040557,1.37714507202748));
#7484=CARTESIAN_POINT('Ctrl Pts',(10.8375684514097,-117.941513763686,1.32067016837189));
#7485=CARTESIAN_POINT('Ctrl Pts',(11.69295893818,-119.095775772553,1.2360307099678));
#7486=CARTESIAN_POINT('Ctrl Pts',(13.3258496627296,-120.158669355283,1.0794945390534));
#7487=CARTESIAN_POINT('Ctrl Pts',(14.5294236361402,-120.426192981772,1.06059951231597));
#7488=CARTESIAN_POINT('Ctrl Pts',(15.1000000000297,-120.435208888265,1.0683877694872));
#7489=CARTESIAN_POINT('Ctrl Pts',(10.1791136278393,-115.654109296477,1.51872833098702));
#7490=CARTESIAN_POINT('Ctrl Pts',(10.1791492376439,-115.666721005927,1.51788928095305));
#7491=CARTESIAN_POINT('Ctrl Pts',(10.1793486349389,-115.691959253268,1.51620745493214));
#7492=CARTESIAN_POINT('Ctrl Pts',(10.1802598552941,-115.742491125154,1.51283017317645));
#7493=CARTESIAN_POINT('Ctrl Pts',(10.1831957082172,-115.831056145329,1.50688430199121));
#7494=CARTESIAN_POINT('Ctrl Pts',(10.1944089513704,-116.008638030297,1.49486080840074));
#7495=CARTESIAN_POINT('Ctrl Pts',(10.2379962216087,-116.36491309055,1.47035860992998));
#7496=CARTESIAN_POINT('Ctrl Pts',(10.3351487398565,-116.771494490767,1.44167183533309));
#7497=CARTESIAN_POINT('Ctrl Pts',(10.4772134071378,-117.171220771717,1.41300671991829));
#7498=CARTESIAN_POINT('Ctrl Pts',(10.8177096038606,-117.955007586771,1.35630723640873));
#7499=CARTESIAN_POINT('Ctrl Pts',(11.677884001897,-119.116646126185,1.27036024466229));
#7500=CARTESIAN_POINT('Ctrl Pts',(13.3184963573206,-120.185976973105,1.10538656391472));
#7501=CARTESIAN_POINT('Ctrl Pts',(14.5273959859406,-120.454368364037,1.0846986207691));
#7502=CARTESIAN_POINT('Ctrl Pts',(15.1000000000294,-120.462291351628,1.09232780892794));
#7503=CARTESIAN_POINT('Ctrl Pts',(10.1515817553569,-115.657506464398,1.57427153558826));
#7504=CARTESIAN_POINT('Ctrl Pts',(10.1515958986104,-115.670187768976,1.57345848027463));
#7505=CARTESIAN_POINT('Ctrl Pts',(10.1517536456904,-115.695566258443,1.57182786120179));
#7506=CARTESIAN_POINT('Ctrl Pts',(10.152586655785,-115.746382746936,1.56854987908981));
#7507=CARTESIAN_POINT('Ctrl Pts',(10.1553989379021,-115.835456502146,1.56276969920458));
#7508=CARTESIAN_POINT('Ctrl Pts',(10.1664176024997,-116.014096911964,1.55104583881759));
#7509=CARTESIAN_POINT('Ctrl Pts',(10.2098212194667,-116.3726408717,1.52702080184984));
#7510=CARTESIAN_POINT('Ctrl Pts',(10.307213153302,-116.782105169299,1.49862216979311));
#7511=CARTESIAN_POINT('Ctrl Pts',(10.4499308975628,-117.184889845474,1.47003193378548));
#7512=CARTESIAN_POINT('Ctrl Pts',(10.7922655662361,-117.974926568833,1.41322839189286));
#7513=CARTESIAN_POINT('Ctrl Pts',(11.6582480595461,-119.147054966442,1.32585853792703));
#7514=CARTESIAN_POINT('Ctrl Pts',(13.3082307705504,-120.225237648279,1.14822763672726));
#7515=CARTESIAN_POINT('Ctrl Pts',(14.5243799181284,-120.49478009992,1.12476214657715));
#7516=CARTESIAN_POINT('Ctrl Pts',(15.1000000000289,-120.50112527833,1.13197397991665));
#7517=CARTESIAN_POINT('Ctrl Pts',(10.1274457787896,-115.661686592993,1.64261603404383));
#7518=CARTESIAN_POINT('Ctrl Pts',(10.1274475629923,-115.674447937496,1.64182606355393));
#7519=CARTESIAN_POINT('Ctrl Pts',(10.1275813752018,-115.699987481868,1.64024103254454));
#7520=CARTESIAN_POINT('Ctrl Pts',(10.1283696260374,-115.751129900438,1.63705190704076));
#7521=CARTESIAN_POINT('Ctrl Pts',(10.1311117444031,-115.840783873086,1.63142120755623));
#7522=CARTESIAN_POINT('Ctrl Pts',(10.1420225911934,-116.020622478715,1.61997263812906));
#7523=CARTESIAN_POINT('Ctrl Pts',(10.1853397638895,-116.381701392203,1.59640697255194));
#7524=CARTESIAN_POINT('Ctrl Pts',(10.2829258627949,-116.794321432585,1.56834026604932));
#7525=CARTESIAN_POINT('Ctrl Pts',(10.4261325530433,-117.200404472595,1.53991982055819));
#7526=CARTESIAN_POINT('Ctrl Pts',(10.7698483885454,-117.997123926769,1.48326076101211));
#7527=CARTESIAN_POINT('Ctrl Pts',(11.6403113355355,-119.180181263297,1.39515086985115));
#7528=CARTESIAN_POINT('Ctrl Pts',(13.2975636277222,-120.266986628973,1.20317785713559));
#7529=CARTESIAN_POINT('Ctrl Pts',(14.5209238931394,-120.537580431412,1.17657539120927));
#7530=CARTESIAN_POINT('Ctrl Pts',(15.1000000000284,-120.542253129056,1.18309393319869));
#7531=CARTESIAN_POINT('Ctrl Pts',(10.1116860105654,-115.66592425086,1.71190112785166));
#7532=CARTESIAN_POINT('Ctrl Pts',(10.1116845850896,-115.678761885926,1.71112243920621));
#7533=CARTESIAN_POINT('Ctrl Pts',(10.1118121274387,-115.704454660897,1.70955980468415));
#7534=CARTESIAN_POINT('Ctrl Pts',(10.1125884290773,-115.755906075423,1.70641478007658));
#7535=CARTESIAN_POINT('Ctrl Pts',(10.1153112623643,-115.846107296597,1.70085948906728));
#7536=CARTESIAN_POINT('Ctrl Pts',(10.1261903927425,-116.027065156643,1.68955472316393));
#7537=CARTESIAN_POINT('Ctrl Pts',(10.1694748614117,-116.390471779439,1.66624958585779));
#7538=CARTESIAN_POINT('Ctrl Pts',(10.2671102889222,-116.80591002621,1.63842217842635));
#7539=CARTESIAN_POINT('Ctrl Pts',(10.4104928404706,-117.214877491878,1.61018970081055));
#7540=CARTESIAN_POINT('Ctrl Pts',(10.7547682962701,-118.017368861495,1.5538435689161));
#7541=CARTESIAN_POINT('Ctrl Pts',(11.6274263008289,-119.209503094121,1.46591686470524));
#7542=CARTESIAN_POINT('Ctrl Pts',(13.2883926819322,-120.302726463075,1.26060344894425));
#7543=CARTESIAN_POINT('Ctrl Pts',(14.5176289504671,-120.574028101636,1.23121416067355));
#7544=CARTESIAN_POINT('Ctrl Pts',(15.1000000000274,-120.577294804601,1.23692606140248));
#7545=CARTESIAN_POINT('Ctrl Pts',(10.1045695946713,-115.669479511605,1.7700291272287));
#7546=CARTESIAN_POINT('Ctrl Pts',(10.1045686778671,-115.682377577378,1.76925034270819));
#7547=CARTESIAN_POINT('Ctrl Pts',(10.1046969796963,-115.70819146739,1.76768768196464));
#7548=CARTESIAN_POINT('Ctrl Pts',(10.1054737863215,-115.759886087632,1.76454325316014));
#7549=CARTESIAN_POINT('Ctrl Pts',(10.1081949337628,-115.850515393579,1.75899069727276));
#7550=CARTESIAN_POINT('Ctrl Pts',(10.1190610369323,-116.032338560997,1.74769801747587));
#7551=CARTESIAN_POINT('Ctrl Pts',(10.1622860974295,-116.39750651682,1.72444239844819));
#7552=CARTESIAN_POINT('Ctrl Pts',(10.2598029357235,-116.815000396836,1.69672419719583));
#7553=CARTESIAN_POINT('Ctrl Pts',(10.4030731458583,-117.226011189054,1.66864295983149));
#7554=CARTESIAN_POINT('Ctrl Pts',(10.7471829831409,-118.032518605776,1.61264772536657));
#7555=CARTESIAN_POINT('Ctrl Pts',(11.6200936232321,-119.230599326652,1.5255211095887));
#7556=CARTESIAN_POINT('Ctrl Pts',(13.2817813952822,-120.327255564246,1.30983081209285));
#7557=CARTESIAN_POINT('Ctrl Pts',(14.5150155884487,-120.598858930466,1.27845000235451));
#7558=CARTESIAN_POINT('Ctrl Pts',(15.1000000000272,-120.601196145578,1.28345813853868));
#7559=CARTESIAN_POINT('Ctrl Pts',(10.1019718100174,-115.671975758016,1.8108423953203));
#7560=CARTESIAN_POINT('Ctrl Pts',(10.1019713327164,-115.684914552445,1.81006018729633));
#7561=CARTESIAN_POINT('Ctrl Pts',(10.1021002116824,-115.710809926999,1.80849090672373));
#7562=CARTESIAN_POINT('Ctrl Pts',(10.1028769798208,-115.762667604741,1.80533412956974));
#7563=CARTESIAN_POINT('Ctrl Pts',(10.1055950093502,-115.853582452976,1.79976229210244));
#7564=CARTESIAN_POINT('Ctrl Pts',(10.1164432104146,-116.035977090726,1.78844016622795));
#7565=CARTESIAN_POINT('Ctrl Pts',(10.1595903321128,-116.402286678294,1.76516071499716));
#7566=CARTESIAN_POINT('Ctrl Pts',(10.2569434773326,-116.821068605646,1.73748867849192));
#7567=CARTESIAN_POINT('Ctrl Pts',(10.400022987045,-117.233323462166,1.70951360436297));
#7568=CARTESIAN_POINT('Ctrl Pts',(10.743757262991,-118.042231206884,1.653801448564));
#7569=CARTESIAN_POINT('Ctrl Pts',(11.6162530832402,-119.243634595519,1.56747943242307));
#7570=CARTESIAN_POINT('Ctrl Pts',(13.2775687941402,-120.341697724623,1.34476459983114));
#7571=CARTESIAN_POINT('Ctrl Pts',(14.51325480624,-120.613359362005,1.31213300161302));
#7572=CARTESIAN_POINT('Ctrl Pts',(15.1000000000269,-120.61517018243,1.31665694199277));
#7573=CARTESIAN_POINT('Ctrl Pts',(10.1010214802748,-115.673404593527,1.8342036494418));
#7574=CARTESIAN_POINT('Ctrl Pts',(10.1010212208183,-115.686366226827,1.83341881736094));
#7575=CARTESIAN_POINT('Ctrl Pts',(10.1011503365189,-115.712307252751,1.83184444066802));
#7576=CARTESIAN_POINT('Ctrl Pts',(10.101926798198,-115.764256120822,1.82867807294014));
#7577=CARTESIAN_POINT('Ctrl Pts',(10.1046422845762,-115.855330235644,1.82309101703858));
#7578=CARTESIAN_POINT('Ctrl Pts',(10.1154777106411,-116.038041969882,1.81174459395759));
#7579=CARTESIAN_POINT('Ctrl Pts',(10.1585712553814,-116.404978694525,1.7884401477255));
#7580=CARTESIAN_POINT('Ctrl Pts',(10.2558123967233,-116.824454984802,1.76078909913379));
#7581=CARTESIAN_POINT('Ctrl Pts',(10.3987581074811,-117.237369385915,1.73287579519737));
#7582=CARTESIAN_POINT('Ctrl Pts',(10.7422207275835,-118.047535403559,1.67733527354576));
#7583=CARTESIAN_POINT('Ctrl Pts',(11.6143514379238,-119.250605246653,1.59152750603631));
#7584=CARTESIAN_POINT('Ctrl Pts',(13.2752615186038,-120.349196592453,1.36484043205191));
#7585=CARTESIAN_POINT('Ctrl Pts',(14.5122681008714,-120.620847568838,1.33152679559261));
#7586=CARTESIAN_POINT('Ctrl Pts',(15.1000000000269,-120.622390902924,1.33577780500684));
#7587=CARTESIAN_POINT('Ctrl Pts',(10.1003771771441,-115.674835179943,1.85759353058183));
#7588=CARTESIAN_POINT('Ctrl Pts',(10.1003770748847,-115.687819365925,1.8568057044909));
#7589=CARTESIAN_POINT('Ctrl Pts',(10.1005062934505,-115.71380544432,1.85522550499133));
#7590=CARTESIAN_POINT('Ctrl Pts',(10.1012821276785,-115.765844196006,1.85204814397241));
#7591=CARTESIAN_POINT('Ctrl Pts',(10.1039943751982,-115.857075013565,1.84644354897965));
#7592=CARTESIAN_POINT('Ctrl Pts',(10.11481510419,-116.040097628586,1.83506871153565));
#7593=CARTESIAN_POINT('Ctrl Pts',(10.1578492140554,-116.407644954281,1.81173306903854));
#7594=CARTESIAN_POINT('Ctrl Pts',(10.2549674176211,-116.827788275682,1.7841002052686));
#7595=CARTESIAN_POINT('Ctrl Pts',(10.3977649263251,-117.241328369235,1.75624943651031));
#7596=CARTESIAN_POINT('Ctrl Pts',(10.7409233221446,-118.05267805459,1.70088644791784));
#7597=CARTESIAN_POINT('Ctrl Pts',(11.612618202114,-119.257262509273,1.61562441667949));
#7598=CARTESIAN_POINT('Ctrl Pts',(13.2730138689579,-120.356200593741,1.38498467101699));
#7599=CARTESIAN_POINT('Ctrl Pts',(14.5112943208054,-120.627812595955,1.35100821690165));
#7600=CARTESIAN_POINT('Ctrl Pts',(15.1000000000268,-120.629110108254,1.35498956177425));
#7601=CARTESIAN_POINT('Ctrl Pts',(10.1000430518278,-115.676627175951,1.88689240635027));
#7602=CARTESIAN_POINT('Ctrl Pts',(10.1000430522726,-115.689639024093,1.88610030479535));
#7603=CARTESIAN_POINT('Ctrl Pts',(10.1001721924481,-115.715680309957,1.88451178034258));
#7604=CARTESIAN_POINT('Ctrl Pts',(10.1009467522885,-115.767829007538,1.88131866338206));
#7605=CARTESIAN_POINT('Ctrl Pts',(10.1036538948642,-115.859250979188,1.87568882206044));
#7606=CARTESIAN_POINT('Ctrl Pts',(10.1144533620082,-116.042650773814,1.8642726206527));
#7607=CARTESIAN_POINT('Ctrl Pts',(10.1574044094924,-116.410930967576,1.84088936292195));
#7608=CARTESIAN_POINT('Ctrl Pts',(10.2543526988383,-116.831858071369,1.8132759070226));
#7609=CARTESIAN_POINT('Ctrl Pts',(10.3969437467328,-117.246118865922,1.78550552773711));
#7610=CARTESIAN_POINT('Ctrl Pts',(10.7396738339527,-118.058812542345,1.73037546781796));
#7611=CARTESIAN_POINT('Ctrl Pts',(11.610718897626,-119.265011740612,1.64584608697216));
#7612=CARTESIAN_POINT('Ctrl Pts',(13.2703049484082,-120.364052751972,1.41028674778086));
#7613=CARTESIAN_POINT('Ctrl Pts',(14.5101012457405,-120.6355610407,1.37551013673025));
#7614=CARTESIAN_POINT('Ctrl Pts',(15.1000000000267,-120.636590096962,1.37915950876098));
#7615=CARTESIAN_POINT('Ctrl Pts',(10.1000419428149,-115.678066270791,1.91042139900366));
#7616=CARTESIAN_POINT('Ctrl Pts',(10.100041942486,-115.691099694488,1.90962553534529));
#7617=CARTESIAN_POINT('Ctrl Pts',(10.1001708466477,-115.717183990465,1.90802968093848));
#7618=CARTESIAN_POINT('Ctrl Pts',(10.1009440102431,-115.769418133222,1.90482266807789));
#7619=CARTESIAN_POINT('Ctrl Pts',(10.1036463319811,-115.860988130378,1.89917050330333));
#7620=CARTESIAN_POINT('Ctrl Pts',(10.1144270096305,-116.044677891944,1.88771747368372));
#7621=CARTESIAN_POINT('Ctrl Pts',(10.1573068691104,-116.413513380777,1.86429067311726));
#7622=CARTESIAN_POINT('Ctrl Pts',(10.2541113173866,-116.835016719706,1.83669075455618));
#7623=CARTESIAN_POINT('Ctrl Pts',(10.3965272279586,-117.249791280849,1.8089861827517));
#7624=CARTESIAN_POINT('Ctrl Pts',(10.7388924707192,-118.06342206227,1.75404990675542));
#7625=CARTESIAN_POINT('Ctrl Pts',(11.6093706005567,-119.270633699029,1.6701415673524));
#7626=CARTESIAN_POINT('Ctrl Pts',(13.2682172364568,-120.36942110408,1.43063770470735));
#7627=CARTESIAN_POINT('Ctrl Pts',(14.5091723645351,-120.64079235543,1.39524093103197));
#7628=CARTESIAN_POINT('Ctrl Pts',(15.1000000000266,-120.641644343959,1.39863034809303));
#7629=CARTESIAN_POINT('Ctrl Pts',(10.1000414296164,-115.681319231223,1.96360683198174));
#7630=CARTESIAN_POINT('Ctrl Pts',(10.1000414299443,-115.694400669433,1.96280219307175));
#7631=CARTESIAN_POINT('Ctrl Pts',(10.1001698133597,-115.720580621603,1.96118923440169));
#7632=CARTESIAN_POINT('Ctrl Pts',(10.100939877231,-115.773004596786,1.95794978203409));
#7633=CARTESIAN_POINT('Ctrl Pts',(10.1036314807373,-115.86490289181,1.95224544794139));
#7634=CARTESIAN_POINT('Ctrl Pts',(10.1143703542268,-116.049233565425,1.94070613719711));
#7635=CARTESIAN_POINT('Ctrl Pts',(10.1570917959623,-116.419287652429,1.91717623733543));
#7636=CARTESIAN_POINT('Ctrl Pts',(10.2535762441307,-116.842036835027,1.889604716761));
#7637=CARTESIAN_POINT('Ctrl Pts',(10.3956029975319,-117.257905759009,1.86204970222861));
#7638=CARTESIAN_POINT('Ctrl Pts',(10.7371586456938,-118.07350835167,1.80755600157212));
#7639=CARTESIAN_POINT('Ctrl Pts',(11.6063863033835,-119.282711780151,1.72507233061343));
#7640=CARTESIAN_POINT('Ctrl Pts',(13.2635674790846,-120.380587363411,1.47664394068947));
#7641=CARTESIAN_POINT('Ctrl Pts',(14.5071069960826,-120.651587233959,1.43985163646085));
#7642=CARTESIAN_POINT('Ctrl Pts',(15.1000000000264,-120.652078329637,1.44265348162388));
#7643=CARTESIAN_POINT('Ctrl Pts',(10.1000406039989,-115.685116459293,2.0256909621887));
#7644=CARTESIAN_POINT('Ctrl Pts',(10.100040603686,-115.698251889676,2.02487565699022));
#7645=CARTESIAN_POINT('Ctrl Pts',(10.1001684040133,-115.724539175613,2.02324194127837));
#7646=CARTESIAN_POINT('Ctrl Pts',(10.1009350046798,-115.777175211633,2.01996323994817));
#7647=CARTESIAN_POINT('Ctrl Pts',(10.1036146451257,-115.869437806378,2.01419613094383));
#7648=CARTESIAN_POINT('Ctrl Pts',(10.1143068866104,-116.054469966963,2.00255444556433));
#7649=CARTESIAN_POINT('Ctrl Pts',(10.1568517707005,-116.425819943776,1.9789090388634));
#7650=CARTESIAN_POINT('Ctrl Pts',(10.2529802675077,-116.849810287867,1.95139311548153));
#7651=CARTESIAN_POINT('Ctrl Pts',(10.3945761891408,-117.266690452576,1.9240486560077));
#7652=CARTESIAN_POINT('Ctrl Pts',(10.7352403091438,-118.0840055249,1.8701600762285));
#7653=CARTESIAN_POINT('Ctrl Pts',(11.6031238162109,-119.294322144424,1.78956516870422));
#7654=CARTESIAN_POINT('Ctrl Pts',(13.2583701541477,-120.389661275032,1.53072934612914));
#7655=CARTESIAN_POINT('Ctrl Pts',(14.5048133275077,-120.659972813476,1.49239294901054));
#7656=CARTESIAN_POINT('Ctrl Pts',(15.1000000000259,-120.660197930296,1.49452342658615));
#7657=CARTESIAN_POINT('Ctrl Pts',(10.1000404186217,-115.690179317649,2.1084679646004));
#7658=CARTESIAN_POINT('Ctrl Pts',(10.1000404189107,-115.703382763302,2.10763777325564));
#7659=CARTESIAN_POINT('Ctrl Pts',(10.1001674950678,-115.729804982012,2.10597517985169));
#7660=CARTESIAN_POINT('Ctrl Pts',(10.1009297944592,-115.782706515277,2.10264226667949));
#7661=CARTESIAN_POINT('Ctrl Pts',(10.1035945657848,-115.87542231864,2.09678949895586));
#7662=CARTESIAN_POINT('Ctrl Pts',(10.1142288612367,-116.061315669498,2.08501262326558));
#7663=CARTESIAN_POINT('Ctrl Pts',(10.1565544935085,-116.43421073446,2.061235564811));
#7664=CARTESIAN_POINT('Ctrl Pts',(10.2522423741414,-116.859577113107,2.03385991773455));
#7665=CARTESIAN_POINT('Ctrl Pts',(10.3933093874574,-117.277474541647,2.00689375753919));
#7666=CARTESIAN_POINT('Ctrl Pts',(10.7328883148869,-118.096354039152,1.95404097100451));
#7667=CARTESIAN_POINT('Ctrl Pts',(11.5992008021376,-119.306734017634,1.87648946407368));
#7668=CARTESIAN_POINT('Ctrl Pts',(13.2518914544334,-120.397007727229,1.60378588771429));
#7669=CARTESIAN_POINT('Ctrl Pts',(14.501983728321,-120.666139180775,1.5632631460212));
#7670=CARTESIAN_POINT('Ctrl Pts',(15.1000000000259,-120.666203176619,1.56429119830057));
#7671=CARTESIAN_POINT('Ctrl Pts',(10.1000401980931,-115.692710761631,2.14985670787574));
#7672=CARTESIAN_POINT('Ctrl Pts',(10.1000401976799,-115.705946912827,2.14901888074614));
#7673=CARTESIAN_POINT('Ctrl Pts',(10.1001669274276,-115.732433967187,2.14734151731126));
#7674=CARTESIAN_POINT('Ctrl Pts',(10.1009271758262,-115.78546287983,2.14398104715807));
#7675=CARTESIAN_POINT('Ctrl Pts',(10.1035848652253,-115.878395616569,2.13808521181864));
#7676=CARTESIAN_POINT('Ctrl Pts',(10.1141915820707,-116.064699148716,2.12624240601007));
#7677=CARTESIAN_POINT('Ctrl Pts',(10.1564129684356,-116.438321924218,2.10241096955626));
#7678=CARTESIAN_POINT('Ctrl Pts',(10.251891836344,-116.864317068818,2.0751349358027));
#7679=CARTESIAN_POINT('Ctrl Pts',(10.3927093896805,-117.282658164433,2.0483994853725));
#7680=CARTESIAN_POINT('Ctrl Pts',(10.7317798019771,-118.102184455772,1.99616080356171));
#7681=CARTESIAN_POINT('Ctrl Pts',(11.5973793362965,-119.312354797829,1.9203446060177));
#7682=CARTESIAN_POINT('Ctrl Pts',(13.248801100026,-120.399822381519,1.64073775712487));
#7683=CARTESIAN_POINT('Ctrl Pts',(14.5006441590747,-120.668338588826,1.59903529816596));
#7684=CARTESIAN_POINT('Ctrl Pts',(15.1000000000258,-120.668360850016,1.59940026631757));
#7685=CARTESIAN_POINT('Ctrl Pts',(10.1000390523613,-115.697793651731,2.23296122647514));
#7686=CARTESIAN_POINT('Ctrl Pts',(10.1000390539332,-115.711094187268,2.23210790512028));
#7687=CARTESIAN_POINT('Ctrl Pts',(10.100165113577,-115.737708885868,2.23040062247855));
#7688=CARTESIAN_POINT('Ctrl Pts',(10.1009213605515,-115.790988607517,2.22698453356232));
#7689=CARTESIAN_POINT('Ctrl Pts',(10.1035652143999,-115.884348570554,2.22100234605713));
#7690=CARTESIAN_POINT('Ctrl Pts',(10.1141180096658,-116.071460248052,2.20902982870689));
#7691=CARTESIAN_POINT('Ctrl Pts',(10.1561355954733,-116.446518091462,2.18510373968648));
#7692=CARTESIAN_POINT('Ctrl Pts',(10.2512061752328,-116.873756018785,2.1580627770316));
#7693=CARTESIAN_POINT('Ctrl Pts',(10.3915377076839,-117.292976581187,2.13183900496165));
#7694=CARTESIAN_POINT('Ctrl Pts',(10.7296208409874,-118.113788759341,2.08094473661817));
#7695=CARTESIAN_POINT('Ctrl Pts',(11.5938605711504,-119.323566470769,2.00885606242473));
#7696=CARTESIAN_POINT('Ctrl Pts',(13.2427440155987,-120.405450663349,1.71545144357925));
#7697=CARTESIAN_POINT('Ctrl Pts',(14.4980290146561,-120.672756336347,1.67127451371805));
#7698=CARTESIAN_POINT('Ctrl Pts',(15.1000000000253,-120.672689040463,1.67017390993768));
#7699=CARTESIAN_POINT('Ctrl Pts',(10.1000354728186,-115.713062313755,2.48260164408158));
#7700=CARTESIAN_POINT('Ctrl Pts',(10.1000354693924,-115.726544619348,2.4817002966863));
#7701=CARTESIAN_POINT('Ctrl Pts',(10.1001596418326,-115.753519754456,2.47990036682618));
#7702=CARTESIAN_POINT('Ctrl Pts',(10.1009046998539,-115.807507982169,2.47631241635895));
#7703=CARTESIAN_POINT('Ctrl Pts',(10.1035099478032,-115.902075546216,2.47006442754442));
#7704=CARTESIAN_POINT('Ctrl Pts',(10.1139124940938,-116.091474434472,2.45769714274381));
#7705=CARTESIAN_POINT('Ctrl Pts',(10.1553631559125,-116.47060509044,2.43350574668809));
#7706=CARTESIAN_POINT('Ctrl Pts',(10.2493024796469,-116.901394324157,2.40725259533293));
#7707=CARTESIAN_POINT('Ctrl Pts',(10.3883006828782,-117.323149618586,2.38269359380383));
#7708=CARTESIAN_POINT('Ctrl Pts',(10.7237058283003,-118.147699458222,2.33614470216292));
#7709=CARTESIAN_POINT('Ctrl Pts',(11.5844726548273,-119.356537445158,2.27598705256311));
#7710=CARTESIAN_POINT('Ctrl Pts',(13.2258082503526,-120.422116198494,1.9404893538811));
#7711=CARTESIAN_POINT('Ctrl Pts',(14.490808885894,-120.686050326785,1.88859177462907));
#7712=CARTESIAN_POINT('Ctrl Pts',(15.1000000000236,-120.685694501561,1.88277429704093));
#7713=CARTESIAN_POINT('Ctrl Pts',(10.1000153007138,-115.743600534215,2.9818971360441));
#7714=CARTESIAN_POINT('Ctrl Pts',(10.100015307233,-115.757358282061,2.98089437882487));
#7715=CARTESIAN_POINT('Ctrl Pts',(10.100136847082,-115.78488012926,2.97889948511315));
#7716=CARTESIAN_POINT('Ctrl Pts',(10.1008660435475,-115.839945097747,2.97495249430323));
#7717=CARTESIAN_POINT('Ctrl Pts',(10.1034165587048,-115.936353355756,2.96815667154589));
#7718=CARTESIAN_POINT('Ctrl Pts',(10.1136063190196,-116.129259968195,2.95500848060199));
#7719=CARTESIAN_POINT('Ctrl Pts',(10.1542592580311,-116.514720211085,2.93046054055871));
#7720=CARTESIAN_POINT('Ctrl Pts',(10.2466377075498,-116.951206246418,2.906301599509));
#7721=CARTESIAN_POINT('Ctrl Pts',(10.38389411907,-117.377183540132,2.8858337419087));
#7722=CARTESIAN_POINT('Ctrl Pts',(10.7160353632552,-118.208185066533,2.84977169347848));
#7723=CARTESIAN_POINT('Ctrl Pts',(11.5742499217638,-119.416829668933,2.81763685755303));
#7724=CARTESIAN_POINT('Ctrl Pts',(13.2012267255531,-120.453550755565,2.3938624898783));
#7725=CARTESIAN_POINT('Ctrl Pts',(14.4810237999332,-120.712744754621,2.32492214954035));
#7726=CARTESIAN_POINT('Ctrl Pts',(15.1000000000161,-120.711708707698,2.30798280654594));
#7727=CARTESIAN_POINT('Ctrl Pts',(10.1000012121142,-115.78558928028,3.66840706637716));
#7728=CARTESIAN_POINT('Ctrl Pts',(10.1000012016627,-115.7995497598,3.66729874789159));
#7729=CARTESIAN_POINT('Ctrl Pts',(10.1001209601648,-115.827475048303,3.66510228100733));
#7730=CARTESIAN_POINT('Ctrl Pts',(10.1008396499613,-115.883338724145,3.66078982301096));
#7731=CARTESIAN_POINT('Ctrl Pts',(10.1033541916052,-115.981123186222,3.65345246047126));
#7732=CARTESIAN_POINT('Ctrl Pts',(10.1134056094785,-116.176694663695,3.63960483069413));
#7733=CARTESIAN_POINT('Ctrl Pts',(10.153551292022,-116.567126653987,3.61512690228691));
#7734=CARTESIAN_POINT('Ctrl Pts',(10.2450070831161,-117.008428570727,3.59410123667309));
#7735=CARTESIAN_POINT('Ctrl Pts',(10.3814543349345,-117.438260960229,3.57921247471233));
#7736=CARTESIAN_POINT('Ctrl Pts',(10.7126173708692,-118.275543454806,3.55712839143695));
#7737=CARTESIAN_POINT('Ctrl Pts',(11.5742054558568,-119.486353301699,3.56117468967741));
#7738=CARTESIAN_POINT('Ctrl Pts',(13.1841590022817,-120.492678279136,3.01402468967255));
#7739=CARTESIAN_POINT('Ctrl Pts',(14.4756715936699,-120.749326709862,2.92295165447069));
#7740=CARTESIAN_POINT('Ctrl Pts',(15.1000000000117,-120.747472333315,2.89263294188377));
#7741=CARTESIAN_POINT('Ctrl Pts',(10.0999790456526,-115.823761162695,4.29251182782914));
#7742=CARTESIAN_POINT('Ctrl Pts',(10.0999790652774,-115.83777293539,4.29140756680551));
#7743=CARTESIAN_POINT('Ctrl Pts',(10.1000983760065,-115.865801217212,4.28922153644359));
#7744=CARTESIAN_POINT('Ctrl Pts',(10.1008140453462,-115.92187237916,4.28493901177357));
#7745=CARTESIAN_POINT('Ctrl Pts',(10.103318163083,-116.020023689701,4.27767783760678));
#7746=CARTESIAN_POINT('Ctrl Pts',(10.11332991477,-116.216341643361,4.26407613508121));
#7747=CARTESIAN_POINT('Ctrl Pts',(10.1533388151025,-116.608302698953,4.24045367738791));
#7748=CARTESIAN_POINT('Ctrl Pts',(10.2446028591934,-117.051356843214,4.22118295882482));
#7749=CARTESIAN_POINT('Ctrl Pts',(10.3810795392499,-117.482791372945,4.20871993664677));
#7750=CARTESIAN_POINT('Ctrl Pts',(10.7129014242855,-118.322919222659,4.19230275933185));
#7751=CARTESIAN_POINT('Ctrl Pts',(11.5796473830059,-119.535984556354,4.20970733864916));
#7752=CARTESIAN_POINT('Ctrl Pts',(13.1782389138415,-120.524671681289,3.55915288080277));
#7753=CARTESIAN_POINT('Ctrl Pts',(14.4749306207538,-120.781956725936,3.45635306011599));
#7754=CARTESIAN_POINT('Ctrl Pts',(15.100000000006,-120.77998626885,3.42413632092237));
#7755=CARTESIAN_POINT('Ctrl Pts',(10.0999450060582,-115.854298453934,4.79179212667974));
#7756=CARTESIAN_POINT('Ctrl Pts',(10.0999449738703,-115.868301364542,4.79078999089383));
#7757=CARTESIAN_POINT('Ctrl Pts',(10.1000638552165,-115.896312621399,4.78880318200025));
#7758=CARTESIAN_POINT('Ctrl Pts',(10.1007773000223,-115.95235245259,4.78489914269149));
#7759=CARTESIAN_POINT('Ctrl Pts',(10.1032741998335,-116.050455954971,4.77824874584277));
#7760=CARTESIAN_POINT('Ctrl Pts',(10.1132591566891,-116.246705046228,4.76566763912445));
#7761=CARTESIAN_POINT('Ctrl Pts',(10.153174925817,-116.638626178131,4.74332699694064));
#7762=CARTESIAN_POINT('Ctrl Pts',(10.2442938997938,-117.081811337898,4.72398510396033));
#7763=CARTESIAN_POINT('Ctrl Pts',(10.3807232784103,-117.513460153716,4.71031482951732));
#7764=CARTESIAN_POINT('Ctrl Pts',(10.7127409477268,-118.354040743216,4.69025389545536));
#7765=CARTESIAN_POINT('Ctrl Pts',(11.5818253435143,-119.567736322948,4.69636256107906));
#7766=CARTESIAN_POINT('Ctrl Pts',(13.1745872200429,-120.548519834865,3.97484481434101));
#7767=CARTESIAN_POINT('Ctrl Pts',(14.4742366691275,-120.807379467453,3.87194709034418));
#7768=CARTESIAN_POINT('Ctrl Pts',(15.1000000000023,-120.805996594084,3.84933734287238));
#7769=CARTESIAN_POINT('Ctrl Pts',(10.0999617031013,-115.869567106841,5.04143239523339));
#7770=CARTESIAN_POINT('Ctrl Pts',(10.099961772045,-115.883553940945,5.04052079245976));
#7771=CARTESIAN_POINT('Ctrl Pts',(10.1000806223201,-115.91153335699,5.03870972957076));
#7772=CARTESIAN_POINT('Ctrl Pts',(10.1007930396049,-115.967510732171,5.03513611474721));
#7773=CARTESIAN_POINT('Ctrl Pts',(10.1032857322732,-116.065508126357,5.0290093990456));
#7774=CARTESIAN_POINT('Ctrl Pts',(10.1132530417656,-116.261557406644,5.01726278255884));
#7775=CARTESIAN_POINT('Ctrl Pts',(10.1531009075632,-116.65312612593,4.99578347191154));
#7776=CARTESIAN_POINT('Ctrl Pts',(10.2440881476685,-117.09600406357,4.97577861514866));
#7777=CARTESIAN_POINT('Ctrl Pts',(10.3803810949302,-117.527416575629,4.9601958352179));
#7778=CARTESIAN_POINT('Ctrl Pts',(10.7121727621237,-118.367598269363,4.93492911826117));
#7779=CARTESIAN_POINT('Ctrl Pts',(11.5813106563713,-119.580993340326,4.92635167984725));
#7780=CARTESIAN_POINT('Ctrl Pts',(13.1723503131259,-120.55992874472,4.1743543838613));
#7781=CARTESIAN_POINT('Ctrl Pts',(14.473426639753,-120.819813169425,4.07520757888382));
#7782=CARTESIAN_POINT('Ctrl Pts',(15.1000000000006,-120.819001539507,4.06193752784003));
#7783=CARTESIAN_POINT('Ctrl Pts',(10.0998978198127,-115.878618236422,5.18941705583023));
#7784=CARTESIAN_POINT('Ctrl Pts',(10.0998976949813,-115.892593562592,5.18857268545735));
#7785=CARTESIAN_POINT('Ctrl Pts',(10.1000159790469,-115.920550088409,5.18689194920288));
#7786=CARTESIAN_POINT('Ctrl Pts',(10.1007265480446,-115.976482180959,5.18356262165386));
#7787=CARTESIAN_POINT('Ctrl Pts',(10.1032141807771,-116.074401633452,5.17782098592757));
#7788=CARTESIAN_POINT('Ctrl Pts',(10.1131643358026,-116.270300176466,5.16667899705916));
#7789=CARTESIAN_POINT('Ctrl Pts',(10.1529521836309,-116.661587589057,5.1457803088864));
#7790=CARTESIAN_POINT('Ctrl Pts',(10.2438233256522,-117.104187880931,5.12515480753506));
#7791=CARTESIAN_POINT('Ctrl Pts',(10.3799774236521,-117.535362125674,5.10797257494742));
#7792=CARTESIAN_POINT('Ctrl Pts',(10.7114834798006,-118.37511675502,5.07842054398877));
#7793=CARTESIAN_POINT('Ctrl Pts',(11.5801985391663,-119.588084558021,5.05795219892993));
#7794=CARTESIAN_POINT('Ctrl Pts',(13.1706568316874,-120.566558458818,4.28969454406434));
#7795=CARTESIAN_POINT('Ctrl Pts',(14.4726819423937,-120.827086086756,4.19411095261283));
#7796=CARTESIAN_POINT('Ctrl Pts',(15.1000000000002,-120.826710333034,4.18796743681657));
#7797=CARTESIAN_POINT('Ctrl Pts',(10.1023520587235,-115.882448745511,5.25204532583952));
#7798=CARTESIAN_POINT('Ctrl Pts',(10.1023553807849,-115.896423393364,5.25127987945759));
#7799=CARTESIAN_POINT('Ctrl Pts',(10.1024802657607,-115.924378476865,5.2497534936713));
#7800=CARTESIAN_POINT('Ctrl Pts',(10.1032030086841,-115.980307345168,5.24671900757194));
#7801=CARTESIAN_POINT('Ctrl Pts',(10.1057091093055,-116.078220275566,5.24145735611263));
#7802=CARTESIAN_POINT('Ctrl Pts',(10.1156853513809,-116.274102337474,5.23113437664859));
#7803=CARTESIAN_POINT('Ctrl Pts',(10.1554831943976,-116.66534372572,5.21133403936297));
#7804=CARTESIAN_POINT('Ctrl Pts',(10.2462811589398,-117.107864603155,5.19084033370371));
#7805=CARTESIAN_POINT('Ctrl Pts',(10.3823014018122,-117.538938716478,5.17288673049695));
#7806=CARTESIAN_POINT('Ctrl Pts',(10.713466716184,-118.378469922883,5.14074368900411));
#7807=CARTESIAN_POINT('Ctrl Pts',(11.5812771499179,-119.590969724645,5.11103281148449));
#7808=CARTESIAN_POINT('Ctrl Pts',(13.1705020615074,-120.568809962421,4.32880129670549));
#7809=CARTESIAN_POINT('Ctrl Pts',(14.4724333957183,-120.829357508924,4.23124838589291));
#7810=CARTESIAN_POINT('Ctrl Pts',(15.1000000000002,-120.829123885857,4.22742867877575));
#7811=CARTESIAN_POINT('Ctrl Pts',(10.1087245718942,-115.885259324636,5.29799788834543));
#7812=CARTESIAN_POINT('Ctrl Pts',(10.1087469646619,-115.899232848996,5.2973118633612));
#7813=CARTESIAN_POINT('Ctrl Pts',(10.1089091726641,-115.927185654965,5.29594167346415));
#7814=CARTESIAN_POINT('Ctrl Pts',(10.1097031759722,-115.983109848817,5.29320911169477));
#7815=CARTESIAN_POINT('Ctrl Pts',(10.1123253713042,-116.081014290494,5.28844861835295));
#7816=CARTESIAN_POINT('Ctrl Pts',(10.1224998002809,-116.276878187142,5.27902139861508));
#7817=CARTESIAN_POINT('Ctrl Pts',(10.1625645836562,-116.66807885708,5.26060441199445));
#7818=CARTESIAN_POINT('Ctrl Pts',(10.2533952272493,-117.110544826892,5.24084162621808));
#7819=CARTESIAN_POINT('Ctrl Pts',(10.3892231051283,-117.541558963451,5.22293449493313));
#7820=CARTESIAN_POINT('Ctrl Pts',(10.7197487600374,-118.380965938342,5.19008432702205));
#7821=CARTESIAN_POINT('Ctrl Pts',(11.5853047029768,-119.593252938954,5.15537579262408));
#7822=CARTESIAN_POINT('Ctrl Pts',(13.1710429526683,-120.570921292269,4.36557493348262));
#7823=CARTESIAN_POINT('Ctrl Pts',(14.4721513581182,-120.831617367984,4.26819583106543));
#7824=CARTESIAN_POINT('Ctrl Pts',(15.1000000000001,-120.831537501659,4.26689003025201));
#7825=CARTESIAN_POINT('Ctrl Pts',(10.1096820622798,-115.885676327639,5.30481582716319));
#7826=CARTESIAN_POINT('Ctrl Pts',(10.1097072495458,-115.899647635786,5.30414132558019));
#7827=CARTESIAN_POINT('Ctrl Pts',(10.1098748858408,-115.927596082776,5.30279436373021));
#7828=CARTESIAN_POINT('Ctrl Pts',(10.1106791838821,-115.983511849844,5.30010897296807));
#7829=CARTESIAN_POINT('Ctrl Pts',(10.1133178405608,-116.0814023036,5.29543290323959));
#7830=CARTESIAN_POINT('Ctrl Pts',(10.1235192407217,-116.277241212953,5.28618194135209));
#7831=CARTESIAN_POINT('Ctrl Pts',(10.1636147592779,-116.668403489355,5.2681464970415));
#7832=CARTESIAN_POINT('Ctrl Pts',(10.2544335468272,-117.110850338618,5.2488831728868));
#7833=CARTESIAN_POINT('Ctrl Pts',(10.3902144929034,-117.54186669569,5.23153320778134));
#7834=CARTESIAN_POINT('Ctrl Pts',(10.720602535068,-118.381304181833,5.19986647489295));
#7835=CARTESIAN_POINT('Ctrl Pts',(11.585720122394,-119.593773460934,5.16744356484531));
#7836=CARTESIAN_POINT('Ctrl Pts',(13.170919927582,-120.571822466431,4.38135699389016));
#7837=CARTESIAN_POINT('Ctrl Pts',(14.4720012801939,-120.832744278139,4.28662065130645));
#7838=CARTESIAN_POINT('Ctrl Pts',(15.1000000000001,-120.832744278139,4.28662065130645));
#7839=CARTESIAN_POINT('',(11.1000000000001,-115.633007545409,1.17371775438133));
#7840=CARTESIAN_POINT('',(10.8500000000001,-115.633007545409,1.17371775438133));
#7841=CARTESIAN_POINT('',(66.3624999999997,-115.633007545409,1.17371775438133));
#7842=CARTESIAN_POINT('',(15.1000000000001,-119.625546739096,0.929523596241901));
#7843=CARTESIAN_POINT('Origin',(15.1000000000001,-115.633007545409,1.17371775438137));
#7844=CARTESIAN_POINT('',(15.1000000000001,-119.875080438701,0.914261461358187));
#7845=CARTESIAN_POINT('',(15.1000000000001,-93.4132793399169,2.53273455046085));
#7846=CARTESIAN_POINT('',(15.1000000000001,-120.669467942169,1.61707615552344));
#7847=CARTESIAN_POINT('Ctrl Pts',(15.1000000000001,-120.669467942169,1.61707615552344));
#7848=CARTESIAN_POINT('Ctrl Pts',(15.1000000000001,-120.662618312051,1.50508569302292));
#7849=CARTESIAN_POINT('Ctrl Pts',(15.1000000000001,-120.640115403437,1.28335579940545));
#7850=CARTESIAN_POINT('Ctrl Pts',(15.1000000000001,-120.427222090739,1.03694290784544));
#7851=CARTESIAN_POINT('Ctrl Pts',(15.1000000000001,-120.15403715621,0.905067096165522));
#7852=CARTESIAN_POINT('Ctrl Pts',(15.1000000000001,-119.987070901202,0.90741183123977));
#7853=CARTESIAN_POINT('Ctrl Pts',(15.1000000000001,-119.875080438701,0.914261461358168));
#7854=CARTESIAN_POINT('',(15.1000000000001,-120.832744278139,4.28662065130645));
#7855=CARTESIAN_POINT('',(15.1000000000001,-120.623681537518,0.868475056707043));
#7856=CARTESIAN_POINT('',(10.1096820622798,-115.885676327639,5.30481582716319));
#7857=CARTESIAN_POINT('Ctrl Pts',(10.1096820622798,-115.885676327638,5.30481582716319));
#7858=CARTESIAN_POINT('Ctrl Pts',(10.1108910510473,-116.556299118696,5.27243975117932));
#7859=CARTESIAN_POINT('Ctrl Pts',(10.382876399619,-117.907978277956,5.21252378792279));
#7860=CARTESIAN_POINT('Ctrl Pts',(11.585720122394,-119.593773460934,5.16744356484531));
#7861=CARTESIAN_POINT('Ctrl Pts',(13.170919927582,-120.571822466431,4.38135699389016));
#7862=CARTESIAN_POINT('Ctrl Pts',(14.4720012801939,-120.832744278139,4.28662065130645));
#7863=CARTESIAN_POINT('Ctrl Pts',(15.1000000000001,-120.832744278139,4.28662065130645));
#7864=CARTESIAN_POINT('',(10.1000000000001,-115.877201703548,5.16625694806881));
#7865=CARTESIAN_POINT('Origin',(11.1000000000001,-115.877201703548,5.16625694806881));
#7866=CARTESIAN_POINT('',(10.1000000000001,-115.67879395006,1.9223188531977));
#7867=CARTESIAN_POINT('',(10.1000000000001,-115.633007545409,1.17371775438133));
#7868=CARTESIAN_POINT('Ctrl Pts',(10.1000418289894,-115.678787765541,1.92221773391006));
#7869=CARTESIAN_POINT('Ctrl Pts',(10.1000419428149,-115.678066270791,1.91042139900366));
#7870=CARTESIAN_POINT('Ctrl Pts',(10.1000424973214,-115.677346723371,1.89865690267696));
#7871=CARTESIAN_POINT('Ctrl Pts',(10.1001095996378,-115.676628550459,1.88691487935993));
#7872=CARTESIAN_POINT('Ctrl Pts',(10.1001767019543,-115.675910377548,1.87517285604289));
#7873=CARTESIAN_POINT('Ctrl Pts',(10.1003103520808,-115.675193579144,1.86345330573551));
#7874=CARTESIAN_POINT('Ctrl Pts',(10.1005696698333,-115.674477784205,1.85175016191971));
#7875=CARTESIAN_POINT('Ctrl Pts',(10.1006993287095,-115.674119886735,1.84589859001181));
#7876=CARTESIAN_POINT('Ctrl Pts',(10.1008604044921,-115.673762240131,1.84005111972681));
#7877=CARTESIAN_POINT('Ctrl Pts',(10.1010597336013,-115.67340481239,1.83420722781911));
#7878=CARTESIAN_POINT('Ctrl Pts',(10.1012590627105,-115.67304738465,1.82836333591142));
#7879=CARTESIAN_POINT('Ctrl Pts',(10.1014966451461,-115.672690175772,1.82252302238105));
#7880=CARTESIAN_POINT('Ctrl Pts',(10.1017787374677,-115.672333167643,1.81668599107072));
#7881=CARTESIAN_POINT('Ctrl Pts',(10.1023429221109,-115.671619151385,1.80501192845007));
#7882=CARTESIAN_POINT('Ctrl Pts',(10.1030851462977,-115.670905938125,1.79335099470961));
#7883=CARTESIAN_POINT('Ctrl Pts',(10.1040543901485,-115.670193445235,1.78170183892418));
#7884=CARTESIAN_POINT('Ctrl Pts',(10.1059928778501,-115.668768459456,1.7584035273533));
#7885=CARTESIAN_POINT('Ctrl Pts',(10.1088394442078,-115.667346355158,1.73515232760248));
#7886=CARTESIAN_POINT('Ctrl Pts',(10.112889355424,-115.665929026698,1.71197921209243));
#7887=CARTESIAN_POINT('Ctrl Pts',(10.1169392666401,-115.664511698238,1.68880609658239));
#7888=CARTESIAN_POINT('Ctrl Pts',(10.1221925227149,-115.663099145616,1.66571106531311));
#7889=CARTESIAN_POINT('Ctrl Pts',(10.1288418135135,-115.661696181205,1.64277279993588));
#7890=CARTESIAN_POINT('Ctrl Pts',(10.1354911043121,-115.660293216795,1.61983453455864));
#7891=CARTESIAN_POINT('Ctrl Pts',(10.1435364298345,-115.658899840597,1.59705303507345));
#7892=CARTESIAN_POINT('Ctrl Pts',(10.1530654670922,-115.657523718913,1.57455364441061));
#7893=CARTESIAN_POINT('Ctrl Pts',(10.1625945043498,-115.65614759723,1.55205425374777));
#7894=CARTESIAN_POINT('Ctrl Pts',(10.1736072533428,-115.654788730061,1.52983697190727));
#7895=CARTESIAN_POINT('Ctrl Pts',(10.1860900453801,-115.653457615789,1.50807344590083));
#7896=CARTESIAN_POINT('Ctrl Pts',(10.1923314413988,-115.652792058652,1.49719168289761));
#7897=CARTESIAN_POINT('Ctrl Pts',(10.1989403481786,-115.65213343974,1.48642335885291));
#7898=CARTESIAN_POINT('Ctrl Pts',(10.2059024553898,-115.651483437151,1.47579591045873));
#7899=CARTESIAN_POINT('Ctrl Pts',(10.2076429821927,-115.651320936504,1.47313904836018));
#7900=CARTESIAN_POINT('Ctrl Pts',(10.2094055840224,-115.651158974377,1.47049099098979));
#7901=CARTESIAN_POINT('Ctrl Pts',(10.211190088988,-115.650997574596,1.46785212790421));
#7902=CARTESIAN_POINT('Ctrl Pts',(10.2129745939536,-115.650836174816,1.46521326481863));
#7903=CARTESIAN_POINT('Ctrl Pts',(10.214781002055,-115.650675337382,1.46258359601785));
#7904=CARTESIAN_POINT('Ctrl Pts',(10.2166090280646,-115.650515088959,1.45996355746181));
#7905=CARTESIAN_POINT('Ctrl Pts',(10.2202650800837,-115.650194592113,1.45472348034972));
#7906=CARTESIAN_POINT('Ctrl Pts',(10.2240076037357,-115.649876451311,1.44952192421657));
#7907=CARTESIAN_POINT('Ctrl Pts',(10.2278341671612,-115.649560896539,1.44436264929145));
#7908=CARTESIAN_POINT('Ctrl Pts',(10.2316607305867,-115.649245341767,1.43920337436633));
#7909=CARTESIAN_POINT('Ctrl Pts',(10.2355713337857,-115.648932373024,1.43408638064925));
#7910=CARTESIAN_POINT('Ctrl Pts',(10.239563136843,-115.648622225075,1.42901550650151));
#7911=CARTESIAN_POINT('Ctrl Pts',(10.2435549399004,-115.648312077126,1.42394463235377));
#7912=CARTESIAN_POINT('Ctrl Pts',(10.247627942816,-115.64800474997,1.41891987777538));
#7913=CARTESIAN_POINT('Ctrl Pts',(10.2517788704292,-115.647700495779,1.41394536571175));
#7914=CARTESIAN_POINT('Ctrl Pts',(10.2538543342357,-115.647548368683,1.41145810967993));
#7915=CARTESIAN_POINT('Ctrl Pts',(10.2559492792167,-115.647397009828,1.4089834142768));
#7916=CARTESIAN_POINT('Ctrl Pts',(10.2580632548402,-115.64724645138,1.40652180541958));
#7917=CARTESIAN_POINT('Ctrl Pts',(10.2601772304636,-115.647095892933,1.40406019656236));
#7918=CARTESIAN_POINT('Ctrl Pts',(10.2623102367297,-115.646946134893,1.40161167425105));
#7919=CARTESIAN_POINT('Ctrl Pts',(10.2644618266063,-115.646797207512,1.39917673309075));
#7920=CARTESIAN_POINT('Ctrl Pts',(10.266613416483,-115.646648280131,1.39674179193045));
#7921=CARTESIAN_POINT('Ctrl Pts',(10.2687835899702,-115.646500183408,1.39432043192117));
#7922=CARTESIAN_POINT('Ctrl Pts',(10.2709717963143,-115.646352958232,1.39191332156979));
#7923=CARTESIAN_POINT('Ctrl Pts',(10.2720658994863,-115.646279345644,1.39070976639411));
#7924=CARTESIAN_POINT('Ctrl Pts',(10.2731645108726,-115.646205950943,1.3895097736329));
#7925=CARTESIAN_POINT('Ctrl Pts',(10.2742676161747,-115.646132771613,1.38831330216236));
#7926=CARTESIAN_POINT('Ctrl Pts',(10.2748191688258,-115.646096181948,1.38771506642709));
#7927=CARTESIAN_POINT('Ctrl Pts',(10.2753718449559,-115.646059646125,1.38711771101449));
#7928=CARTESIAN_POINT('Ctrl Pts',(10.2759255737403,-115.64602317317,1.38652138346443));
#7929=CARTESIAN_POINT('Ctrl Pts',(10.2762024381325,-115.646004936692,1.38622321968941));
#7930=CARTESIAN_POINT('Ctrl Pts',(10.2764795656883,-115.645986715931,1.38592531288002));
#7931=CARTESIAN_POINT('Ctrl Pts',(10.276757020522,-115.645968502124,1.38562751976795));
#7932=CARTESIAN_POINT('Ctrl Pts',(10.2770344753556,-115.645950288317,1.38532972665587));
#7933=CARTESIAN_POINT('Ctrl Pts',(10.2773122574671,-115.645932081464,1.38503204724112));
#7934=CARTESIAN_POINT('Ctrl Pts',(10.277590296515,-115.645913891125,1.38473463781769));
#7935=CARTESIAN_POINT('Ctrl Pts',(10.3487682927592,-115.641257164172,1.30859782542027));
#7936=CARTESIAN_POINT('Ctrl Pts',(10.4367848668991,-115.637682657889,1.25015516474334));
#7937=CARTESIAN_POINT('Ctrl Pts',(10.5277281667483,-115.635634476213,1.21666769085973));
#7938=CARTESIAN_POINT('Ctrl Pts',(10.6186714665975,-115.633586294538,1.18318021697613));
#7939=CARTESIAN_POINT('Ctrl Pts',(10.712541492156,-115.633064437469,1.17464792988587));
#7940=CARTESIAN_POINT('Ctrl Pts',(10.806564728261,-115.633016323757,1.17386127810774));
#7941=CARTESIAN_POINT('Ctrl Pts',(10.8210023712779,-115.633008935705,1.1737404845888));
#7942=CARTESIAN_POINT('Ctrl Pts',(10.835473243889,-115.63300874249,1.17373732550317));
#7943=CARTESIAN_POINT('Ctrl Pts',(10.8499911641523,-115.633008727853,1.17373708622067));
#7944=CARTESIAN_POINT('Ctrl Pts',(10.1096820622798,-115.885676327639,5.30481582716319));
#7945=CARTESIAN_POINT('Ctrl Pts',(10.1108910510473,-116.556299118696,5.27243975117932));
#7946=CARTESIAN_POINT('Ctrl Pts',(10.3217900441756,-117.604398860898,5.22598057097175));
#7947=CARTESIAN_POINT('Ctrl Pts',(10.8554194581992,-118.521297179882,5.19732193224801));
#7948=CARTESIAN_POINT('Ctrl Pts',(11.1674341894866,-118.945835954949,5.15377466056999));
#7949=CARTESIAN_POINT('Ctrl Pts',(11.2661697308521,-119.067900822679,5.13704614451259));
#7950=CARTESIAN_POINT('Ctrl Pts',(11.4646377301477,-119.29137392127,5.09444091960055));
#7951=CARTESIAN_POINT('Ctrl Pts',(11.5784441109233,-119.408928655088,5.06566577302207));
#7952=CARTESIAN_POINT('Ctrl Pts',(11.696606269324,-119.51932933251,5.02898001050595));
#7953=CARTESIAN_POINT('Ctrl Pts',(12.1643863157265,-119.950650347577,4.88064367187951));
#7954=CARTESIAN_POINT('Ctrl Pts',(13.1927918627707,-120.576208714027,4.37976442080406));
#7955=CARTESIAN_POINT('Ctrl Pts',(14.4720012801939,-120.832744278139,4.28662065130645));
#7956=CARTESIAN_POINT('Ctrl Pts',(15.1000000000001,-120.832744278139,4.28662065130645));
#7957=CARTESIAN_POINT('Ctrl Pts',(10.1475338103698,-115.902161394045,5.57434428041531));
#7958=CARTESIAN_POINT('Ctrl Pts',(10.1542106947986,-116.568599082995,5.56416578889758));
#7959=CARTESIAN_POINT('Ctrl Pts',(10.3723592904589,-117.591774330374,5.52306438451675));
#7960=CARTESIAN_POINT('Ctrl Pts',(10.9087027372509,-118.471124389029,5.47389319749645));
#7961=CARTESIAN_POINT('Ctrl Pts',(11.2210173588863,-118.876018215699,5.41723238349717));
#7962=CARTESIAN_POINT('Ctrl Pts',(11.3197061680429,-118.992120701877,5.39623092171399));
#7963=CARTESIAN_POINT('Ctrl Pts',(11.5177954436277,-119.204138547519,5.34493965640299));
#7964=CARTESIAN_POINT('Ctrl Pts',(11.6312468718517,-119.315380840431,5.31113679048903));
#7965=CARTESIAN_POINT('Ctrl Pts',(11.7488712792522,-119.419551223131,5.26924608448887));
#7966=CARTESIAN_POINT('Ctrl Pts',(12.2144379299153,-119.826374036166,5.10031984822485));
#7967=CARTESIAN_POINT('Ctrl Pts',(13.2332183159816,-120.407432697216,4.55504200841077));
#7968=CARTESIAN_POINT('Ctrl Pts',(14.4884423933213,-120.646965029191,4.43439613849185));
#7969=CARTESIAN_POINT('Ctrl Pts',(15.1000000000001,-120.650765582741,4.43137304169488));
#7970=CARTESIAN_POINT('Ctrl Pts',(10.4177998832753,-115.929039732259,6.01380122565239));
#7971=CARTESIAN_POINT('Ctrl Pts',(10.4399697793957,-116.554576347166,5.98308154230202));
#7972=CARTESIAN_POINT('Ctrl Pts',(10.6701915710205,-117.513178872196,5.91203308346848));
#7973=CARTESIAN_POINT('Ctrl Pts',(11.1894247221935,-118.336823755355,5.83218935082524));
#7974=CARTESIAN_POINT('Ctrl Pts',(11.4928758817341,-118.71727896617,5.77863777102416));
#7975=CARTESIAN_POINT('Ctrl Pts',(11.5889736429592,-118.825966690352,5.75163880631544));
#7976=CARTESIAN_POINT('Ctrl Pts',(11.7798861213147,-119.021579905394,5.68120767404911));
#7977=CARTESIAN_POINT('Ctrl Pts',(11.8887411157621,-119.123160325843,5.63280859405221));
#7978=CARTESIAN_POINT('Ctrl Pts',(11.9990627343903,-119.216050599783,5.57404489696894));
#7979=CARTESIAN_POINT('Ctrl Pts',(12.4342655608975,-119.577487466094,5.33743660886128));
#7980=CARTESIAN_POINT('Ctrl Pts',(13.3943214499243,-120.113245850214,4.84487805949316));
#7981=CARTESIAN_POINT('Ctrl Pts',(14.5345907671372,-120.323548395093,4.6916533458635));
#7982=CARTESIAN_POINT('Ctrl Pts',(15.1000000000001,-120.332302865793,4.68468972487464));
#7983=CARTESIAN_POINT('Ctrl Pts',(10.8954958902854,-115.938250243083,6.16439174649066));
#7984=CARTESIAN_POINT('Ctrl Pts',(10.9010511746106,-116.51639426743,6.12903094313724));
#7985=CARTESIAN_POINT('Ctrl Pts',(11.1022577192747,-117.410345985418,6.0655537089304));
#7986=CARTESIAN_POINT('Ctrl Pts',(11.5746027863564,-118.18461119721,6.0022052710095));
#7987=CARTESIAN_POINT('Ctrl Pts',(11.8545468206353,-118.543807804914,5.97151188176627));
#7988=CARTESIAN_POINT('Ctrl Pts',(11.9437101031748,-118.646174764182,5.94622708603766));
#7989=CARTESIAN_POINT('Ctrl Pts',(12.1196805787175,-118.828182210613,5.87339994936829));
#7990=CARTESIAN_POINT('Ctrl Pts',(12.2198460976627,-118.921880556662,5.82065322598864));
#7991=CARTESIAN_POINT('Ctrl Pts',(12.3194453493838,-119.005728371315,5.75579374144898));
#7992=CARTESIAN_POINT('Ctrl Pts',(12.7111859577471,-119.330894096937,5.49420946862159));
#7993=CARTESIAN_POINT('Ctrl Pts',(13.5872186789719,-119.829743007718,5.08949978629267));
#7994=CARTESIAN_POINT('Ctrl Pts',(14.5951484023474,-120.009429031687,4.94151516907516));
#7995=CARTESIAN_POINT('Ctrl Pts',(15.1000000000001,-120.013840148846,4.9380064080544));
#7996=CARTESIAN_POINT('Ctrl Pts',(11.1000000000001,-115.938250243083,6.16439174649066));
#7997=CARTESIAN_POINT('Ctrl Pts',(11.1000000000001,-116.501068895434,6.1299682830433));
#7998=CARTESIAN_POINT('Ctrl Pts',(11.2874336861298,-117.371465394854,6.07673697647598));
#7999=CARTESIAN_POINT('Ctrl Pts',(11.7385376551834,-118.12396256223,6.0307131601656));
#8000=CARTESIAN_POINT('Ctrl Pts',(12.0064829860088,-118.472644323974,6.00938743412623));
#8001=CARTESIAN_POINT('Ctrl Pts',(12.0918956702005,-118.571927443516,5.98698312396247));
#8002=CARTESIAN_POINT('Ctrl Pts',(12.2603576738052,-118.748145043758,5.91977258604021));
#8003=CARTESIAN_POINT('Ctrl Pts',(12.3562324538793,-118.838721215221,5.87016263715018));
#8004=CARTESIAN_POINT('Ctrl Pts',(12.4513646944218,-118.919531362953,5.80845459041291));
#8005=CARTESIAN_POINT('Ctrl Pts',(12.8254155866935,-119.232772809449,5.5592915321845));
#8006=CARTESIAN_POINT('Ctrl Pts',(13.6622356217216,-119.711104372119,5.17881131603621));
#8007=CARTESIAN_POINT('Ctrl Pts',(14.6215466101377,-119.877356127297,5.04657070084572));
#8008=CARTESIAN_POINT('Ctrl Pts',(15.1000000000001,-119.877356127297,5.04657070084573));
#8009=CARTESIAN_POINT('',(11.1000000000001,-115.938250243083,6.16439174649067));
#8010=CARTESIAN_POINT('Origin',(11.1000000000001,-115.877201703548,5.16625694806881));
#8011=CARTESIAN_POINT('',(15.1000000000001,-119.877356127297,5.04657070084573));
#8012=CARTESIAN_POINT('',(15.1000000000001,-119.621198693319,5.25032752415302));
#8013=CARTESIAN_POINT('',(12.4636643620891,-118.929876342765,5.80023015177853));
#8014=CARTESIAN_POINT('Origin',(15.1000000000001,-116.055803523925,8.08637089900283));
#8015=CARTESIAN_POINT('',(12.3353342822499,-118.816921735122,5.87805710395594));
#8016=CARTESIAN_POINT('Ctrl Pts',(12.335372148834,-118.816907139497,5.87806352126018));
#8017=CARTESIAN_POINT('Ctrl Pts',(12.3658537786439,-118.845093092068,5.861371873886));
#8018=CARTESIAN_POINT('Ctrl Pts',(12.396360266225,-118.872292801773,5.8433903226781));
#8019=CARTESIAN_POINT('Ctrl Pts',(12.42662475059,-118.89836845653,5.82428522527121));
#8020=CARTESIAN_POINT('Ctrl Pts',(12.439030571491,-118.9090572196,5.81645378780591));
#8021=CARTESIAN_POINT('Ctrl Pts',(12.4513958284262,-118.919557435503,5.80843385140682));
#8022=CARTESIAN_POINT('Ctrl Pts',(12.4637009803295,-118.929862139117,5.80023713447992));
#8023=CARTESIAN_POINT('',(11.9263223206247,-118.368410245663,6.01575679334798));
#8024=CARTESIAN_POINT('Ctrl Pts',(11.9263728699023,-118.368395683658,6.01576338545857));
#8025=CARTESIAN_POINT('Ctrl Pts',(11.9488605841182,-118.397659324067,6.01397359187962));
#8026=CARTESIAN_POINT('Ctrl Pts',(11.9721429347245,-118.42701942495,6.01088691164864));
#8027=CARTESIAN_POINT('Ctrl Pts',(11.9960987935106,-118.456270360639,6.00648386671914));
#8028=CARTESIAN_POINT('Ctrl Pts',(12.0204205403778,-118.485968058384,6.00201357220053));
#8029=CARTESIAN_POINT('Ctrl Pts',(12.0454363061313,-118.515552883132,5.99618648136135));
#8030=CARTESIAN_POINT('Ctrl Pts',(12.0709972690208,-118.544813863169,5.98903172758228));
#8031=CARTESIAN_POINT('Ctrl Pts',(12.0973041312365,-118.574928713438,5.98166818957054));
#8032=CARTESIAN_POINT('Ctrl Pts',(12.124188184952,-118.604700087319,5.97289848690431));
#8033=CARTESIAN_POINT('Ctrl Pts',(12.151467846264,-118.633908645048,5.96280507591497));
#8034=CARTESIAN_POINT('Ctrl Pts',(12.1608126681782,-118.643914222728,5.95934751362625));
#8035=CARTESIAN_POINT('Ctrl Pts',(12.1702037705154,-118.653853878664,5.95573503891903));
#8036=CARTESIAN_POINT('Ctrl Pts',(12.1796334585307,-118.6637192246,5.95197222331173));
#8037=CARTESIAN_POINT('Ctrl Pts',(12.2083286107935,-118.693740112172,5.94052173135336));
#8038=CARTESIAN_POINT('Ctrl Pts',(12.237473911985,-118.723162022299,5.92763804665749));
#8039=CARTESIAN_POINT('Ctrl Pts',(12.2668022575749,-118.751774459439,5.91344292024115));
#8040=CARTESIAN_POINT('Ctrl Pts',(12.2895777551122,-118.773994004338,5.90241941856606));
#8041=CARTESIAN_POINT('Ctrl Pts',(12.3124687026985,-118.795728631309,5.89060537840274));
#8042=CARTESIAN_POINT('Ctrl Pts',(12.3353721488341,-118.816907139497,5.87806352126021));
#8043=CARTESIAN_POINT('Origin',(15.1000000000001,-115.938250243083,6.16439174649067));
#8044=CARTESIAN_POINT('Origin',(95.7437499999995,-118.307361706128,5.01762199492612));
#8045=CARTESIAN_POINT('',(95.7437499999995,-118.929876342765,5.80023015177854));
#8046=CARTESIAN_POINT('',(95.7437499999995,-118.368410245663,6.01575679334798));
#8047=CARTESIAN_POINT('Origin',(122.624999999999,-67.5062546384121,9.12661949678914));
#8048=CARTESIAN_POINT('',(234.149999999998,-19.0742590337886,12.0888472470847));
#8049=CARTESIAN_POINT('',(234.149999999998,-91.7222524407475,7.6455056216399));
#8050=CARTESIAN_POINT('',(230.149999999998,-15.0817198401011,12.3330414052242));
#8051=CARTESIAN_POINT('Origin',(230.149999999998,-19.0742590337886,12.0888472470847));
#8052=CARTESIAN_POINT('',(15.1000000000001,-15.0817198401023,12.3330414052241));
#8053=CARTESIAN_POINT('',(176.387499999999,-15.0817198401014,12.3330414052241));
#8054=CARTESIAN_POINT('',(11.1000000000001,-19.0742590337414,12.0888472470876));
#8055=CARTESIAN_POINT('Origin',(15.1000000000001,-19.0742590337414,12.0888472470876));
#8056=CARTESIAN_POINT('',(11.1000000000001,-43.2902568360768,10.6077333719384));
#8057=CARTESIAN_POINT('',(132.649999999999,-37.0406860635077,10.9899734952046));
#8058=CARTESIAN_POINT('',(132.649999999995,-23.5658656266391,11.8141288191808));
#8059=CARTESIAN_POINT('',(132.650000000001,-45.5360601325243,10.470374157985));
#8060=CARTESIAN_POINT('',(135.149999999999,-39.5360230595615,10.8373521463675));
#8061=CARTESIAN_POINT('Origin',(135.149999999999,-37.0406860635068,10.9899734952046));
#8062=CARTESIAN_POINT('',(229.649999999998,-39.5360230595615,10.8373521463675));
#8063=CARTESIAN_POINT('',(128.887499999999,-39.5360230595615,10.8373521463675));
#8064=CARTESIAN_POINT('',(231.649999999998,-41.5322926564052,10.7152550672978));
#8065=CARTESIAN_POINT('Origin',(229.649999999998,-41.5322926564052,10.7152550672978));
#8066=CARTESIAN_POINT('',(231.649999999998,-111.446628713345,6.43911108797377));
#8067=CARTESIAN_POINT('',(231.649999999998,-54.5192736474086,9.92093728204346));
#8068=CARTESIAN_POINT('',(229.650000016446,-113.442898310189,6.31701400890405));
#8069=CARTESIAN_POINT('Origin',(229.649999999998,-111.446628713345,6.43911108797377));
#8070=CARTESIAN_POINT('',(204.298008685898,-113.46489834436,6.31566842917076));
#8071=CARTESIAN_POINT('',(176.157763703196,-113.489317769078,6.31417487317242));
#8072=CARTESIAN_POINT('',(173.15108623596,-113.442912947186,6.31701311366692));
#8073=CARTESIAN_POINT('',(154.941953581358,-113.430059830984,6.31779924393096));
#8074=CARTESIAN_POINT('',(27.1187369160288,-113.442912648336,6.31701313194542));
#8075=CARTESIAN_POINT('',(90.2916091172979,-113.442913400602,6.31701308593484));
#8076=CARTESIAN_POINT('',(15.5999979886672,-113.442901085933,6.31701383913226));
#8077=CARTESIAN_POINT('',(74.8718450678899,-113.442960582461,6.31701020016873));
#8078=CARTESIAN_POINT('',(13.6000000000001,-111.44663148909,6.43911091820191));
#8079=CARTESIAN_POINT('Origin',(15.6000000000001,-111.44663148909,6.43911091820191));
#8080=CARTESIAN_POINT('',(13.6000000000001,-23.5658656266398,11.8141288191807));
#8081=CARTESIAN_POINT('',(13.6000000000001,-89.4764430637512,7.78286520749552));
#8082=CARTESIAN_POINT('',(15.6000000000001,-21.5695960297961,11.9362258982505));
#8083=CARTESIAN_POINT('Origin',(15.6000000000001,-23.5658656266398,11.8141288191807));
#8084=CARTESIAN_POINT('',(130.649999999995,-21.5695960297961,11.9362258982505));
#8085=CARTESIAN_POINT('',(69.1124999999997,-21.5695960297961,11.9362258982505));
#8086=CARTESIAN_POINT('Origin',(130.649999999995,-23.5658656266398,11.8141288191807));
#8087=CARTESIAN_POINT('',(212.71379933522,-115.995025816578,6.16091920365514));
#8088=CARTESIAN_POINT('Origin',(214.46379933522,-115.995025816578,6.16091920365514));
#8089=CARTESIAN_POINT('',(29.031200664779,-19.0274664280371,12.0917092054562));
#8090=CARTESIAN_POINT('Origin',(30.781200664779,-19.0274664280371,12.0917092054562));
#8091=CARTESIAN_POINT('',(212.7188,-36.9938955004238,10.9928353286411));
#8092=CARTESIAN_POINT('Origin',(214.4688,-36.9938955004238,10.9928353286411));
#8093=CARTESIAN_POINT('',(29.0362,-115.985041767841,6.16152985423563));
#8094=CARTESIAN_POINT('Origin',(30.7862,-115.985041767841,6.16152985423563));
#8095=CARTESIAN_POINT('',(167.73379933522,-115.985044468594,6.16152968905048));
#8096=CARTESIAN_POINT('Origin',(169.48379933522,-115.985044468594,6.16152968905048));
#8097=CARTESIAN_POINT('',(83.0312,-19.0274661344258,12.0917092234142));
#8098=CARTESIAN_POINT('Origin',(84.7812,-19.0274661344258,12.0917092234142));
#8099=CARTESIAN_POINT('',(167.7187987179,-36.9938960492581,10.992835295073));
#8100=CARTESIAN_POINT('Origin',(169.4687987179,-36.9938960492581,10.992835295073));
#8101=CARTESIAN_POINT('',(83.066201282096,-115.985041218967,6.16152988780622));
#8102=CARTESIAN_POINT('Origin',(84.816201282096,-115.985041218967,6.16152988780622));
#8103=CARTESIAN_POINT('Origin',(122.624999999999,-67.2010119407379,4.1359455046798));
#8104=CARTESIAN_POINT('',(10.8500000000001,-18.7690163360671,7.09817325497827));
#8105=CARTESIAN_POINT('',(10.8500000000001,-42.9850141384025,5.61705937982903));
#8106=CARTESIAN_POINT('',(15.1000000000001,-14.5269434428226,7.35762954799845));
#8107=CARTESIAN_POINT('Origin',(15.1000000000001,-18.7690163360671,7.09817325497827));
#8108=CARTESIAN_POINT('',(230.149999999998,-14.5269434428213,7.35762954799853));
#8109=CARTESIAN_POINT('',(176.387499999999,-14.5269434428216,7.35762954799851));
#8110=CARTESIAN_POINT('',(234.399999999998,-18.7690163361143,7.09817325497538));
#8111=CARTESIAN_POINT('Origin',(230.149999999998,-18.7690163361143,7.09817325497538));
#8112=CARTESIAN_POINT('',(234.399999999998,-91.4170097430733,2.65483162953056));
#8113=CARTESIAN_POINT('',(68.8624999999997,-119.875080438701,0.914261461358187));
#8114=CARTESIAN_POINT('',(111.988219023566,-112.638603150143,1.35686337298589));
#8115=CARTESIAN_POINT('',(142.311780350506,-112.638603150139,1.35686337298614));
#8116=CARTESIAN_POINT('',(90.2916091232631,-112.638603303717,1.35686336359293));
#8117=CARTESIAN_POINT('',(144.079546904733,-113.369470036942,1.31216163920804));
#8118=CARTESIAN_POINT('Origin',(142.311780350506,-115.133940146194,1.20424202414963));
#8119=CARTESIAN_POINT('',(146.458824945139,-115.744309172851,1.16691025521996));
#8120=CARTESIAN_POINT('',(127.152224634834,-96.4737282572946,2.34554947583732));
#8121=CARTESIAN_POINT('',(148.226591521358,-116.475176059654,1.12220852144186));
#8122=CARTESIAN_POINT('Origin',(148.226591499366,-113.979839063599,1.27482987027962));
#8123=CARTESIAN_POINT('',(164.833994108883,-116.475175913838,1.12220853036036));
#8124=CARTESIAN_POINT('',(135.425795977806,-116.475176172047,1.12220851456757));
#8125=CARTESIAN_POINT('',(166.873382862958,-117.527217722642,1.05786289682602));
#8126=CARTESIAN_POINT('Origin',(164.833994130875,-118.970512909892,0.969587181523903));
#8127=CARTESIAN_POINT('',(172.278057661473,-114.123181037829,1.26606269955762));
#8128=CARTESIAN_POINT('Origin',(169.483800440025,-115.679799882962,1.17085581241427));
#8129=CARTESIAN_POINT('',(173.151263033435,-112.638602850303,1.35686339132496));
#8130=CARTESIAN_POINT('Origin',(173.151263043176,-113.636737648725,1.29581485179067));
#8131=CARTESIAN_POINT('',(187.291781659889,-112.648584090624,1.35625291251449));
#8132=CARTESIAN_POINT('',(173.151263033435,-112.638602850303,1.35686339132496));
#8133=CARTESIAN_POINT('',(189.059548680657,-113.379451416666,1.3115511518714));
#8134=CARTESIAN_POINT('Origin',(187.29178168637,-115.143921086679,1.20363156367799));
#8135=CARTESIAN_POINT('',(191.438824783786,-115.754289801273,1.16629981383491));
#8136=CARTESIAN_POINT('',(160.884729154906,-85.2571822940886,3.03158281598534));
#8137=CARTESIAN_POINT('',(193.206591803438,-116.485157127315,1.12159805319182));
#8138=CARTESIAN_POINT('Origin',(193.206591778073,-113.98982013126,1.27421940202959));
#8139=CARTESIAN_POINT('',(209.813994056313,-116.485156959125,1.12159806347874));
#8140=CARTESIAN_POINT('',(157.915796152212,-116.485157484718,1.12159803133207));
#8141=CARTESIAN_POINT('',(211.85338281353,-117.537198767603,1.05725242996439));
#8142=CARTESIAN_POINT('Origin',(209.813994081679,-118.98049395518,0.968976714642279));
#8143=CARTESIAN_POINT('',(217.258057611813,-114.133162082487,1.26545223271449));
#8144=CARTESIAN_POINT('Origin',(214.463800390299,-115.689780927504,1.17024534557824));
#8145=CARTESIAN_POINT('',(218.131262987181,-112.648583894997,1.35625292447961));
#8146=CARTESIAN_POINT('Origin',(218.131262993536,-113.646718693419,1.29520438494532));
#8147=CARTESIAN_POINT('',(229.650000012334,-112.638588213304,1.35686428656214));
#8148=CARTESIAN_POINT('',(218.131262987181,-112.648583894997,1.35625292447961));
#8149=CARTESIAN_POINT('',(231.149999999998,-111.141386015671,1.44843709586443));
#8150=CARTESIAN_POINT('Origin',(229.649999999998,-111.141386015671,1.44843709586443));
#8151=CARTESIAN_POINT('',(231.149999999998,-41.2270499587309,5.72458107518844));
#8152=CARTESIAN_POINT('',(231.149999999998,-111.141386015671,1.44843709586443));
#8153=CARTESIAN_POINT('',(229.649999999998,-39.7298477610982,5.81615388449073));
#8154=CARTESIAN_POINT('Origin',(229.649999999998,-41.2270499587309,5.72458107518844));
#8155=CARTESIAN_POINT('',(218.13626262367,-39.7298497987127,5.81615375986492));
#8156=CARTESIAN_POINT('',(229.649999999998,-39.7298477610981,5.81615388449073));
#8157=CARTESIAN_POINT('',(217.263057237082,-38.2452716199238,5.90695445109791));
#8158=CARTESIAN_POINT('Origin',(218.13626262367,-38.7317150002908,5.87720229939936));
#8159=CARTESIAN_POINT('',(211.858382404779,-34.8412349886257,6.11515425055627));
#8160=CARTESIAN_POINT('Origin',(214.4688,-36.6886528027494,6.00216133653137));
#8161=CARTESIAN_POINT('',(209.818993658513,-35.8932768173961,6.05080861580077));
#8162=CARTESIAN_POINT('Origin',(209.818993658513,-33.3979398213414,6.20342996463746));
#8163=CARTESIAN_POINT('',(193.211591196664,-35.8932768173961,6.05080861580077));
#8164=CARTESIAN_POINT('',(166.221996829256,-35.8932768173961,6.05080861580077));
#8165=CARTESIAN_POINT('',(191.443824183826,-36.6241441619543,6.00610685402516));
#8166=CARTESIAN_POINT('Origin',(193.211591196664,-38.3886138134507,5.89818726696324));
#8167=CARTESIAN_POINT('',(189.064548223213,-38.9989824541545,5.86085552164049));
#8168=CARTESIAN_POINT('',(166.5806177093,-61.4409774255309,4.48824430778709));
#8169=CARTESIAN_POINT('',(187.296781210375,-39.7298497987127,5.81615375986488));
#8170=CARTESIAN_POINT('Origin',(187.296781210375,-37.234512802658,5.96877510870163));
#8171=CARTESIAN_POINT('',(173.13626134157,-39.7298503475471,5.81615372629677));
#8172=CARTESIAN_POINT('',(229.649999999998,-39.7298477610981,5.81615388449073));
#8173=CARTESIAN_POINT('',(172.263055954982,-38.2452721687582,5.90695441752976));
#8174=CARTESIAN_POINT('Origin',(173.13626134157,-38.7317155491252,5.87720226583121));
#8175=CARTESIAN_POINT('',(166.858381122679,-34.84123553746,6.11515421698813));
#8176=CARTESIAN_POINT('Origin',(169.4687987179,-36.6886533515838,6.00216130296322));
#8177=CARTESIAN_POINT('',(164.818992376413,-35.8932773662304,6.05080858223262));
#8178=CARTESIAN_POINT('Origin',(164.818992376413,-33.3979403701758,6.20342993106931));
#8179=CARTESIAN_POINT('',(148.211589914564,-35.8932773662305,6.05080858223262));
#8180=CARTESIAN_POINT('',(143.721996188206,-35.8932773662305,6.05080858223262));
#8181=CARTESIAN_POINT('',(146.443822901726,-36.6241447107887,6.00610682045701));
#8182=CARTESIAN_POINT('Origin',(148.211589914564,-38.3886143622851,5.89818723339509));
#8183=CARTESIAN_POINT('',(144.064546941113,-38.9989830029889,5.86085548807235));
#8184=CARTESIAN_POINT('',(132.830616123155,-50.2119610349836,5.17504037194571));
#8185=CARTESIAN_POINT('',(142.296779928275,-39.7298503475471,5.81615372629674));
#8186=CARTESIAN_POINT('Origin',(142.296779928275,-37.2345133514924,5.96877507513348));
#8187=CARTESIAN_POINT('',(135.149999999999,-39.7298477610981,5.81615388449073));
#8188=CARTESIAN_POINT('',(229.649999999998,-39.7298477610981,5.81615388449073));
#8189=CARTESIAN_POINT('',(132.149999999999,-36.7354433658336,5.99929950309524));
#8190=CARTESIAN_POINT('Origin',(135.149999999999,-36.7354433658325,5.99929950309531));
#8191=CARTESIAN_POINT('',(132.149999999995,-23.260622928965,6.82345482707144));
#8192=CARTESIAN_POINT('',(132.149999999999,-36.7354433658336,5.99929950309524));
#8193=CARTESIAN_POINT('',(130.649999999995,-21.7634207313327,6.91502763637369));
#8194=CARTESIAN_POINT('Origin',(130.649999999995,-23.2606229289655,6.8234548270714));
#8195=CARTESIAN_POINT('',(111.953218789625,-21.7634204327147,6.91502765463795));
#8196=CARTESIAN_POINT('',(130.649999999995,-21.7634207313327,6.91502763637369));
#8197=CARTESIAN_POINT('',(110.185451776787,-21.0325530881565,6.95972941641356));
#8198=CARTESIAN_POINT('Origin',(111.953218789625,-19.26808343666,7.06764900347445));
#8199=CARTESIAN_POINT('',(107.806175816174,-18.6577147959563,7.10498074879823));
#8200=CARTESIAN_POINT('',(124.859021935448,-35.6787550726826,6.0639293277867));
#8201=CARTESIAN_POINT('',(106.038408803336,-17.9268474513981,7.14968251057384));
#8202=CARTESIAN_POINT('Origin',(106.038408803336,-20.4221844474527,6.99706116173606));
#8203=CARTESIAN_POINT('',(89.431006341487,-17.9268474513981,7.14968251057384));
#8204=CARTESIAN_POINT('',(114.331704401668,-17.9268474513981,7.14968251057383));
#8205=CARTESIAN_POINT('',(87.3916175952208,-16.8748056226277,7.21402814532933));
#8206=CARTESIAN_POINT('Origin',(89.431006341487,-15.4315104553434,7.30230385941028));
#8207=CARTESIAN_POINT('',(81.9869427629181,-20.2788422539259,7.00582834587097));
#8208=CARTESIAN_POINT('Origin',(84.7812,-18.7222234367514,7.10103523130419));
#8209=CARTESIAN_POINT('',(81.11373737633,-21.7634204327147,6.91502765463801));
#8210=CARTESIAN_POINT('Origin',(81.11373737633,-20.7652856342928,6.97607619417218));
#8211=CARTESIAN_POINT('',(57.9532193667854,-21.7634207313327,6.91502763637369));
#8212=CARTESIAN_POINT('',(130.649999999995,-21.7634207313327,6.91502763637369));
#8213=CARTESIAN_POINT('',(56.1854524138214,-21.0325534465363,6.95972939449411));
#8214=CARTESIAN_POINT('Origin',(57.9532193667854,-19.2680837352779,7.06764898520905));
#8215=CARTESIAN_POINT('',(53.8061761672746,-18.6577150298057,7.10498073449538));
#8216=CARTESIAN_POINT('',(84.3590225341588,-49.1535741793482,5.23977408516921));
#8217=CARTESIAN_POINT('',(52.0384092143106,-17.9268477450094,7.1496824926158));
#8218=CARTESIAN_POINT('Origin',(52.0384092143106,-20.4221847410639,6.99706114377677));
#8219=CARTESIAN_POINT('',(35.431007006266,-17.9268477450094,7.1496824926158));
#8220=CARTESIAN_POINT('',(87.3317046071548,-17.9268477450093,7.14968249261581));
#8221=CARTESIAN_POINT('',(33.3916182599998,-16.874805916239,7.21402812737129));
#8222=CARTESIAN_POINT('Origin',(35.431007006266,-15.4315107489546,7.3023038414507));
#8223=CARTESIAN_POINT('',(27.9869434298301,-20.2788425513518,7.00582832767962));
#8224=CARTESIAN_POINT('Origin',(30.781200664779,-18.7222237303627,7.10103521334453));
#8225=CARTESIAN_POINT('',(27.1137380439085,-21.7634207313327,6.91502763637375));
#8226=CARTESIAN_POINT('Origin',(27.1137380439085,-20.7652859329107,6.97607617590623));
#8227=CARTESIAN_POINT('',(15.6000000000001,-21.7634207313327,6.91502763637369));
#8228=CARTESIAN_POINT('',(130.649999999995,-21.7634207313327,6.91502763637369));
#8229=CARTESIAN_POINT('',(14.1000000000001,-23.2606229289655,6.82345482707141));
#8230=CARTESIAN_POINT('Origin',(15.6000000000001,-23.2606229289655,6.82345482707141));
#8231=CARTESIAN_POINT('',(14.1000000000001,-111.141388791416,1.44843692609257));
#8232=CARTESIAN_POINT('',(14.1000000000001,-23.2606229289655,6.82345482707141));
#8233=CARTESIAN_POINT('',(15.5999984915004,-112.638590989048,1.35686411679034));
#8234=CARTESIAN_POINT('Origin',(15.6000000000001,-111.141388791416,1.44843692609257));
#8235=CARTESIAN_POINT('',(27.118736921994,-112.63860255145,1.35686340960356));
#8236=CARTESIAN_POINT('',(27.118736921994,-112.63860255145,1.35686340960356));
#8237=CARTESIAN_POINT('',(27.9919426228007,-114.123180174936,1.2660627523344));
#8238=CARTESIAN_POINT('Origin',(27.1187369100634,-113.63673735904,1.29581486950686));
#8239=CARTESIAN_POINT('',(33.3966176109693,-117.527216895436,1.05786294742011));
#8240=CARTESIAN_POINT('Origin',(30.7861999257492,-115.679799055415,1.17085586302756));
#8241=CARTESIAN_POINT('',(35.436006341487,-116.475175095242,1.12220858042782));
#8242=CARTESIAN_POINT('Origin',(35.4360063253642,-118.970512068948,0.969587232956741));
#8243=CARTESIAN_POINT('',(52.0434088033361,-116.475175129563,1.12220857832867));
#8244=CARTESIAN_POINT('',(79.0305031196378,-116.475175185334,1.12220857491755));
#8245=CARTESIAN_POINT('',(53.8111759864492,-115.74430788092,1.16691033423782));
#8246=CARTESIAN_POINT('Origin',(52.0434090229319,-113.979838020794,1.27482993405905));
#8247=CARTESIAN_POINT('',(56.1904519371601,-113.369469578835,1.31216166722704));
#8248=CARTESIAN_POINT('',(83.1731327235749,-86.4371148827165,2.95941504726392));
#8249=CARTESIAN_POINT('',(57.9582187896247,-112.638602918689,1.35686338714224));
#8250=CARTESIAN_POINT('Origin',(57.9582181167415,-115.133939559153,1.20424206005343));
#8251=CARTESIAN_POINT('',(81.1487379959251,-112.638602733313,1.35686339848038));
#8252=CARTESIAN_POINT('',(90.2916091232631,-112.638603303717,1.35686336359293));
#8253=CARTESIAN_POINT('',(82.0219438426197,-114.123179591369,1.26606278802691));
#8254=CARTESIAN_POINT('Origin',(81.1487380039336,-113.636737363904,1.29581486921107));
#8255=CARTESIAN_POINT('',(87.4266189159404,-117.527216362751,1.05786298000054));
#8256=CARTESIAN_POINT('Origin',(84.8162011858539,-115.679798500794,1.17085589695126));
#8257=CARTESIAN_POINT('',(89.466007623583,-116.475174607242,1.12220861027516));
#8258=CARTESIAN_POINT('Origin',(89.4660075844231,-118.970511553583,0.969587264479337));
#8259=CARTESIAN_POINT('',(106.073410085432,-116.47517463396,1.12220860864103));
#8260=CARTESIAN_POINT('',(106.045503772007,-116.475174633915,1.12220860864378));
#8261=CARTESIAN_POINT('',(107.8411774085,-115.744307471739,1.1669103592644));
#8262=CARTESIAN_POINT('Origin',(106.07341047909,-113.979837398741,1.27482997210669));
#8263=CARTESIAN_POINT('',(110.220453435075,-113.369469245377,1.31216168762221));
#8264=CARTESIAN_POINT('',(123.695634950709,-99.9194214942772,2.13480184922865));
#8265=CARTESIAN_POINT('Origin',(111.988218989712,-115.133939648492,1.20424205459039));
#8266=CARTESIAN_POINT('Origin',(68.8624999999997,-119.757932608441,5.14156445703813));
#8267=CARTESIAN_POINT('',(68.8624999999997,-120.832744278139,4.28662065130645));
#8268=CARTESIAN_POINT('Origin',(234.149999999998,-91.6612039012127,6.64737082321803));
#8269=CARTESIAN_POINT('',(235.149999999998,-19.0132104942537,11.0907124486629));
#8270=CARTESIAN_POINT('Origin',(234.149999999998,-19.0132104942537,11.0907124486629));
#8271=CARTESIAN_POINT('',(235.149999999998,-91.6612039012127,6.64737082321803));
#8272=CARTESIAN_POINT('Origin',(230.149999999998,-19.0132104942537,11.0907124486629));
#8273=CARTESIAN_POINT('',(230.149999999998,-14.0225365021444,11.3959551463372));
#8274=CARTESIAN_POINT('Origin',(230.149999999998,-15.0206713005662,11.3349066068023));
#8275=CARTESIAN_POINT('Origin',(230.149999999998,-19.0132104942537,11.0907124486629));
#8276=CARTESIAN_POINT('Origin',(176.387499999999,-15.0206713005665,11.3349066068023));
#8277=CARTESIAN_POINT('',(15.1000000000001,-14.0225365020972,11.39595514634));
#8278=CARTESIAN_POINT('Origin',(15.1000000000001,-15.0206713005675,11.3349066068022));
#8279=CARTESIAN_POINT('',(176.387499999999,-14.0225365021447,11.3959551463371));
#8280=CARTESIAN_POINT('Origin',(15.1000000000001,-19.0132104942066,11.0907124486658));
#8281=CARTESIAN_POINT('',(10.1000000000001,-19.0132104942066,11.0907124486658));
#8282=CARTESIAN_POINT('Origin',(11.1000000000001,-19.0132104942066,11.0907124486658));
#8283=CARTESIAN_POINT('Origin',(15.1000000000001,-19.0132104942066,11.0907124486658));
#8284=CARTESIAN_POINT('Origin',(11.1000000000001,-43.2292082965419,9.6095985735165));
#8285=CARTESIAN_POINT('',(10.1000000000001,-43.2292082965419,9.6095985735165));
#8286=CARTESIAN_POINT('Ctrl Pts',(15.1000000000001,-13.8241287486573,8.152017051466));
#8287=CARTESIAN_POINT('Ctrl Pts',(86.7833333333328,-13.8241287486569,8.15201705146602));
#8288=CARTESIAN_POINT('Ctrl Pts',(158.466666666666,-13.8241287486565,8.15201705146605));
#8289=CARTESIAN_POINT('Ctrl Pts',(230.149999999998,-13.8241287486561,8.15201705146607));
#8290=CARTESIAN_POINT('Ctrl Pts',(15.1000000000001,-13.8172791185389,8.04002658896548));
#8291=CARTESIAN_POINT('Ctrl Pts',(86.783333333333,-13.8172791185385,8.04002658896551));
#8292=CARTESIAN_POINT('Ctrl Pts',(158.466666666665,-13.8172791185381,8.04002658896553));
#8293=CARTESIAN_POINT('Ctrl Pts',(230.149999999998,-13.8172791185377,8.04002658896556));
#8294=CARTESIAN_POINT('Ctrl Pts',(15.1000000000001,-13.8125832650511,7.81720295493963));
#8295=CARTESIAN_POINT('Ctrl Pts',(86.7833333333327,-13.8125832650507,7.81720295493965));
#8296=CARTESIAN_POINT('Ctrl Pts',(158.466666666666,-13.8125832650503,7.81720295493968));
#8297=CARTESIAN_POINT('Ctrl Pts',(230.149999999998,-13.8125832650499,7.81720295493971));
#8298=CARTESIAN_POINT('Ctrl Pts',(15.1000000000001,-13.9938637813198,7.5466799015367));
#8299=CARTESIAN_POINT('Ctrl Pts',(86.783333333333,-13.9938637813194,7.54667990153673));
#8300=CARTESIAN_POINT('Ctrl Pts',(158.466666666665,-13.993863781319,7.54667990153676));
#8301=CARTESIAN_POINT('Ctrl Pts',(230.149999999998,-13.9938637813185,7.54667990153678));
#8302=CARTESIAN_POINT('Ctrl Pts',(15.1000000000001,-14.2489417251473,7.38249024189991));
#8303=CARTESIAN_POINT('Ctrl Pts',(86.7833333333328,-14.2489417251469,7.38249024189993));
#8304=CARTESIAN_POINT('Ctrl Pts',(158.466666666666,-14.2489417251465,7.38249024189996));
#8305=CARTESIAN_POINT('Ctrl Pts',(230.149999999998,-14.2489417251461,7.38249024189999));
#8306=CARTESIAN_POINT('Ctrl Pts',(15.1000000000001,-14.414952980322,7.36447917811685));
#8307=CARTESIAN_POINT('Ctrl Pts',(86.7833333333329,-14.4149529803216,7.36447917811688));
#8308=CARTESIAN_POINT('Ctrl Pts',(158.466666666666,-14.4149529803212,7.3644791781169));
#8309=CARTESIAN_POINT('Ctrl Pts',(230.149999999998,-14.4149529803208,7.36447917811693));
#8310=CARTESIAN_POINT('Ctrl Pts',(15.1000000000001,-14.5269434428225,7.35762954799846));
#8311=CARTESIAN_POINT('Ctrl Pts',(86.7833333333328,-14.5269434428221,7.35762954799848));
#8312=CARTESIAN_POINT('Ctrl Pts',(158.466666666666,-14.5269434428217,7.3576295479985));
#8313=CARTESIAN_POINT('Ctrl Pts',(230.149999999998,-14.5269434428213,7.35762954799853));
#8314=CARTESIAN_POINT('',(15.1000000000001,-13.8241287486089,8.15201705146896));
#8315=CARTESIAN_POINT('Ctrl Pts',(15.1000000000001,-14.5269434428225,7.35762954799846));
#8316=CARTESIAN_POINT('Ctrl Pts',(15.1000000000001,-14.414952980322,7.36447917811685));
#8317=CARTESIAN_POINT('Ctrl Pts',(15.1000000000001,-14.2489417251473,7.38249024189991));
#8318=CARTESIAN_POINT('Ctrl Pts',(15.1000000000001,-13.9938637813198,7.5466799015367));
#8319=CARTESIAN_POINT('Ctrl Pts',(15.1000000000001,-13.8125832650511,7.81720295493963));
#8320=CARTESIAN_POINT('Ctrl Pts',(15.1000000000001,-13.8172791185389,8.04002658896548));
#8321=CARTESIAN_POINT('Ctrl Pts',(15.1000000000001,-13.8241287486573,8.152017051466));
#8322=CARTESIAN_POINT('',(230.149999999998,-13.8241287486561,8.15201705146607));
#8323=CARTESIAN_POINT('',(176.387499999999,-13.8241287486564,8.15201705146606));
#8324=CARTESIAN_POINT('Ctrl Pts',(230.149999999998,-13.8241287486561,8.15201705146607));
#8325=CARTESIAN_POINT('Ctrl Pts',(230.149999999998,-13.8172791185377,8.04002658896556));
#8326=CARTESIAN_POINT('Ctrl Pts',(230.149999999998,-13.8125832650499,7.81720295493971));
#8327=CARTESIAN_POINT('Ctrl Pts',(230.149999999998,-13.9938637813185,7.54667990153678));
#8328=CARTESIAN_POINT('Ctrl Pts',(230.149999999998,-14.2489417251461,7.38249024189999));
#8329=CARTESIAN_POINT('Ctrl Pts',(230.149999999998,-14.4149529803208,7.36447917811693));
#8330=CARTESIAN_POINT('Ctrl Pts',(230.149999999998,-14.5269434428213,7.35762954799853));
#8331=CARTESIAN_POINT('Ctrl Pts',(234.399999999998,-18.7690163361143,7.09817325497538));
#8332=CARTESIAN_POINT('Ctrl Pts',(234.399999999998,-17.8170974048599,7.15639511098175));
#8333=CARTESIAN_POINT('Ctrl Pts',(233.842379294646,-16.2364913257819,7.25306912020394));
#8334=CARTESIAN_POINT('Ctrl Pts',(232.054978305263,-14.8173165626468,7.33986956716873));
#8335=CARTESIAN_POINT('Ctrl Pts',(230.785798513225,-14.5269434428213,7.35762954799853));
#8336=CARTESIAN_POINT('Ctrl Pts',(230.149999999998,-14.5269434428213,7.35762954799853));
#8337=CARTESIAN_POINT('Ctrl Pts',(234.512199737627,-18.7690163361143,7.09817325497538));
#8338=CARTESIAN_POINT('Ctrl Pts',(234.512199737627,-17.7920951845793,7.15792431228369));
#8339=CARTESIAN_POINT('Ctrl Pts',(233.939616712817,-16.1696257193501,7.25715879589126));
#8340=CARTESIAN_POINT('Ctrl Pts',(232.105235748856,-14.7131528392498,7.34624049341633));
#8341=CARTESIAN_POINT('Ctrl Pts',(230.802497807629,-14.4149529803208,7.36447917811693));
#8342=CARTESIAN_POINT('Ctrl Pts',(230.149999999998,-14.4149529803208,7.36447917811693));
#8343=CARTESIAN_POINT('Ctrl Pts',(234.734893849791,-18.769560710825,7.10707370282057));
#8344=CARTESIAN_POINT('Ctrl Pts',(234.734893849791,-17.7426167639854,7.16988428535696));
#8345=CARTESIAN_POINT('Ctrl Pts',(234.133361958403,-16.0374772344026,7.27417508670842));
#8346=CARTESIAN_POINT('Ctrl Pts',(232.205091843753,-14.5064536861421,7.36781649843213));
#8347=CARTESIAN_POINT('Ctrl Pts',(230.835908655799,-14.1932186122762,7.3869747762728));
#8348=CARTESIAN_POINT('Ctrl Pts',(230.149999999998,-14.1932186122762,7.3869747762728));
#8349=CARTESIAN_POINT('Ctrl Pts',(234.993845222286,-18.7816151641613,7.30416227271188));
#8350=CARTESIAN_POINT('Ctrl Pts',(234.993845222286,-17.6965969977716,7.37052482667915));
#8351=CARTESIAN_POINT('Ctrl Pts',(234.358476757534,-15.8952297075385,7.48070117000319));
#8352=CARTESIAN_POINT('Ctrl Pts',(232.321181200877,-14.2776393076797,7.57963723718883));
#8353=CARTESIAN_POINT('Ctrl Pts',(230.874697150527,-13.946804689626,7.59987194926548));
#8354=CARTESIAN_POINT('Ctrl Pts',(230.149999999998,-13.946804689626,7.59987194926548));
#8355=CARTESIAN_POINT('Ctrl Pts',(235.142155995847,-18.7977701681789,7.56829425361589));
#8356=CARTESIAN_POINT('Ctrl Pts',(235.142155995847,-17.6795404503252,7.63668811308996));
#8357=CARTESIAN_POINT('Ctrl Pts',(234.48731484804,-15.8230076659184,7.75023852257956));
#8358=CARTESIAN_POINT('Ctrl Pts',(232.387656659046,-14.1559022827626,7.85220305588035));
#8359=CARTESIAN_POINT('Ctrl Pts',(230.8968795595,-13.8149255495716,7.87305808629267));
#8360=CARTESIAN_POINT('Ctrl Pts',(230.149999999998,-13.8149255495716,7.87305808629267));
#8361=CARTESIAN_POINT('Ctrl Pts',(235.149999999998,-18.807953110647,7.7347838912913));
#8362=CARTESIAN_POINT('Ctrl Pts',(235.149999999998,-17.6875735782742,7.80330923905419));
#8363=CARTESIAN_POINT('Ctrl Pts',(234.494867769207,-15.8285381956749,7.91701271400643));
#8364=CARTESIAN_POINT('Ctrl Pts',(232.391276225061,-14.1582993260064,8.01916889955254));
#8365=CARTESIAN_POINT('Ctrl Pts',(230.8983154474,-13.8172791185376,8.0400265889656));
#8366=CARTESIAN_POINT('Ctrl Pts',(230.149999999998,-13.8172791185376,8.0400265889656));
#8367=CARTESIAN_POINT('Ctrl Pts',(235.149999999998,-18.8148027407654,7.84677435379182));
#8368=CARTESIAN_POINT('Ctrl Pts',(235.149999999998,-17.6948981157603,7.91527065497578));
#8369=CARTESIAN_POINT('Ctrl Pts',(234.49397564076,-15.8353615521391,8.02900478347249));
#8370=CARTESIAN_POINT('Ctrl Pts',(232.391150947368,-14.1657441837448,8.13112295637224));
#8371=CARTESIAN_POINT('Ctrl Pts',(230.897998250853,-13.824128748656,8.15201705146612));
#8372=CARTESIAN_POINT('Ctrl Pts',(230.149999999998,-13.824128748656,8.15201705146612));
#8373=CARTESIAN_POINT('',(235.149999999998,-18.8148027407654,7.84677435379182));
#8374=CARTESIAN_POINT('Ctrl Pts',(235.149999999998,-18.8148027407654,7.84677435379182));
#8375=CARTESIAN_POINT('Ctrl Pts',(235.149999999998,-18.807953110647,7.7347838912913));
#8376=CARTESIAN_POINT('Ctrl Pts',(235.142155995847,-18.7977701681789,7.56829425361589));
#8377=CARTESIAN_POINT('Ctrl Pts',(234.993845222286,-18.7816151641613,7.30416227271188));
#8378=CARTESIAN_POINT('Ctrl Pts',(234.734893849791,-18.769560710825,7.10707370282057));
#8379=CARTESIAN_POINT('Ctrl Pts',(234.512199737627,-18.7690163361143,7.09817325497538));
#8380=CARTESIAN_POINT('Ctrl Pts',(234.399999999998,-18.7690163361143,7.09817325497538));
#8381=CARTESIAN_POINT('Origin',(230.149999999998,-18.8148027407654,7.84677435379182));
#8382=CARTESIAN_POINT('Ctrl Pts',(234.399999999998,-115.633007545409,1.17371775438133));
#8383=CARTESIAN_POINT('Ctrl Pts',(234.399999999998,-83.3450104756439,3.14853625457934));
#8384=CARTESIAN_POINT('Ctrl Pts',(234.399999999998,-51.057013405879,5.12335475477736));
#8385=CARTESIAN_POINT('Ctrl Pts',(234.399999999998,-18.7690163361142,7.09817325497538));
#8386=CARTESIAN_POINT('Ctrl Pts',(234.512199737627,-115.633007545409,1.17371775438133));
#8387=CARTESIAN_POINT('Ctrl Pts',(234.512199737627,-83.3450104756438,3.14853625457935));
#8388=CARTESIAN_POINT('Ctrl Pts',(234.512199737627,-51.0570134058791,5.12335475477736));
#8389=CARTESIAN_POINT('Ctrl Pts',(234.512199737627,-18.7690163361142,7.09817325497538));
#8390=CARTESIAN_POINT('Ctrl Pts',(234.734889819422,-115.633552383459,1.1826257777588));
#8391=CARTESIAN_POINT('Ctrl Pts',(234.734889819422,-83.3455553136941,3.15744427795681));
#8392=CARTESIAN_POINT('Ctrl Pts',(234.734889819422,-51.0575582439291,5.13226277815484));
#8393=CARTESIAN_POINT('Ctrl Pts',(234.734889819422,-18.7695611741644,7.10708127835285));
#8394=CARTESIAN_POINT('Ctrl Pts',(234.993839923844,-115.645606604812,1.37971055476358));
#8395=CARTESIAN_POINT('Ctrl Pts',(234.993839923844,-83.3576095350474,3.3545290549616));
#8396=CARTESIAN_POINT('Ctrl Pts',(234.993839923844,-51.0696124652826,5.32934755515961));
#8397=CARTESIAN_POINT('Ctrl Pts',(234.993839923844,-18.7816153955178,7.30416605535763));
#8398=CARTESIAN_POINT('Ctrl Pts',(235.14214729302,-115.661761547805,1.64384153791755));
#8399=CARTESIAN_POINT('Ctrl Pts',(235.14214729302,-83.37376447804,3.61866003811557));
#8400=CARTESIAN_POINT('Ctrl Pts',(235.14214729302,-51.0857674082752,5.59347853831359));
#8401=CARTESIAN_POINT('Ctrl Pts',(235.14214729302,-18.7977703385104,7.56829703851161));
#8402=CARTESIAN_POINT('Ctrl Pts',(235.149999999998,-115.671944319941,1.81032839069721));
#8403=CARTESIAN_POINT('Ctrl Pts',(235.149999999998,-83.3839472501766,3.78514689089523));
#8404=CARTESIAN_POINT('Ctrl Pts',(235.149999999998,-51.0959501804118,5.75996539109325));
#8405=CARTESIAN_POINT('Ctrl Pts',(235.149999999998,-18.807953110647,7.73478389129127));
#8406=CARTESIAN_POINT('Ctrl Pts',(235.149999999998,-115.67879395006,1.92231885319773));
#8407=CARTESIAN_POINT('Ctrl Pts',(235.149999999998,-83.390796880295,3.89713735339575));
#8408=CARTESIAN_POINT('Ctrl Pts',(235.149999999998,-51.1027998105302,5.87195585359377));
#8409=CARTESIAN_POINT('Ctrl Pts',(235.149999999998,-18.8148027407654,7.84677435379179));
#8410=CARTESIAN_POINT('',(235.149999999998,-91.4627961477244,3.40343272834696));
#8411=CARTESIAN_POINT('Ctrl Pts',(230.149999999998,-120.669467942169,1.61707615552344));
#8412=CARTESIAN_POINT('Ctrl Pts',(158.466666666666,-120.669467942169,1.61707615552344));
#8413=CARTESIAN_POINT('Ctrl Pts',(86.7833333333328,-120.669467942169,1.61707615552344));
#8414=CARTESIAN_POINT('Ctrl Pts',(15.1000000000001,-120.669467942169,1.61707615552344));
#8415=CARTESIAN_POINT('Ctrl Pts',(230.149999999998,-120.662618312051,1.50508569302292));
#8416=CARTESIAN_POINT('Ctrl Pts',(158.466666666665,-120.662618312051,1.50508569302292));
#8417=CARTESIAN_POINT('Ctrl Pts',(86.7833333333329,-120.662618312051,1.50508569302292));
#8418=CARTESIAN_POINT('Ctrl Pts',(15.1000000000001,-120.662618312051,1.50508569302292));
#8419=CARTESIAN_POINT('Ctrl Pts',(230.149999999998,-120.640115403437,1.28335579940545));
#8420=CARTESIAN_POINT('Ctrl Pts',(158.466666666666,-120.640115403437,1.28335579940545));
#8421=CARTESIAN_POINT('Ctrl Pts',(86.7833333333328,-120.640115403437,1.28335579940545));
#8422=CARTESIAN_POINT('Ctrl Pts',(15.1000000000001,-120.640115403437,1.28335579940545));
#8423=CARTESIAN_POINT('Ctrl Pts',(230.149999999998,-120.427222090739,1.03694290784544));
#8424=CARTESIAN_POINT('Ctrl Pts',(158.466666666666,-120.427222090739,1.03694290784544));
#8425=CARTESIAN_POINT('Ctrl Pts',(86.7833333333329,-120.427222090739,1.03694290784544));
#8426=CARTESIAN_POINT('Ctrl Pts',(15.1000000000001,-120.427222090739,1.03694290784544));
#8427=CARTESIAN_POINT('Ctrl Pts',(230.149999999998,-120.15403715621,0.905067096165522));
#8428=CARTESIAN_POINT('Ctrl Pts',(158.466666666666,-120.15403715621,0.905067096165522));
#8429=CARTESIAN_POINT('Ctrl Pts',(86.7833333333328,-120.15403715621,0.905067096165522));
#8430=CARTESIAN_POINT('Ctrl Pts',(15.1000000000001,-120.15403715621,0.905067096165522));
#8431=CARTESIAN_POINT('Ctrl Pts',(230.149999999998,-119.987070901202,0.90741183123977));
#8432=CARTESIAN_POINT('Ctrl Pts',(158.466666666666,-119.987070901202,0.90741183123977));
#8433=CARTESIAN_POINT('Ctrl Pts',(86.7833333333329,-119.987070901202,0.90741183123977));
#8434=CARTESIAN_POINT('Ctrl Pts',(15.1000000000001,-119.987070901202,0.90741183123977));
#8435=CARTESIAN_POINT('Ctrl Pts',(230.149999999998,-119.875080438701,0.914261461358168));
#8436=CARTESIAN_POINT('Ctrl Pts',(158.466666666666,-119.875080438701,0.914261461358168));
#8437=CARTESIAN_POINT('Ctrl Pts',(86.7833333333328,-119.875080438701,0.914261461358168));
#8438=CARTESIAN_POINT('Ctrl Pts',(15.1000000000001,-119.875080438701,0.914261461358168));
#8439=CARTESIAN_POINT('',(68.8624999999997,-120.669467942169,1.61707615552344));
#8440=CARTESIAN_POINT('Ctrl Pts',(10.8500000000001,-18.7690163360671,7.09817325497827));
#8441=CARTESIAN_POINT('Ctrl Pts',(10.8500000000001,-51.0570134058476,5.12335475477929));
#8442=CARTESIAN_POINT('Ctrl Pts',(10.8500000000001,-83.3450104756281,3.14853625458031));
#8443=CARTESIAN_POINT('Ctrl Pts',(10.8500000000001,-115.633007545409,1.17371775438133));
#8444=CARTESIAN_POINT('Ctrl Pts',(10.7378002623719,-18.7690163360671,7.09817325497827));
#8445=CARTESIAN_POINT('Ctrl Pts',(10.7378002623719,-51.0570134058476,5.12335475477929));
#8446=CARTESIAN_POINT('Ctrl Pts',(10.7378002623719,-83.345010475628,3.14853625458031));
#8447=CARTESIAN_POINT('Ctrl Pts',(10.7378002623719,-115.633007545409,1.17371775438133));
#8448=CARTESIAN_POINT('Ctrl Pts',(10.5150914029961,-18.7695589186809,7.10704440229788));
#8449=CARTESIAN_POINT('Ctrl Pts',(10.5150914029961,-51.0575559884613,5.13222590209891));
#8450=CARTESIAN_POINT('Ctrl Pts',(10.5150914029961,-83.3455530582419,3.15740740189992));
#8451=CARTESIAN_POINT('Ctrl Pts',(10.5150914029961,-115.633550128022,1.18258890170095));
#8452=CARTESIAN_POINT('Ctrl Pts',(10.2561347408943,-18.7816142878602,7.3041479460906));
#8453=CARTESIAN_POINT('Ctrl Pts',(10.2561347408943,-51.0696113576407,5.32932944589162));
#8454=CARTESIAN_POINT('Ctrl Pts',(10.2561347408943,-83.3576084274212,3.35451094569264));
#8455=CARTESIAN_POINT('Ctrl Pts',(10.2561347408943,-115.645605497202,1.37969244549366));
#8456=CARTESIAN_POINT('Ctrl Pts',(10.1078105570111,-18.797769547854,7.56828411216806));
#8457=CARTESIAN_POINT('Ctrl Pts',(10.1078105570111,-51.0857666176345,5.59346561196908));
#8458=CARTESIAN_POINT('Ctrl Pts',(10.1078105570111,-83.373763687415,3.61864711177011));
#8459=CARTESIAN_POINT('Ctrl Pts',(10.1078105570111,-115.661760757195,1.64382861157113));
#8460=CARTESIAN_POINT('Ctrl Pts',(10.1000000000001,-18.8079531105998,7.73478389129415));
#8461=CARTESIAN_POINT('Ctrl Pts',(10.1000000000001,-51.0959501803803,5.75996539109517));
#8462=CARTESIAN_POINT('Ctrl Pts',(10.1000000000001,-83.3839472501608,3.7851468908962));
#8463=CARTESIAN_POINT('Ctrl Pts',(10.1000000000001,-115.671944319941,1.81032839069722));
#8464=CARTESIAN_POINT('Ctrl Pts',(10.1000000000001,-18.8148027407182,7.84677435379467));
#8465=CARTESIAN_POINT('Ctrl Pts',(10.1000000000001,-51.1027998104987,5.87195585359569));
#8466=CARTESIAN_POINT('Ctrl Pts',(10.1000000000001,-83.3907968802792,3.89713735339671));
#8467=CARTESIAN_POINT('Ctrl Pts',(10.1000000000001,-115.67879395006,1.92231885319773));
#8468=CARTESIAN_POINT('',(10.1000000000001,-18.8148027407183,7.84677435379467));
#8469=CARTESIAN_POINT('Ctrl Pts',(10.1000000000001,-18.8148027407182,7.84677435379467));
#8470=CARTESIAN_POINT('Ctrl Pts',(10.1000000000001,-18.8079531105998,7.73478389129415));
#8471=CARTESIAN_POINT('Ctrl Pts',(10.1078105570111,-18.797769547854,7.56828411216806));
#8472=CARTESIAN_POINT('Ctrl Pts',(10.2561347408943,-18.7816142878602,7.3041479460906));
#8473=CARTESIAN_POINT('Ctrl Pts',(10.5150914029961,-18.7695589186809,7.10704440229788));
#8474=CARTESIAN_POINT('Ctrl Pts',(10.7378002623719,-18.7690163360671,7.09817325497827));
#8475=CARTESIAN_POINT('Ctrl Pts',(10.8500000000001,-18.7690163360671,7.09817325497827));
#8476=CARTESIAN_POINT('',(10.1000000000001,-43.0308005430536,6.36566047864543));
#8477=CARTESIAN_POINT('Ctrl Pts',(15.1000000000001,-14.5269434427742,7.35762954800141));
#8478=CARTESIAN_POINT('Ctrl Pts',(14.4642014867736,-14.5269434427742,7.35762954800141));
#8479=CARTESIAN_POINT('Ctrl Pts',(13.1946615894962,-14.81707334081,7.33988444325354));
#8480=CARTESIAN_POINT('Ctrl Pts',(11.4067929902139,-16.2361581739805,7.25308949664103));
#8481=CARTESIAN_POINT('Ctrl Pts',(10.8500000000001,-17.8170974048127,7.15639511098463));
#8482=CARTESIAN_POINT('Ctrl Pts',(10.8500000000001,-18.7690163360671,7.09817325497827));
#8483=CARTESIAN_POINT('Ctrl Pts',(15.1000000000001,-14.4149529802736,7.36447917811981));
#8484=CARTESIAN_POINT('Ctrl Pts',(14.4475021923696,-14.4149529802736,7.36447917811981));
#8485=CARTESIAN_POINT('Ctrl Pts',(13.1443536373162,-14.7128674256701,7.34625795005869));
#8486=CARTESIAN_POINT('Ctrl Pts',(11.309461873576,-16.1692449809157,7.25718208285151));
#8487=CARTESIAN_POINT('Ctrl Pts',(10.7378002623719,-17.7920951845321,7.15792431228658));
#8488=CARTESIAN_POINT('Ctrl Pts',(10.7378002623719,-18.7690163360671,7.09817325497827));
#8489=CARTESIAN_POINT('Ctrl Pts',(15.1000000000001,-14.1931511835433,7.3868354604131));
#8490=CARTESIAN_POINT('Ctrl Pts',(14.4140913441998,-14.1931511835433,7.3868354604131));
#8491=CARTESIAN_POINT('Ctrl Pts',(13.0444974318252,-14.506144950703,7.36769194152284));
#8492=CARTESIAN_POINT('Ctrl Pts',(11.1157198742898,-16.0370739279484,7.27405631401021));
#8493=CARTESIAN_POINT('Ctrl Pts',(10.5150473523194,-17.7426080234702,7.1697413799721));
#8494=CARTESIAN_POINT('Ctrl Pts',(10.5150473523194,-18.7695519703099,7.10693079743571));
#8495=CARTESIAN_POINT('Ctrl Pts',(15.1000000000001,-13.9467104042744,7.59981231075309));
#8496=CARTESIAN_POINT('Ctrl Pts',(14.3753028494715,-13.9467104042744,7.59981231075309));
#8497=CARTESIAN_POINT('Ctrl Pts',(12.9283951912133,-14.2773186055441,7.57959144692019));
#8498=CARTESIAN_POINT('Ctrl Pts',(10.8905779190623,-15.8948118221045,7.48066132371973));
#8499=CARTESIAN_POINT('Ctrl Pts',(10.2560643091129,-17.6965930122769,7.37045966519091));
#8500=CARTESIAN_POINT('Ctrl Pts',(10.2560643091129,-18.7816111786666,7.30409711122365));
#8501=CARTESIAN_POINT('Ctrl Pts',(15.1000000000001,-13.814763529218,7.8730283163014));
#8502=CARTESIAN_POINT('Ctrl Pts',(14.3531204404979,-13.814763529218,7.8730283163014));
#8503=CARTESIAN_POINT('Ctrl Pts',(12.8618728647551,-14.1555232409771,7.85218655948849));
#8504=CARTESIAN_POINT('Ctrl Pts',(10.7616670712482,-15.8225305981384,7.75022802171437));
#8505=CARTESIAN_POINT('Ctrl Pts',(10.1076841034599,-17.6795380324158,7.63664858139503));
#8506=CARTESIAN_POINT('Ctrl Pts',(10.1076841034599,-18.7977677502695,7.56825472192096));
#8507=CARTESIAN_POINT('Ctrl Pts',(15.1000000000001,-13.8172791184905,8.04002658896848));
#8508=CARTESIAN_POINT('Ctrl Pts',(14.3516845525981,-13.8172791184905,8.04002658896848));
#8509=CARTESIAN_POINT('Ctrl Pts',(12.8584517961142,-14.1581455060345,8.01917830758505));
#8510=CARTESIAN_POINT('Ctrl Pts',(10.7544242248486,-15.8282897501144,7.91702790958787));
#8511=CARTESIAN_POINT('Ctrl Pts',(10.1000000000001,-17.687573578227,7.80330923905708));
#8512=CARTESIAN_POINT('Ctrl Pts',(10.1000000000001,-18.8079531105998,7.73478389129418));
#8513=CARTESIAN_POINT('Ctrl Pts',(15.1000000000001,-13.8241287486089,8.152017051469));
#8514=CARTESIAN_POINT('Ctrl Pts',(14.3520017491454,-13.8241287486089,8.152017051469));
#8515=CARTESIAN_POINT('Ctrl Pts',(12.8584253994072,-14.1654580404158,8.13114045764797));
#8516=CARTESIAN_POINT('Ctrl Pts',(10.7550505767222,-15.8349696088516,8.0290287557509));
#8517=CARTESIAN_POINT('Ctrl Pts',(10.1000000000001,-17.6948981157131,7.91527065497867));
#8518=CARTESIAN_POINT('Ctrl Pts',(10.1000000000001,-18.8148027407182,7.8467743537947));
#8519=CARTESIAN_POINT('Origin',(15.1000000000001,-18.8148027407183,7.8467743537947));
#8520=CARTESIAN_POINT('Origin',(235.149999999998,-115.633007545409,1.17371775438133));
#8521=CARTESIAN_POINT('',(235.149999999998,-18.7690163361143,7.09817325497538));
#8522=CARTESIAN_POINT('Origin',(230.149999999998,-18.7690163361143,7.09817325497538));
#8523=CARTESIAN_POINT('',(230.149999999998,-13.7783423440049,7.40341595264967));
#8524=CARTESIAN_POINT('Origin',(230.149999999998,-13.7783423440049,7.40341595264967));
#8525=CARTESIAN_POINT('',(15.1000000000001,-13.7783423439578,7.40341595265256));
#8526=CARTESIAN_POINT('Ctrl Pts',(132.149999999995,-23.5353413568718,11.3150614199698));
#8527=CARTESIAN_POINT('Ctrl Pts',(132.149999999996,-28.0269481691614,11.0403429786444));
#8528=CARTESIAN_POINT('Ctrl Pts',(132.149999999997,-32.5185549814509,10.765624537319));
#8529=CARTESIAN_POINT('Ctrl Pts',(132.149999999999,-37.0101617937404,10.4909060959936));
#8530=CARTESIAN_POINT('Ctrl Pts',(132.149999999995,-23.5399077769508,11.3897217283035));
#8531=CARTESIAN_POINT('Ctrl Pts',(132.149999999996,-28.0315145892403,11.1150032869781));
#8532=CARTESIAN_POINT('Ctrl Pts',(132.149999999997,-32.5231214015298,10.8402848456527));
#8533=CARTESIAN_POINT('Ctrl Pts',(132.149999999999,-37.0147282138194,10.5655664043273));
#8534=CARTESIAN_POINT('Ctrl Pts',(132.15556899074,-23.548948619428,11.5375381961878));
#8535=CARTESIAN_POINT('Ctrl Pts',(132.155568990741,-28.0405554317175,11.2628197548624));
#8536=CARTESIAN_POINT('Ctrl Pts',(132.155568990742,-32.532162244007,10.988101313537));
#8537=CARTESIAN_POINT('Ctrl Pts',(132.155568990743,-37.0237690562966,10.7133828722116));
#8538=CARTESIAN_POINT('Ctrl Pts',(132.301377070258,-23.5606295003837,11.7285189116489));
#8539=CARTESIAN_POINT('Ctrl Pts',(132.30137707026,-28.0522363126733,11.4538004703235));
#8540=CARTESIAN_POINT('Ctrl Pts',(132.301377070261,-32.5438431249628,11.1790820289981));
#8541=CARTESIAN_POINT('Ctrl Pts',(132.301377070262,-37.0354499372523,10.9043635876727));
#8542=CARTESIAN_POINT('Ctrl Pts',(132.483679004053,-23.5657785772554,11.8127055743372));
#8543=CARTESIAN_POINT('Ctrl Pts',(132.483679004054,-28.057385389545,11.5379871330118));
#8544=CARTESIAN_POINT('Ctrl Pts',(132.483679004056,-32.5489922018345,11.2632686916864));
#8545=CARTESIAN_POINT('Ctrl Pts',(132.483679004057,-37.040599014124,10.988550250361));
#8546=CARTESIAN_POINT('Ctrl Pts',(132.593900131181,-23.5658656266392,11.8141288191808));
#8547=CARTESIAN_POINT('Ctrl Pts',(132.593900131182,-28.0574724389287,11.5394103778554));
#8548=CARTESIAN_POINT('Ctrl Pts',(132.593900131183,-32.5490792512182,11.26469193653));
#8549=CARTESIAN_POINT('Ctrl Pts',(132.593900131185,-37.0406860635077,10.9899734952046));
#8550=CARTESIAN_POINT('Ctrl Pts',(132.649999999995,-23.5658656266391,11.8141288191808));
#8551=CARTESIAN_POINT('Ctrl Pts',(132.649999999996,-28.0574724389287,11.5394103778554));
#8552=CARTESIAN_POINT('Ctrl Pts',(132.649999999997,-32.5490792512182,11.26469193653));
#8553=CARTESIAN_POINT('Ctrl Pts',(132.649999999999,-37.0406860635077,10.9899734952046));
#8554=CARTESIAN_POINT('',(132.149999999995,-23.5353413568719,11.3150614199698));
#8555=CARTESIAN_POINT('Ctrl Pts',(132.649999999995,-23.5658656266391,11.8141288191808));
#8556=CARTESIAN_POINT('Ctrl Pts',(132.593900131181,-23.5658656266392,11.8141288191808));
#8557=CARTESIAN_POINT('Ctrl Pts',(132.483679004053,-23.5657785772554,11.8127055743372));
#8558=CARTESIAN_POINT('Ctrl Pts',(132.301377070258,-23.5606295003837,11.7285189116489));
#8559=CARTESIAN_POINT('Ctrl Pts',(132.15556899074,-23.548948619428,11.5375381961878));
#8560=CARTESIAN_POINT('Ctrl Pts',(132.149999999995,-23.5399077769508,11.3897217283035));
#8561=CARTESIAN_POINT('Ctrl Pts',(132.149999999995,-23.5353413568718,11.3150614199698));
#8562=CARTESIAN_POINT('',(132.149999999999,-37.0101617937404,10.4909060959936));
#8563=CARTESIAN_POINT('',(132.150000000001,-45.505535862757,9.9713067587741));
#8564=CARTESIAN_POINT('Ctrl Pts',(132.149999999999,-37.0101617937404,10.4909060959936));
#8565=CARTESIAN_POINT('Ctrl Pts',(132.149999999999,-37.0147282138194,10.5655664043273));
#8566=CARTESIAN_POINT('Ctrl Pts',(132.155568990743,-37.0237690562966,10.7133828722116));
#8567=CARTESIAN_POINT('Ctrl Pts',(132.301377070262,-37.0354499372523,10.9043635876727));
#8568=CARTESIAN_POINT('Ctrl Pts',(132.483679004057,-37.040599014124,10.988550250361));
#8569=CARTESIAN_POINT('Ctrl Pts',(132.593900131185,-37.0406860635077,10.9899734952046));
#8570=CARTESIAN_POINT('Ctrl Pts',(132.649999999999,-37.0406860635077,10.9899734952046));
#8571=CARTESIAN_POINT('Ctrl Pts',(132.149999999999,-37.0101617937405,10.4909060959937));
#8572=CARTESIAN_POINT('Ctrl Pts',(132.149999999999,-37.6821045687434,10.4498083152833));
#8573=CARTESIAN_POINT('Ctrl Pts',(132.543547629447,-38.7978108318622,10.3815687969127));
#8574=CARTESIAN_POINT('Ctrl Pts',(133.804893164931,-39.7998449131979,10.3202817670181));
#8575=CARTESIAN_POINT('Ctrl Pts',(134.701201049486,-40.004566189005,10.3077604773892));
#8576=CARTESIAN_POINT('Ctrl Pts',(135.149999999999,-40.004566189005,10.3077604773892));
#8577=CARTESIAN_POINT('Ctrl Pts',(132.149999999999,-37.0147282138194,10.5655664043273));
#8578=CARTESIAN_POINT('Ctrl Pts',(132.149999999999,-37.6867281673284,10.5244651264297));
#8579=CARTESIAN_POINT('Ctrl Pts',(132.543414286706,-38.8023392677794,10.4562314284572));
#8580=CARTESIAN_POINT('Ctrl Pts',(133.804868863445,-39.804464933288,10.3949387970346));
#8581=CARTESIAN_POINT('Ctrl Pts',(134.701162859249,-40.0091326090839,10.3824207857228));
#8582=CARTESIAN_POINT('Ctrl Pts',(135.149999999999,-40.0091326090839,10.3824207857228));
#8583=CARTESIAN_POINT('Ctrl Pts',(132.155569974279,-37.0237690708528,10.7133831102025));
#8584=CARTESIAN_POINT('Ctrl Pts',(132.15556997428,-37.6945668521567,10.6723553603068));
#8585=CARTESIAN_POINT('Ctrl Pts',(132.548147712664,-38.8080309149555,10.6042529807827));
#8586=CARTESIAN_POINT('Ctrl Pts',(133.807346973234,-39.8083688572878,10.5430696911937));
#8587=CARTESIAN_POINT('Ctrl Pts',(134.701965805042,-40.0126138809614,10.5305775303931));
#8588=CARTESIAN_POINT('Ctrl Pts',(135.149999999999,-40.0126138809614,10.5305775303931));
#8589=CARTESIAN_POINT('Ctrl Pts',(132.301377554386,-37.0354499417747,10.9043636616124));
#8590=CARTESIAN_POINT('Ctrl Pts',(132.301377554386,-37.6735518209955,10.8653356787563));
#8591=CARTESIAN_POINT('Ctrl Pts',(132.674916000827,-38.7328526269391,10.8005460659373));
#8592=CARTESIAN_POINT('Ctrl Pts',(133.872738623316,-39.6844286592731,10.7423451825274));
#8593=CARTESIAN_POINT('Ctrl Pts',(134.72380380537,-39.8787591323056,10.7304594216216));
#8594=CARTESIAN_POINT('Ctrl Pts',(135.149999999999,-39.8787591323056,10.7304594216216));
#8595=CARTESIAN_POINT('Ctrl Pts',(132.483679480964,-37.0405990171637,10.9885503000587));
#8596=CARTESIAN_POINT('Ctrl Pts',(132.483679480964,-37.6377786339796,10.9520252299937));
#8597=CARTESIAN_POINT('Ctrl Pts',(132.833513233404,-38.62943094077,10.8913731766321));
#8598=CARTESIAN_POINT('Ctrl Pts',(133.954515442801,-39.5199717300523,10.8369053686088));
#8599=CARTESIAN_POINT('Ctrl Pts',(134.751136294241,-39.7019463109572,10.8257753264398));
#8600=CARTESIAN_POINT('Ctrl Pts',(135.149999999999,-39.7019463109572,10.8257753264398));
#8601=CARTESIAN_POINT('Ctrl Pts',(132.593900131185,-37.0406860635077,10.9899734952046));
#8602=CARTESIAN_POINT('Ctrl Pts',(132.593900131185,-37.6132886039416,10.9549516235269));
#8603=CARTESIAN_POINT('Ctrl Pts',(132.92901775811,-38.5637661361177,10.8968179272648));
#8604=CARTESIAN_POINT('Ctrl Pts',(134.003888103369,-39.4176685610057,10.8445910176058));
#8605=CARTESIAN_POINT('Ctrl Pts',(134.767551629739,-39.5920182908117,10.8339273313083));
#8606=CARTESIAN_POINT('Ctrl Pts',(135.149999999999,-39.5920182908117,10.8339273313083));
#8607=CARTESIAN_POINT('Ctrl Pts',(132.649999999999,-37.0406860635077,10.9899734952046));
#8608=CARTESIAN_POINT('Ctrl Pts',(132.649999999999,-37.6006383760102,10.9557253446126));
#8609=CARTESIAN_POINT('Ctrl Pts',(132.977956357873,-38.5303935952758,10.8988590793038));
#8610=CARTESIAN_POINT('Ctrl Pts',(134.029077637442,-39.3654219963889,10.8477865543916));
#8611=CARTESIAN_POINT('Ctrl Pts',(134.776000874571,-39.5360230595615,10.8373521463675));
#8612=CARTESIAN_POINT('Ctrl Pts',(135.149999999999,-39.5360230595615,10.8373521463675));
#8613=CARTESIAN_POINT('',(135.149999999999,-40.004566189005,10.3077604773892));
#8614=CARTESIAN_POINT('Ctrl Pts',(135.149999999999,-40.004566189005,10.3077604773892));
#8615=CARTESIAN_POINT('Ctrl Pts',(135.149999999999,-40.0091326090839,10.3824207857228));
#8616=CARTESIAN_POINT('Ctrl Pts',(135.149999999999,-40.0126138809614,10.5305775303931));
#8617=CARTESIAN_POINT('Ctrl Pts',(135.149999999999,-39.8787591323056,10.7304594216216));
#8618=CARTESIAN_POINT('Ctrl Pts',(135.149999999999,-39.7019463109572,10.8257753264398));
#8619=CARTESIAN_POINT('Ctrl Pts',(135.149999999999,-39.5920182908117,10.8339273313083));
#8620=CARTESIAN_POINT('Ctrl Pts',(135.149999999999,-39.5360230595615,10.8373521463675));
#8621=CARTESIAN_POINT('Origin',(135.149999999999,-37.0101617937394,10.4909060959937));
#8622=CARTESIAN_POINT('Ctrl Pts',(135.149999999999,-40.004566189005,10.3077604773891));
#8623=CARTESIAN_POINT('Ctrl Pts',(166.649999999999,-40.004566189005,10.3077604773891));
#8624=CARTESIAN_POINT('Ctrl Pts',(198.149999999998,-40.004566189005,10.3077604773891));
#8625=CARTESIAN_POINT('Ctrl Pts',(229.649999999998,-40.004566189005,10.3077604773891));
#8626=CARTESIAN_POINT('Ctrl Pts',(135.149999999999,-40.0091326090839,10.3824207857228));
#8627=CARTESIAN_POINT('Ctrl Pts',(166.649999999998,-40.0091326090839,10.3824207857228));
#8628=CARTESIAN_POINT('Ctrl Pts',(198.149999999999,-40.0091326090839,10.3824207857228));
#8629=CARTESIAN_POINT('Ctrl Pts',(229.649999999998,-40.0091326090839,10.3824207857228));
#8630=CARTESIAN_POINT('Ctrl Pts',(135.149999999999,-40.0126019127574,10.5305812046849));
#8631=CARTESIAN_POINT('Ctrl Pts',(166.649999999999,-40.0126019127574,10.5305812046849));
#8632=CARTESIAN_POINT('Ctrl Pts',(198.149999999998,-40.0126019127574,10.5305812046849));
#8633=CARTESIAN_POINT('Ctrl Pts',(229.649999999998,-40.0126019127574,10.5305812046849));
#8634=CARTESIAN_POINT('Ctrl Pts',(135.149999999999,-39.8787531518929,10.7304607173555));
#8635=CARTESIAN_POINT('Ctrl Pts',(166.649999999998,-39.8787531518929,10.7304607173555));
#8636=CARTESIAN_POINT('Ctrl Pts',(198.149999999999,-39.8787531518929,10.7304607173555));
#8637=CARTESIAN_POINT('Ctrl Pts',(229.649999999998,-39.8787531518929,10.7304607173555));
#8638=CARTESIAN_POINT('Ctrl Pts',(135.149999999999,-39.7019403987409,10.825776322933));
#8639=CARTESIAN_POINT('Ctrl Pts',(166.649999999999,-39.7019403987409,10.825776322933));
#8640=CARTESIAN_POINT('Ctrl Pts',(198.149999999998,-39.7019403987409,10.825776322933));
#8641=CARTESIAN_POINT('Ctrl Pts',(229.649999999998,-39.7019403987409,10.825776322933));
#8642=CARTESIAN_POINT('Ctrl Pts',(135.149999999999,-39.5920182908117,10.8339273313083));
#8643=CARTESIAN_POINT('Ctrl Pts',(166.649999999998,-39.5920182908118,10.8339273313083));
#8644=CARTESIAN_POINT('Ctrl Pts',(198.149999999999,-39.5920182908118,10.8339273313083));
#8645=CARTESIAN_POINT('Ctrl Pts',(229.649999999998,-39.5920182908118,10.8339273313083));
#8646=CARTESIAN_POINT('Ctrl Pts',(135.149999999999,-39.5360230595615,10.8373521463675));
#8647=CARTESIAN_POINT('Ctrl Pts',(166.649999999999,-39.5360230595615,10.8373521463675));
#8648=CARTESIAN_POINT('Ctrl Pts',(198.149999999998,-39.5360230595615,10.8373521463675));
#8649=CARTESIAN_POINT('Ctrl Pts',(229.649999999998,-39.5360230595615,10.8373521463675));
#8650=CARTESIAN_POINT('',(229.649999999998,-40.004566189005,10.3077604773891));
#8651=CARTESIAN_POINT('Ctrl Pts',(229.649999999998,-40.004566189005,10.3077604773891));
#8652=CARTESIAN_POINT('Ctrl Pts',(229.649999999998,-40.0091326090839,10.3824207857228));
#8653=CARTESIAN_POINT('Ctrl Pts',(229.649999999998,-40.0126019127574,10.5305812046849));
#8654=CARTESIAN_POINT('Ctrl Pts',(229.649999999998,-39.8787531518929,10.7304607173555));
#8655=CARTESIAN_POINT('Ctrl Pts',(229.649999999998,-39.7019403987409,10.825776322933));
#8656=CARTESIAN_POINT('Ctrl Pts',(229.649999999998,-39.5920182908118,10.8339273313083));
#8657=CARTESIAN_POINT('Ctrl Pts',(229.649999999998,-39.5360230595615,10.8373521463675));
#8658=CARTESIAN_POINT('',(128.887499999999,-40.004566189005,10.3077604773891));
#8659=CARTESIAN_POINT('Ctrl Pts',(229.649999999998,-40.004566189005,10.3077604773892));
#8660=CARTESIAN_POINT('Ctrl Pts',(229.874399475255,-40.004566189005,10.3077604773892));
#8661=CARTESIAN_POINT('Ctrl Pts',(230.322400652746,-40.1071030306115,10.3014890554945));
#8662=CARTESIAN_POINT('Ctrl Pts',(230.953264720191,-40.6078988509231,10.2708590709639));
#8663=CARTESIAN_POINT('Ctrl Pts',(231.149999999998,-41.1657969991363,10.2367365584421));
#8664=CARTESIAN_POINT('Ctrl Pts',(231.149999999998,-41.5017683866378,10.2161876680869));
#8665=CARTESIAN_POINT('Ctrl Pts',(229.649999999998,-40.009132609084,10.3824207857228));
#8666=CARTESIAN_POINT('Ctrl Pts',(229.874361285018,-40.009132609084,10.3824207857228));
#8667=CARTESIAN_POINT('Ctrl Pts',(230.322371423139,-40.1117252273274,10.376145952383));
#8668=CARTESIAN_POINT('Ctrl Pts',(230.953130942257,-40.6124377146613,10.3455210647156));
#8669=CARTESIAN_POINT('Ctrl Pts',(231.149999999998,-41.1704205977212,10.3113933695885));
#8670=CARTESIAN_POINT('Ctrl Pts',(231.149999999998,-41.5063348067167,10.2908479764205));
#8671=CARTESIAN_POINT('Ctrl Pts',(229.649999999998,-40.0126016015868,10.5305812998782));
#8672=CARTESIAN_POINT('Ctrl Pts',(229.875164230811,-40.0126016015868,10.5305812998782));
#8673=CARTESIAN_POINT('Ctrl Pts',(230.324849220705,-40.1156228360897,10.5242802512448));
#8674=CARTESIAN_POINT('Ctrl Pts',(230.957868471237,-40.6181288687943,10.4935456656432));
#8675=CARTESIAN_POINT('Ctrl Pts',(231.155582460872,-41.1782594664775,10.4592866106624));
#8676=CARTESIAN_POINT('Ctrl Pts',(231.155582460872,-41.5153758476781,10.4386676894926));
#8677=CARTESIAN_POINT('Ctrl Pts',(229.649999999998,-39.878752995022,10.7304607514109));
#8678=CARTESIAN_POINT('Ctrl Pts',(229.897002231139,-39.878752995022,10.7304607514109));
#8679=CARTESIAN_POINT('Ctrl Pts',(230.390227182018,-39.9917026683917,10.7235524534424));
#8680=CARTESIAN_POINT('Ctrl Pts',(231.084638627548,-40.5429436080419,10.6898371132392));
#8681=CARTESIAN_POINT('Ctrl Pts',(231.301383761403,-41.1572443095455,10.652264872775));
#8682=CARTESIAN_POINT('Ctrl Pts',(231.301383761403,-41.5270565928292,10.6296461845655));
#8683=CARTESIAN_POINT('Ctrl Pts',(229.649999999998,-39.7019402435785,10.8257763493593));
#8684=CARTESIAN_POINT('Ctrl Pts',(229.92433472001,-39.7019402435785,10.8257763493593));
#8685=CARTESIAN_POINT('Ctrl Pts',(230.471993172033,-39.8272637683677,10.8181112342167));
#8686=CARTESIAN_POINT('Ctrl Pts',(231.243241198757,-40.4395000613279,10.780665258388));
#8687=CARTESIAN_POINT('Ctrl Pts',(231.483685599474,-41.1214711040912,10.7389541225459));
#8688=CARTESIAN_POINT('Ctrl Pts',(231.483685599474,-41.5322056497797,10.7138325215452));
#8689=CARTESIAN_POINT('Ctrl Pts',(229.649999999998,-39.5920182908118,10.8339273313083));
#8690=CARTESIAN_POINT('Ctrl Pts',(229.940750055508,-39.5920182908118,10.8339273313083));
#8691=CARTESIAN_POINT('Ctrl Pts',(230.521343063225,-39.7249820559333,10.8257949190484));
#8692=CARTESIAN_POINT('Ctrl Pts',(231.33874560623,-40.3738563217229,10.7861080688045));
#8693=CARTESIAN_POINT('Ctrl Pts',(231.593900131184,-41.0969810343346,10.7418798666856));
#8694=CARTESIAN_POINT('Ctrl Pts',(231.593900131184,-41.5322926564052,10.7152550672978));
#8695=CARTESIAN_POINT('Ctrl Pts',(229.649999999998,-39.5360230595615,10.8373521463675));
#8696=CARTESIAN_POINT('Ctrl Pts',(229.94919930034,-39.5360230595615,10.8373521463675));
#8697=CARTESIAN_POINT('Ctrl Pts',(230.546534203662,-39.6727388483702,10.828990250508));
#8698=CARTESIAN_POINT('Ctrl Pts',(231.387686293588,-40.3404666087856,10.7881502711338));
#8699=CARTESIAN_POINT('Ctrl Pts',(231.649999999998,-41.0843308064032,10.7426535877714));
#8700=CARTESIAN_POINT('Ctrl Pts',(231.649999999998,-41.5322926564052,10.7152550672978));
#8701=CARTESIAN_POINT('',(231.149999999998,-41.5017683866378,10.2161876680869));
#8702=CARTESIAN_POINT('Ctrl Pts',(231.149999999998,-41.5017683866378,10.2161876680869));
#8703=CARTESIAN_POINT('Ctrl Pts',(231.149999999998,-41.5063348067167,10.2908479764205));
#8704=CARTESIAN_POINT('Ctrl Pts',(231.155582460872,-41.5153758476781,10.4386676894926));
#8705=CARTESIAN_POINT('Ctrl Pts',(231.301383761403,-41.5270565928292,10.6296461845655));
#8706=CARTESIAN_POINT('Ctrl Pts',(231.483685599474,-41.5322056497797,10.7138325215452));
#8707=CARTESIAN_POINT('Ctrl Pts',(231.593900131184,-41.5322926564052,10.7152550672978));
#8708=CARTESIAN_POINT('Ctrl Pts',(231.649999999998,-41.5322926564052,10.7152550672978));
#8709=CARTESIAN_POINT('Origin',(229.649999999998,-41.5017683866378,10.2161876680869));
#8710=CARTESIAN_POINT('Ctrl Pts',(231.149999999998,-41.5017683866378,10.2161876680868));
#8711=CARTESIAN_POINT('Ctrl Pts',(231.149999999998,-64.8065470722844,8.79080634164551));
#8712=CARTESIAN_POINT('Ctrl Pts',(231.149999999998,-88.111325757931,7.36542501520417));
#8713=CARTESIAN_POINT('Ctrl Pts',(231.149999999998,-111.416104443578,5.94004368876283));
#8714=CARTESIAN_POINT('Ctrl Pts',(231.149999999998,-41.5063348067167,10.2908479764205));
#8715=CARTESIAN_POINT('Ctrl Pts',(231.149999999998,-64.8111134923633,8.8654666499792));
#8716=CARTESIAN_POINT('Ctrl Pts',(231.149999999998,-88.11589217801,7.44008532353785));
#8717=CARTESIAN_POINT('Ctrl Pts',(231.149999999998,-111.420670863657,6.01470399709652));
#8718=CARTESIAN_POINT('Ctrl Pts',(231.1555870486,-41.5153759148553,10.438668787829));
#8719=CARTESIAN_POINT('Ctrl Pts',(231.1555870486,-64.820154600502,9.01328746138766));
#8720=CARTESIAN_POINT('Ctrl Pts',(231.1555870486,-88.1249332861485,7.58790613494633));
#8721=CARTESIAN_POINT('Ctrl Pts',(231.1555870486,-111.429711971795,6.16252480850499));
#8722=CARTESIAN_POINT('Ctrl Pts',(231.301386069808,-41.5270566145382,10.6296465395042));
#8723=CARTESIAN_POINT('Ctrl Pts',(231.301386069808,-64.8318353001847,9.20426521306288));
#8724=CARTESIAN_POINT('Ctrl Pts',(231.301386069808,-88.1366139858315,7.77888388662153));
#8725=CARTESIAN_POINT('Ctrl Pts',(231.301386069808,-111.441392671478,6.35350256018019));
#8726=CARTESIAN_POINT('Ctrl Pts',(231.48368787682,-41.5322056648906,10.7138327686055));
#8727=CARTESIAN_POINT('Ctrl Pts',(231.48368787682,-64.8369843505373,9.28845144216416));
#8728=CARTESIAN_POINT('Ctrl Pts',(231.48368787682,-88.1417630361837,7.86307011572282));
#8729=CARTESIAN_POINT('Ctrl Pts',(231.48368787682,-111.44654172183,6.43768878928148));
#8730=CARTESIAN_POINT('Ctrl Pts',(231.593900131184,-41.5322926564052,10.7152550672978));
#8731=CARTESIAN_POINT('Ctrl Pts',(231.593900131184,-64.8370713420518,9.28987374085649));
#8732=CARTESIAN_POINT('Ctrl Pts',(231.593900131184,-88.1418500276986,7.86449241441515));
#8733=CARTESIAN_POINT('Ctrl Pts',(231.593900131184,-111.446628713345,6.43911108797381));
#8734=CARTESIAN_POINT('Ctrl Pts',(231.649999999998,-41.5322926564052,10.7152550672978));
#8735=CARTESIAN_POINT('Ctrl Pts',(231.649999999998,-64.8370713420518,9.28987374085649));
#8736=CARTESIAN_POINT('Ctrl Pts',(231.649999999998,-88.1418500276985,7.86449241441515));
#8737=CARTESIAN_POINT('Ctrl Pts',(231.649999999998,-111.446628713345,6.43911108797381));
#8738=CARTESIAN_POINT('',(231.149999999998,-111.416104443578,5.94004368876283));
#8739=CARTESIAN_POINT('Ctrl Pts',(231.149999999998,-111.416104443578,5.94004368876283));
#8740=CARTESIAN_POINT('Ctrl Pts',(231.149999999998,-111.420670863657,6.01470399709652));
#8741=CARTESIAN_POINT('Ctrl Pts',(231.1555870486,-111.429711971795,6.16252480850499));
#8742=CARTESIAN_POINT('Ctrl Pts',(231.301386069808,-111.441392671478,6.35350256018019));
#8743=CARTESIAN_POINT('Ctrl Pts',(231.48368787682,-111.44654172183,6.43768878928148));
#8744=CARTESIAN_POINT('Ctrl Pts',(231.593900131184,-111.446628713345,6.43911108797381));
#8745=CARTESIAN_POINT('Ctrl Pts',(231.649999999998,-111.446628713345,6.43911108797381));
#8746=CARTESIAN_POINT('',(231.149999999998,-54.4887493776412,9.42186988283253));
#8747=CARTESIAN_POINT('Ctrl Pts',(231.149999999998,-111.416104443578,5.9400436887628));
#8748=CARTESIAN_POINT('Ctrl Pts',(231.149999999998,-111.75207582932,5.91949479851519));
#8749=CARTESIAN_POINT('Ctrl Pts',(230.95325337614,-112.309968740799,5.88537260628579));
#8750=CARTESIAN_POINT('Ctrl Pts',(230.322393422641,-112.81076431364,5.85474263689104));
#8751=CARTESIAN_POINT('Ctrl Pts',(229.874399486416,-112.913306639368,5.84847087957317));
#8752=CARTESIAN_POINT('Ctrl Pts',(229.650000012334,-112.91330664121,5.84847087946051));
#8753=CARTESIAN_POINT('Ctrl Pts',(231.149999999998,-111.420670863657,6.01470399709647));
#8754=CARTESIAN_POINT('Ctrl Pts',(231.149999999998,-111.756585070893,5.99415860403609));
#8755=CARTESIAN_POINT('Ctrl Pts',(230.953117781809,-112.314562315378,5.96003125377907));
#8756=CARTESIAN_POINT('Ctrl Pts',(230.322362769329,-112.815274333926,5.92940639478381));
#8757=CARTESIAN_POINT('Ctrl Pts',(229.874361296179,-112.917873059448,5.92313118790683));
#8758=CARTESIAN_POINT('Ctrl Pts',(229.650000012334,-112.917873061289,5.92313118779419));
#8759=CARTESIAN_POINT('Ctrl Pts',(231.155587090869,-111.429711972413,6.16252481860831));
#8760=CARTESIAN_POINT('Ctrl Pts',(231.155587090869,-111.766828351849,6.14190589754638));
#8761=CARTESIAN_POINT('Ctrl Pts',(230.9578553011,-112.326956204332,6.10764701046926));
#8762=CARTESIAN_POINT('Ctrl Pts',(230.324840859529,-112.829461611182,6.0769124631465));
#8763=CARTESIAN_POINT('Ctrl Pts',(229.875164242014,-112.932490838018,6.07061092568118));
#8764=CARTESIAN_POINT('Ctrl Pts',(229.65000001238,-112.932490839866,6.07061092556814));
#8765=CARTESIAN_POINT('Ctrl Pts',(231.301386091145,-111.441392671679,6.35350256346408));
#8766=CARTESIAN_POINT('Ctrl Pts',(231.301386091145,-111.811204953026,6.33088387537303));
#8767=CARTESIAN_POINT('Ctrl Pts',(231.084624823019,-112.425501060326,6.29331191590237));
#8768=CARTESIAN_POINT('Ctrl Pts',(230.390218339008,-112.976741486668,6.25959660709444));
#8769=CARTESIAN_POINT('Ctrl Pts',(229.897002243426,-113.089698592855,6.25268785451543));
#8770=CARTESIAN_POINT('Ctrl Pts',(229.650000013579,-113.089698594882,6.25268785439142));
#8771=CARTESIAN_POINT('Ctrl Pts',(231.483687897875,-111.446541721971,6.43768879157851));
#8772=CARTESIAN_POINT('Ctrl Pts',(231.483687897875,-111.857276265509,6.4125671907094));
#8773=CARTESIAN_POINT('Ctrl Pts',(231.243228868062,-112.539242689019,6.37085633739292));
#8774=CARTESIAN_POINT('Ctrl Pts',(230.471985684157,-113.151478787239,6.33341037347507));
#8775=CARTESIAN_POINT('Ctrl Pts',(229.924334733654,-113.276809420035,6.32574482358817));
#8776=CARTESIAN_POINT('Ctrl Pts',(229.650000015078,-113.276809422287,6.32574482345044));
#8777=CARTESIAN_POINT('Ctrl Pts',(231.593900131184,-111.446628713345,6.4391110879737));
#8778=CARTESIAN_POINT('Ctrl Pts',(231.593900131184,-111.881940333137,6.41248628872529));
#8779=CARTESIAN_POINT('Ctrl Pts',(231.338728207195,-112.605057662434,6.36825853818929));
#8780=CARTESIAN_POINT('Ctrl Pts',(230.521331578856,-113.253931278798,6.32857172766591));
#8781=CARTESIAN_POINT('Ctrl Pts',(229.940750069972,-113.386903076552,6.32043882410919));
#8782=CARTESIAN_POINT('Ctrl Pts',(229.650000015984,-113.386903078939,6.32043882396322));
#8783=CARTESIAN_POINT('Ctrl Pts',(231.649999999998,-111.446628713345,6.4391110879737));
#8784=CARTESIAN_POINT('Ctrl Pts',(231.649999999998,-111.894590561002,6.41171256764355));
#8785=CARTESIAN_POINT('Ctrl Pts',(231.387671168187,-112.638447776307,6.36621631133771));
#8786=CARTESIAN_POINT('Ctrl Pts',(230.546524563521,-113.306175206762,6.32537635214471));
#8787=CARTESIAN_POINT('Ctrl Pts',(229.949199315221,-113.442898307733,6.31701400905423));
#8788=CARTESIAN_POINT('Ctrl Pts',(229.650000016446,-113.442898310189,6.31701400890402));
#8789=CARTESIAN_POINT('',(229.650000012334,-112.91330664121,5.84847087946051));
#8790=CARTESIAN_POINT('Ctrl Pts',(229.650000012334,-112.91330664121,5.84847087946051));
#8791=CARTESIAN_POINT('Ctrl Pts',(229.650000012334,-112.917873061289,5.92313118779419));
#8792=CARTESIAN_POINT('Ctrl Pts',(229.65000001238,-112.932490839866,6.07061092556814));
#8793=CARTESIAN_POINT('Ctrl Pts',(229.650000013579,-113.089698594882,6.25268785439142));
#8794=CARTESIAN_POINT('Ctrl Pts',(229.650000015078,-113.276809422287,6.32574482345044));
#8795=CARTESIAN_POINT('Ctrl Pts',(229.650000015984,-113.386903078939,6.32043882396322));
#8796=CARTESIAN_POINT('Ctrl Pts',(229.650000016446,-113.442898310189,6.31701400890402));
#8797=CARTESIAN_POINT('Origin',(229.649999999998,-111.416104443578,5.9400436887628));
#8798=CARTESIAN_POINT('Ctrl Pts',(229.650000012334,-112.91330664121,5.84847087946055));
#8799=CARTESIAN_POINT('Ctrl Pts',(221.199191337337,-112.920640048804,5.84802234903748));
#8800=CARTESIAN_POINT('Ctrl Pts',(212.748382662339,-112.927973456398,5.84757381861442));
#8801=CARTESIAN_POINT('Ctrl Pts',(204.297573987342,-112.935306863992,5.84712528819135));
#8802=CARTESIAN_POINT('Ctrl Pts',(229.650000012334,-112.917873061289,5.92313118779423));
#8803=CARTESIAN_POINT('Ctrl Pts',(221.199191337337,-112.925206468883,5.92268265737116));
#8804=CARTESIAN_POINT('Ctrl Pts',(212.748382662339,-112.932539876477,5.9222341269481));
#8805=CARTESIAN_POINT('Ctrl Pts',(204.297573987342,-112.939873284071,5.92178559652503));
#8806=CARTESIAN_POINT('Ctrl Pts',(229.650004869692,-112.932490787674,6.07061091689539));
#8807=CARTESIAN_POINT('Ctrl Pts',(221.199196194694,-112.939824195267,6.07016238647233));
#8808=CARTESIAN_POINT('Ctrl Pts',(212.748387519697,-112.947157602861,6.06971385604927));
#8809=CARTESIAN_POINT('Ctrl Pts',(204.297578844699,-112.954491010455,6.0692653256262));
#8810=CARTESIAN_POINT('Ctrl Pts',(229.650131626943,-113.089698512624,6.25268785556604));
#8811=CARTESIAN_POINT('Ctrl Pts',(221.199322951945,-113.097031920218,6.25223932514298));
#8812=CARTESIAN_POINT('Ctrl Pts',(212.748514276948,-113.104365327812,6.25179079471993));
#8813=CARTESIAN_POINT('Ctrl Pts',(204.297705601951,-113.111698735406,6.25134226429686));
#8814=CARTESIAN_POINT('Ctrl Pts',(229.650290119607,-113.276809271661,6.32574482996553));
#8815=CARTESIAN_POINT('Ctrl Pts',(221.19948144461,-113.284142679255,6.32529629954246));
#8816=CARTESIAN_POINT('Ctrl Pts',(212.748672769613,-113.291476086849,6.32484776911941));
#8817=CARTESIAN_POINT('Ctrl Pts',(204.297864094615,-113.298809494442,6.32439923869634));
#8818=CARTESIAN_POINT('Ctrl Pts',(229.650385937826,-113.38690291149,6.32043883420484));
#8819=CARTESIAN_POINT('Ctrl Pts',(221.199577262829,-113.394236319084,6.31999030378178));
#8820=CARTESIAN_POINT('Ctrl Pts',(212.748768587831,-113.401569726678,6.31954177335873));
#8821=CARTESIAN_POINT('Ctrl Pts',(204.297959912834,-113.408903134272,6.31909324293566));
#8822=CARTESIAN_POINT('Ctrl Pts',(229.65043471089,-113.442898121578,6.31701402043997));
#8823=CARTESIAN_POINT('Ctrl Pts',(221.199626035893,-113.450231529172,6.3165654900169));
#8824=CARTESIAN_POINT('Ctrl Pts',(212.748817360895,-113.457564936766,6.31611695959385));
#8825=CARTESIAN_POINT('Ctrl Pts',(204.298008685898,-113.46489834436,6.31566842917079));
#8826=CARTESIAN_POINT('',(204.297968131309,-112.935306521963,5.84712530911071));
#8827=CARTESIAN_POINT('Ctrl Pts',(204.297968131309,-112.935306521963,5.84712530911071));
#8828=CARTESIAN_POINT('Ctrl Pts',(204.297930593788,-112.939872974616,5.92178561545208));
#8829=CARTESIAN_POINT('Ctrl Pts',(204.297895484946,-112.947181870382,5.99552547801034));
#8830=CARTESIAN_POINT('Ctrl Pts',(204.297882208538,-112.979419557271,6.06550030623343));
#8831=CARTESIAN_POINT('Ctrl Pts',(204.29786893213,-113.01165724416,6.13547513445652));
#8832=CARTESIAN_POINT('Ctrl Pts',(204.297877488155,-113.06882372217,6.20168492834444));
#8833=CARTESIAN_POINT('Ctrl Pts',(204.297895931906,-113.136091833426,6.24675929016353));
#8834=CARTESIAN_POINT('Ctrl Pts',(204.297909764719,-113.186542916867,6.28056506152785));
#8835=CARTESIAN_POINT('Ctrl Pts',(204.297929159378,-113.242676169009,6.30248215235346));
#8836=CARTESIAN_POINT('Ctrl Pts',(204.297948734692,-113.298266217252,6.31211419807897));
#8837=CARTESIAN_POINT('Ctrl Pts',(204.297968310006,-113.353856265496,6.32174624380448));
#8838=CARTESIAN_POINT('Ctrl Pts',(204.297988065975,-113.408903109841,6.3190932444299));
#8839=CARTESIAN_POINT('Ctrl Pts',(204.298008685898,-113.46489834436,6.31566842917079));
#8840=CARTESIAN_POINT('',(176.15732900464,-112.95972628871,5.84563173219301));
#8841=CARTESIAN_POINT('Ctrl Pts',(204.298362275816,-112.935306800174,5.84712529209458));
#8842=CARTESIAN_POINT('Ctrl Pts',(193.915995861689,-112.927978292853,5.84757352280416));
#8843=CARTESIAN_POINT('Ctrl Pts',(183.533629447562,-112.920649785531,5.84802175351373));
#8844=CARTESIAN_POINT('Ctrl Pts',(173.151263033435,-112.91332127821,5.84846998422331));
#8845=CARTESIAN_POINT('Ctrl Pts',(204.298362275816,-112.939873220253,5.92178560042826));
#8846=CARTESIAN_POINT('Ctrl Pts',(193.915995861689,-112.932544712932,5.92223383113784));
#8847=CARTESIAN_POINT('Ctrl Pts',(183.533629447562,-112.92521620561,5.92268206184741));
#8848=CARTESIAN_POINT('Ctrl Pts',(173.151263033435,-112.917887698289,5.92313029255699));
#8849=CARTESIAN_POINT('Ctrl Pts',(204.298358325876,-112.954489366709,6.06926505150509));
#8850=CARTESIAN_POINT('Ctrl Pts',(193.91599191175,-112.947160859388,6.06971328221466));
#8851=CARTESIAN_POINT('Ctrl Pts',(183.533625497623,-112.939832352066,6.07016151292425));
#8852=CARTESIAN_POINT('Ctrl Pts',(173.151259083496,-112.932503844745,6.07060974363382));
#8853=CARTESIAN_POINT('Ctrl Pts',(204.298255219199,-113.111697898014,6.25134219398149));
#8854=CARTESIAN_POINT('Ctrl Pts',(193.915888805072,-113.104369390692,6.25179042469106));
#8855=CARTESIAN_POINT('Ctrl Pts',(183.533522390945,-113.097040883371,6.25223865540066));
#8856=CARTESIAN_POINT('Ctrl Pts',(173.151155976818,-113.089712376049,6.25268688611023));
#8857=CARTESIAN_POINT('Ctrl Pts',(204.29812629903,-113.298808693011,6.3243992028474));
#8858=CARTESIAN_POINT('Ctrl Pts',(193.915759884903,-113.291480185689,6.32484743355698));
#8859=CARTESIAN_POINT('Ctrl Pts',(183.533393470776,-113.284151678368,6.32529566426657));
#8860=CARTESIAN_POINT('Ctrl Pts',(173.151027056649,-113.276823171046,6.32574389497615));
#8861=CARTESIAN_POINT('Ctrl Pts',(204.298048358594,-113.408903127112,6.31909324337354));
#8862=CARTESIAN_POINT('Ctrl Pts',(193.915681944467,-113.40157461979,6.31954147408312));
#8863=CARTESIAN_POINT('Ctrl Pts',(183.53331553034,-113.394246112469,6.31998970479271));
#8864=CARTESIAN_POINT('Ctrl Pts',(173.150949116213,-113.386917605147,6.32043793550228));
#8865=CARTESIAN_POINT('Ctrl Pts',(204.298008685898,-113.46489834436,6.31566842917073));
#8866=CARTESIAN_POINT('Ctrl Pts',(193.915642271771,-113.457569837039,6.3161166598803));
#8867=CARTESIAN_POINT('Ctrl Pts',(183.533275857644,-113.450241329717,6.31656489058989));
#8868=CARTESIAN_POINT('Ctrl Pts',(173.150909443517,-113.442912822396,6.31701312129946));
#8869=CARTESIAN_POINT('',(173.151263033435,-112.91332127821,5.84846998422331));
#8870=CARTESIAN_POINT('Ctrl Pts',(173.151263033435,-112.91332127821,5.84846998422331));
#8871=CARTESIAN_POINT('Ctrl Pts',(173.151279870811,-112.917887710174,5.92313029183008));
#8872=CARTESIAN_POINT('Ctrl Pts',(173.151294733216,-112.925195795286,5.99687001664159));
#8873=CARTESIAN_POINT('Ctrl Pts',(173.151291836438,-112.957433213113,6.0668448136796));
#8874=CARTESIAN_POINT('Ctrl Pts',(173.15128893966,-112.98967063094,6.13681961071761));
#8875=CARTESIAN_POINT('Ctrl Pts',(173.151268283699,-113.046837381481,6.20302947998213));
#8876=CARTESIAN_POINT('Ctrl Pts',(173.151239585034,-113.114105605933,6.24810388270661));
#8877=CARTESIAN_POINT('Ctrl Pts',(173.151218061035,-113.164556774271,6.28190968474997));
#8878=CARTESIAN_POINT('Ctrl Pts',(173.151192013016,-113.220690021684,6.30382678686456));
#8879=CARTESIAN_POINT('Ctrl Pts',(173.151165817913,-113.276280258372,6.3134588477808));
#8880=CARTESIAN_POINT('Ctrl Pts',(173.15113962281,-113.33187049506,6.32309090869704));
#8881=CARTESIAN_POINT('Ctrl Pts',(173.151113280624,-113.386917721024,6.32043792841493));
#8882=CARTESIAN_POINT('Ctrl Pts',(173.15108623596,-113.442912947186,6.31701311366693));
#8883=CARTESIAN_POINT('',(154.942307171275,-112.900468286798,5.84925610685481));
#8884=CARTESIAN_POINT('Ctrl Pts',(173.151293039102,-112.913322718322,5.84846989614228));
#8885=CARTESIAN_POINT('Ctrl Pts',(124.4737743334,-112.913322138667,5.84846993159549));
#8886=CARTESIAN_POINT('Ctrl Pts',(75.7962556276968,-112.913321559012,5.84846996704871));
#8887=CARTESIAN_POINT('Ctrl Pts',(27.118736921994,-112.913320979357,5.84847000250192));
#8888=CARTESIAN_POINT('Ctrl Pts',(173.151293039102,-112.917889138401,5.92313020447596));
#8889=CARTESIAN_POINT('Ctrl Pts',(124.4737743334,-112.917888558746,5.92313023992917));
#8890=CARTESIAN_POINT('Ctrl Pts',(75.7962556276966,-112.917887979091,5.92313027538239));
#8891=CARTESIAN_POINT('Ctrl Pts',(27.118736921994,-112.917887399436,5.9231303108356));
#8892=CARTESIAN_POINT('Ctrl Pts',(173.151293039036,-112.932502983567,6.07060924979273));
#8893=CARTESIAN_POINT('Ctrl Pts',(124.473774333333,-112.932502403912,6.07060928524594));
#8894=CARTESIAN_POINT('Ctrl Pts',(75.7962556276304,-112.932501824257,6.07060932069916));
#8895=CARTESIAN_POINT('Ctrl Pts',(27.1187369219274,-112.932501244603,6.07060935615237));
#8896=CARTESIAN_POINT('Ctrl Pts',(173.151293037296,-113.089712701963,6.25268668974678));
#8897=CARTESIAN_POINT('Ctrl Pts',(124.473774331594,-113.089712122308,6.25268672519999));
#8898=CARTESIAN_POINT('Ctrl Pts',(75.7962556258905,-113.089711542653,6.25268676065321));
#8899=CARTESIAN_POINT('Ctrl Pts',(27.1187369201879,-113.089710962999,6.25268679610642));
#8900=CARTESIAN_POINT('Ctrl Pts',(173.151293035121,-113.276823561132,6.32574374841877));
#8901=CARTESIAN_POINT('Ctrl Pts',(124.473774329418,-113.276822981477,6.32574378387199));
#8902=CARTESIAN_POINT('Ctrl Pts',(75.7962556237159,-113.276822401823,6.3257438193252));
#8903=CARTESIAN_POINT('Ctrl Pts',(27.118736918013,-113.276821822168,6.32574385477841));
#8904=CARTESIAN_POINT('Ctrl Pts',(173.151293033806,-113.38691915605,6.32043784064499));
#8905=CARTESIAN_POINT('Ctrl Pts',(124.473774328104,-113.386918576395,6.3204378760982));
#8906=CARTESIAN_POINT('Ctrl Pts',(75.7962556224008,-113.38691799674,6.32043791155141));
#8907=CARTESIAN_POINT('Ctrl Pts',(27.1187369166981,-113.386917417085,6.32043794700462));
#8908=CARTESIAN_POINT('Ctrl Pts',(173.151293033137,-113.4429143873,6.31701302558579));
#8909=CARTESIAN_POINT('Ctrl Pts',(124.473774327434,-113.442913807645,6.317013061039));
#8910=CARTESIAN_POINT('Ctrl Pts',(75.7962556217316,-113.44291322799,6.31701309649221));
#8911=CARTESIAN_POINT('Ctrl Pts',(27.1187369160288,-113.442912648336,6.31701313194543));
#8912=CARTESIAN_POINT('',(27.118736921994,-112.913320979357,5.84847000250192));
#8913=CARTESIAN_POINT('Ctrl Pts',(27.118736921994,-112.913320979357,5.84847000250192));
#8914=CARTESIAN_POINT('Ctrl Pts',(27.118736921994,-112.917887399436,5.9231303108356));
#8915=CARTESIAN_POINT('Ctrl Pts',(27.1187369219274,-112.932501244603,6.07060935615237));
#8916=CARTESIAN_POINT('Ctrl Pts',(27.1187369201879,-113.089710962999,6.25268679610642));
#8917=CARTESIAN_POINT('Ctrl Pts',(27.118736918013,-113.276821822168,6.32574385477841));
#8918=CARTESIAN_POINT('Ctrl Pts',(27.1187369166981,-113.386917417085,6.32043794700462));
#8919=CARTESIAN_POINT('Ctrl Pts',(27.1187369160288,-113.442912648336,6.31701313194543));
#8920=CARTESIAN_POINT('',(90.2916091232631,-112.913321731624,5.84846995649133));
#8921=CARTESIAN_POINT('Ctrl Pts',(27.1187374188621,-112.913320979358,5.84847000250189));
#8922=CARTESIAN_POINT('Ctrl Pts',(23.2791577764082,-112.913317125223,5.84847023823084));
#8923=CARTESIAN_POINT('Ctrl Pts',(19.4395781339543,-112.913313271089,5.84847047395979));
#8924=CARTESIAN_POINT('Ctrl Pts',(15.5999984915005,-112.913309416955,5.84847070968874));
#8925=CARTESIAN_POINT('Ctrl Pts',(27.1187374188621,-112.917887399437,5.92313031083557));
#8926=CARTESIAN_POINT('Ctrl Pts',(23.2791577764082,-112.917883545302,5.92313054656452));
#8927=CARTESIAN_POINT('Ctrl Pts',(19.4395781339543,-112.917879691168,5.92313078229347));
#8928=CARTESIAN_POINT('Ctrl Pts',(15.5999984915005,-112.917875837034,5.92313101802242));
#8929=CARTESIAN_POINT('Ctrl Pts',(27.1187374132697,-112.932478569186,6.07060531534709));
#8930=CARTESIAN_POINT('Ctrl Pts',(23.2791577708159,-112.932474715051,6.07060555107604));
#8931=CARTESIAN_POINT('Ctrl Pts',(19.439578128362,-112.932470860917,6.07060578680498));
#8932=CARTESIAN_POINT('Ctrl Pts',(15.5999984859081,-112.932467006783,6.07060602253393));
#8933=CARTESIAN_POINT('Ctrl Pts',(27.1187372666312,-113.089699820567,6.25268578023509));
#8934=CARTESIAN_POINT('Ctrl Pts',(23.2791576241774,-113.089695966433,6.25268601596404));
#8935=CARTESIAN_POINT('Ctrl Pts',(19.4395779817235,-113.089692112299,6.25268625169298));
#8936=CARTESIAN_POINT('Ctrl Pts',(15.5999983392696,-113.089688258164,6.25268648742193));
#8937=CARTESIAN_POINT('Ctrl Pts',(27.1187370832962,-113.276810875063,6.3257433766055));
#8938=CARTESIAN_POINT('Ctrl Pts',(23.2791574408424,-113.276807020928,6.32574361233445));
#8939=CARTESIAN_POINT('Ctrl Pts',(19.4395777983885,-113.276803166794,6.32574384806338));
#8940=CARTESIAN_POINT('Ctrl Pts',(15.5999981559346,-113.27679931266,6.32574408379233));
#8941=CARTESIAN_POINT('Ctrl Pts',(27.1187369724466,-113.386917417086,6.32043794700463));
#8942=CARTESIAN_POINT('Ctrl Pts',(23.2791573299927,-113.386913562951,6.32043818273358));
#8943=CARTESIAN_POINT('Ctrl Pts',(19.4395776875389,-113.386909708817,6.32043841846251));
#8944=CARTESIAN_POINT('Ctrl Pts',(15.599998045085,-113.386905854683,6.32043865419146));
#8945=CARTESIAN_POINT('Ctrl Pts',(27.1187369160288,-113.442912648336,6.31701313194543));
#8946=CARTESIAN_POINT('Ctrl Pts',(23.279157273575,-113.442908794202,6.31701336767438));
#8947=CARTESIAN_POINT('Ctrl Pts',(19.4395776311211,-113.442904940067,6.31701360340331));
#8948=CARTESIAN_POINT('Ctrl Pts',(15.5999979886672,-113.442901085933,6.31701383913226));
#8949=CARTESIAN_POINT('',(15.5999984915004,-112.913309416955,5.84847070968874));
#8950=CARTESIAN_POINT('',(74.8718455707231,-112.913368913483,5.84846707072521));
#8951=CARTESIAN_POINT('Ctrl Pts',(15.5999984915005,-112.913309416955,5.84847070968874));
#8952=CARTESIAN_POINT('Ctrl Pts',(15.5999984915005,-112.917875837034,5.92313101802242));
#8953=CARTESIAN_POINT('Ctrl Pts',(15.5999984859081,-112.932467006783,6.07060602253393));
#8954=CARTESIAN_POINT('Ctrl Pts',(15.5999983392696,-113.089688258164,6.25268648742193));
#8955=CARTESIAN_POINT('Ctrl Pts',(15.5999981559346,-113.27679931266,6.32574408379233));
#8956=CARTESIAN_POINT('Ctrl Pts',(15.599998045085,-113.386905854683,6.32043865419146));
#8957=CARTESIAN_POINT('Ctrl Pts',(15.5999979886672,-113.442901085933,6.31701383913226));
#8958=CARTESIAN_POINT('Ctrl Pts',(15.5999984915005,-112.913309416955,5.8484707096887));
#8959=CARTESIAN_POINT('Ctrl Pts',(15.3755991599108,-112.913309191705,5.84847072346558));
#8960=CARTESIAN_POINT('Ctrl Pts',(14.9275622320091,-112.810800074848,5.85474044964187));
#8961=CARTESIAN_POINT('Ctrl Pts',(14.2966759272331,-112.310002887256,5.88537051779899));
#8962=CARTESIAN_POINT('Ctrl Pts',(14.1000000000001,-111.752078391726,5.91949464179171));
#8963=CARTESIAN_POINT('Ctrl Pts',(14.1000000000001,-111.416107219323,5.94004351899095));
#8964=CARTESIAN_POINT('Ctrl Pts',(15.5999984915005,-112.917875837034,5.92313101802238));
#8965=CARTESIAN_POINT('Ctrl Pts',(15.3756373501228,-112.917875611822,5.92313103179691));
#8966=CARTESIAN_POINT('Ctrl Pts',(14.927584270069,-112.815313944839,5.92940397207664));
#8967=CARTESIAN_POINT('Ctrl Pts',(14.2968003143005,-112.314598860921,5.9600290185579));
#8968=CARTESIAN_POINT('Ctrl Pts',(14.1000000000001,-111.756587633336,5.9941584473104));
#8969=CARTESIAN_POINT('Ctrl Pts',(14.1000000000001,-111.420673639402,6.01470382732462));
#8970=CARTESIAN_POINT('Ctrl Pts',(15.5999984859118,-112.932463329377,6.07060535918513));
#8971=CARTESIAN_POINT('Ctrl Pts',(15.3748343992558,-112.93246310336,6.07060537300896));
#8972=CARTESIAN_POINT('Ctrl Pts',(14.9251094199552,-112.829482571602,6.07690393215578));
#8973=CARTESIAN_POINT('Ctrl Pts',(14.2920642933228,-112.326973210585,6.10763872132568));
#8974=CARTESIAN_POINT('Ctrl Pts',(14.0944428094171,-111.766830471813,6.1418985188873));
#8975=CARTESIAN_POINT('Ctrl Pts',(14.0944428094171,-111.429714306443,6.16251742685638));
#8976=CARTESIAN_POINT('Ctrl Pts',(15.5999983392714,-113.089686486445,6.25268632750153));
#8977=CARTESIAN_POINT('Ctrl Pts',(15.3529962662686,-113.089686238507,6.25268634266609));
#8978=CARTESIAN_POINT('Ctrl Pts',(14.8597281376021,-112.976774234314,6.25959233668894));
#8979=CARTESIAN_POINT('Ctrl Pts',(14.1652899097071,-112.425530518976,6.29330784666054));
#8980=CARTESIAN_POINT('Ctrl Pts',(13.9486286824229,-111.811207355776,6.33088146094095));
#8981=CARTESIAN_POINT('Ctrl Pts',(13.9486286824229,-111.441395309256,6.35350013466932));
#8982=CARTESIAN_POINT('Ctrl Pts',(15.5999981559364,-113.276797574551,6.3257440145651));
#8983=CARTESIAN_POINT('Ctrl Pts',(15.3256636115613,-113.276797299177,6.32574403140772));
#8984=CARTESIAN_POINT('Ctrl Pts',(14.7779689055574,-113.15150967653,6.33340695068122));
#8985=CARTESIAN_POINT('Ctrl Pts',(14.0066948569195,-112.539272377143,6.3708529880656));
#8986=CARTESIAN_POINT('Ctrl Pts',(13.7663266593102,-111.857278686997,6.41256550908105));
#8987=CARTESIAN_POINT('Ctrl Pts',(13.7663266593102,-111.446544404271,6.43768709399816));
#8988=CARTESIAN_POINT('Ctrl Pts',(15.599998045085,-113.386905854683,6.32043865419143));
#8989=CARTESIAN_POINT('Ctrl Pts',(15.3092481757217,-113.386905562831,6.32043867204186));
#8990=CARTESIAN_POINT('Ctrl Pts',(14.7285981562612,-113.253982519485,6.32856859365126));
#8991=CARTESIAN_POINT('Ctrl Pts',(13.9111635284984,-112.605104655903,6.36825566394559));
#8992=CARTESIAN_POINT('Ctrl Pts',(13.6560998688142,-111.881942832463,6.41248613586));
#8993=CARTESIAN_POINT('Ctrl Pts',(13.6560998688142,-111.44663148909,6.43911091820188));
#8994=CARTESIAN_POINT('Ctrl Pts',(15.5999979886672,-113.442901085933,6.31701383913223));
#8995=CARTESIAN_POINT('Ctrl Pts',(15.300798879881,-113.4429007856,6.3170138575014));
#8996=CARTESIAN_POINT('Ctrl Pts',(14.7034163093454,-113.306221963124,6.32537349240312));
#8997=CARTESIAN_POINT('Ctrl Pts',(13.8622345696441,-112.638492379668,6.36621358327927));
#8998=CARTESIAN_POINT('Ctrl Pts',(13.6000000000001,-111.894593052295,6.41171241526957));
#8999=CARTESIAN_POINT('Ctrl Pts',(13.6000000000001,-111.44663148909,6.43911091820188));
#9000=CARTESIAN_POINT('',(14.1000000000001,-111.416107219323,5.94004351899094));
#9001=CARTESIAN_POINT('Ctrl Pts',(14.1000000000001,-111.416107219323,5.94004351899095));
#9002=CARTESIAN_POINT('Ctrl Pts',(14.1000000000001,-111.420673639402,6.01470382732462));
#9003=CARTESIAN_POINT('Ctrl Pts',(14.0944428094171,-111.429714306443,6.16251742685638));
#9004=CARTESIAN_POINT('Ctrl Pts',(13.9486286824229,-111.441395309256,6.35350013466932));
#9005=CARTESIAN_POINT('Ctrl Pts',(13.7663266593102,-111.446544404271,6.43768709399816));
#9006=CARTESIAN_POINT('Ctrl Pts',(13.6560998688142,-111.44663148909,6.43911091820188));
#9007=CARTESIAN_POINT('Ctrl Pts',(13.6000000000001,-111.44663148909,6.43911091820188));
#9008=CARTESIAN_POINT('Origin',(15.6000000000001,-111.416107219323,5.94004351899095));
#9009=CARTESIAN_POINT('Ctrl Pts',(14.1000000000001,-111.416107219323,5.94004351899098));
#9010=CARTESIAN_POINT('Ctrl Pts',(14.1000000000001,-82.122518598506,7.73171615265059));
#9011=CARTESIAN_POINT('Ctrl Pts',(14.1000000000001,-52.8289299776892,9.5233887863102));
#9012=CARTESIAN_POINT('Ctrl Pts',(14.1000000000001,-23.5353413568723,11.3150614199698));
#9013=CARTESIAN_POINT('Ctrl Pts',(14.1000000000001,-111.420673639402,6.01470382732466));
#9014=CARTESIAN_POINT('Ctrl Pts',(14.1000000000001,-82.127085018585,7.80637646098426));
#9015=CARTESIAN_POINT('Ctrl Pts',(14.1000000000001,-52.8334963977681,9.59804909464389));
#9016=CARTESIAN_POINT('Ctrl Pts',(14.1000000000001,-23.5399077769513,11.3897217283035));
#9017=CARTESIAN_POINT('Ctrl Pts',(14.0944440763729,-111.429714287519,6.16251711744573));
#9018=CARTESIAN_POINT('Ctrl Pts',(14.0944440763729,-82.1361256667018,7.95418975110535));
#9019=CARTESIAN_POINT('Ctrl Pts',(14.0944440763729,-52.8425370458851,9.74586238476495));
#9020=CARTESIAN_POINT('Ctrl Pts',(14.0944440763729,-23.5489484250681,11.5375350184246));
#9021=CARTESIAN_POINT('Ctrl Pts',(13.9486292938928,-111.441395303579,6.35350004184661));
#9022=CARTESIAN_POINT('Ctrl Pts',(13.9486292938928,-82.1478066827623,8.14517267550622));
#9023=CARTESIAN_POINT('Ctrl Pts',(13.9486292938928,-52.8542180619453,9.93684530916584));
#9024=CARTESIAN_POINT('Ctrl Pts',(13.9486292938928,-23.5606294411285,11.7285179428254));
#9025=CARTESIAN_POINT('Ctrl Pts',(13.7663272608929,-111.446544400582,6.43768703366919));
#9026=CARTESIAN_POINT('Ctrl Pts',(13.7663272608929,-82.1529557797646,8.22935966732881));
#9027=CARTESIAN_POINT('Ctrl Pts',(13.7663272608929,-52.8593671589479,10.0210323009884));
#9028=CARTESIAN_POINT('Ctrl Pts',(13.7663272608929,-23.565778538131,11.812704934648));
#9029=CARTESIAN_POINT('Ctrl Pts',(13.6560998688142,-111.44663148909,6.43911091820192));
#9030=CARTESIAN_POINT('Ctrl Pts',(13.6560998688142,-82.1530428682735,8.23078355186153));
#9031=CARTESIAN_POINT('Ctrl Pts',(13.6560998688142,-52.8594542474565,10.0224561855211));
#9032=CARTESIAN_POINT('Ctrl Pts',(13.6560998688142,-23.5658656266398,11.8141288191808));
#9033=CARTESIAN_POINT('Ctrl Pts',(13.6000000000001,-111.44663148909,6.43911091820192));
#9034=CARTESIAN_POINT('Ctrl Pts',(13.6000000000001,-82.1530428682735,8.23078355186153));
#9035=CARTESIAN_POINT('Ctrl Pts',(13.6000000000001,-52.8594542474566,10.0224561855211));
#9036=CARTESIAN_POINT('Ctrl Pts',(13.6000000000001,-23.5658656266398,11.8141288191808));
#9037=CARTESIAN_POINT('',(14.1000000000001,-23.5353413568724,11.3150614199698));
#9038=CARTESIAN_POINT('Ctrl Pts',(14.1000000000001,-23.5353413568723,11.3150614199698));
#9039=CARTESIAN_POINT('Ctrl Pts',(14.1000000000001,-23.5399077769513,11.3897217283035));
#9040=CARTESIAN_POINT('Ctrl Pts',(14.0944440763729,-23.5489484250681,11.5375350184246));
#9041=CARTESIAN_POINT('Ctrl Pts',(13.9486292938928,-23.5606294411285,11.7285179428254));
#9042=CARTESIAN_POINT('Ctrl Pts',(13.7663272608929,-23.565778538131,11.812704934648));
#9043=CARTESIAN_POINT('Ctrl Pts',(13.6560998688142,-23.5658656266398,11.8141288191808));
#9044=CARTESIAN_POINT('Ctrl Pts',(13.6000000000001,-23.5658656266398,11.8141288191808));
#9045=CARTESIAN_POINT('',(14.1000000000001,-89.4459187939838,7.28379780828459));
#9046=CARTESIAN_POINT('Ctrl Pts',(14.1000000000001,-23.5353413568724,11.3150614199698));
#9047=CARTESIAN_POINT('Ctrl Pts',(14.1000000000001,-23.3113604318713,11.3287606802066));
#9048=CARTESIAN_POINT('Ctrl Pts',(14.2026369326959,-22.8640844638984,11.3561172503382));
#9049=CARTESIAN_POINT('Ctrl Pts',(14.7043735628888,-22.2343069607039,11.3946360925454));
#9050=CARTESIAN_POINT('Ctrl Pts',(15.2634007871155,-22.0381391592396,11.4066342292721));
#9051=CARTESIAN_POINT('Ctrl Pts',(15.6000000000001,-22.0381391592396,11.4066342292721));
#9052=CARTESIAN_POINT('Ctrl Pts',(14.1000000000001,-23.5399077769513,11.3897217283035));
#9053=CARTESIAN_POINT('Ctrl Pts',(14.1000000000001,-23.3159649709543,11.4034186570822));
#9054=CARTESIAN_POINT('Ctrl Pts',(14.2026819727325,-22.8686574074781,11.4307771596775));
#9055=CARTESIAN_POINT('Ctrl Pts',(14.7043399063784,-22.2389755841281,11.4692901498547));
#9056=CARTESIAN_POINT('Ctrl Pts',(15.2634580724703,-22.0427055793185,11.4812945376058));
#9057=CARTESIAN_POINT('Ctrl Pts',(15.6000000000001,-22.0427055793185,11.4812945376058));
#9058=CARTESIAN_POINT('Ctrl Pts',(14.094512111542,-23.5489473823138,11.5375179695414));
#9059=CARTESIAN_POINT('Ctrl Pts',(14.094512111542,-23.3242031281801,11.551263916988));
#9060=CARTESIAN_POINT('Ctrl Pts',(14.1975908670937,-22.8752442391249,11.5787234189825));
#9061=CARTESIAN_POINT('Ctrl Pts',(14.701047275639,-22.2433035141359,11.6173745695026));
#9062=CARTESIAN_POINT('Ctrl Pts',(15.2622536537816,-22.0462675322411,11.6294258064192));
#9063=CARTESIAN_POINT('Ctrl Pts',(15.6000000000001,-22.0462675322411,11.6294258064192));
#9064=CARTESIAN_POINT('Ctrl Pts',(13.9486602502641,-23.5606291589468,11.7285133291958));
#9065=CARTESIAN_POINT('Ctrl Pts',(13.9486602502641,-23.3140876367577,11.7435924546687));
#9066=CARTESIAN_POINT('Ctrl Pts',(14.0616969129479,-22.8216534582201,11.7737110192797));
#9067=CARTESIAN_POINT('Ctrl Pts',(14.6139778236842,-22.1284299540687,11.8161103851436));
#9068=CARTESIAN_POINT('Ctrl Pts',(15.2294966532895,-21.9123694907181,11.829325209193));
#9069=CARTESIAN_POINT('Ctrl Pts',(15.6000000000001,-21.9123694907181,11.829325209193));
#9070=CARTESIAN_POINT('Ctrl Pts',(13.7663576095906,-23.5657783747837,11.8127022639438));
#9071=CARTESIAN_POINT('Ctrl Pts',(13.7663576095906,-23.2919553443247,11.8294499979442));
#9072=CARTESIAN_POINT('Ctrl Pts',(13.8917974083964,-22.7452111424061,11.8628903058857));
#9073=CARTESIAN_POINT('Ctrl Pts',(14.5051807261887,-21.975297055025,11.9099802687607));
#9074=CARTESIAN_POINT('Ctrl Pts',(15.1884979199825,-21.7355560970545,11.9246434539075));
#9075=CARTESIAN_POINT('Ctrl Pts',(15.6000000000001,-21.7355560970545,11.9246434539075));
#9076=CARTESIAN_POINT('Ctrl Pts',(13.6560998688142,-23.5658656266398,11.8141288191808));
#9077=CARTESIAN_POINT('Ctrl Pts',(13.6560998688142,-23.2756578785927,11.8318786854393));
#9078=CARTESIAN_POINT('Ctrl Pts',(13.7891773982158,-22.6959710744758,11.8673338492458));
#9079=CARTESIAN_POINT('Ctrl Pts',(14.4392777774789,-21.87996347401,11.917243012153));
#9080=CARTESIAN_POINT('Ctrl Pts',(15.1638749167359,-21.6255912610463,11.9328010831913));
#9081=CARTESIAN_POINT('Ctrl Pts',(15.6000000000001,-21.6255912610463,11.9328010831913));
#9082=CARTESIAN_POINT('Ctrl Pts',(13.6000000000001,-23.5658656266398,11.8141288191808));
#9083=CARTESIAN_POINT('Ctrl Pts',(13.6000000000001,-23.2672243933051,11.8323944994965));
#9084=CARTESIAN_POINT('Ctrl Pts',(13.7368492435945,-22.6708564360079,11.8688699263386));
#9085=CARTESIAN_POINT('Ctrl Pts',(14.405831417185,-21.8311530984152,11.9202283826149));
#9086=CARTESIAN_POINT('Ctrl Pts',(15.1512010494873,-21.569596029796,11.9362258982505));
#9087=CARTESIAN_POINT('Ctrl Pts',(15.6000000000001,-21.569596029796,11.9362258982505));
#9088=CARTESIAN_POINT('',(15.6000000000001,-22.0381391592396,11.4066342292721));
#9089=CARTESIAN_POINT('Ctrl Pts',(15.6000000000001,-22.0381391592396,11.4066342292721));
#9090=CARTESIAN_POINT('Ctrl Pts',(15.6000000000001,-22.0427055793185,11.4812945376058));
#9091=CARTESIAN_POINT('Ctrl Pts',(15.6000000000001,-22.0462675322411,11.6294258064192));
#9092=CARTESIAN_POINT('Ctrl Pts',(15.6000000000001,-21.9123694907181,11.829325209193));
#9093=CARTESIAN_POINT('Ctrl Pts',(15.6000000000001,-21.7355560970545,11.9246434539075));
#9094=CARTESIAN_POINT('Ctrl Pts',(15.6000000000001,-21.6255912610463,11.9328010831913));
#9095=CARTESIAN_POINT('Ctrl Pts',(15.6000000000001,-21.569596029796,11.9362258982505));
#9096=CARTESIAN_POINT('Origin',(15.6000000000001,-23.5353413568724,11.3150614199698));
#9097=CARTESIAN_POINT('Ctrl Pts',(15.6000000000001,-22.0381391592396,11.4066342292721));
#9098=CARTESIAN_POINT('Ctrl Pts',(53.9499999999984,-22.0381391592396,11.4066342292721));
#9099=CARTESIAN_POINT('Ctrl Pts',(92.2999999999967,-22.0381391592396,11.4066342292721));
#9100=CARTESIAN_POINT('Ctrl Pts',(130.649999999995,-22.0381391592396,11.4066342292721));
#9101=CARTESIAN_POINT('Ctrl Pts',(15.6000000000001,-22.0427055793185,11.4812945376058));
#9102=CARTESIAN_POINT('Ctrl Pts',(53.9499999999983,-22.0427055793185,11.4812945376058));
#9103=CARTESIAN_POINT('Ctrl Pts',(92.2999999999968,-22.0427055793185,11.4812945376058));
#9104=CARTESIAN_POINT('Ctrl Pts',(130.649999999995,-22.0427055793185,11.4812945376058));
#9105=CARTESIAN_POINT('Ctrl Pts',(15.6000000000001,-22.046191315405,11.6294499051805));
#9106=CARTESIAN_POINT('Ctrl Pts',(53.9499999999986,-22.046191315405,11.6294499051805));
#9107=CARTESIAN_POINT('Ctrl Pts',(92.2999999999965,-22.046191315405,11.6294499051805));
#9108=CARTESIAN_POINT('Ctrl Pts',(130.649999999995,-22.046191315405,11.6294499051805));
#9109=CARTESIAN_POINT('Ctrl Pts',(15.6000000000001,-21.9123343063517,11.8293326973208));
#9110=CARTESIAN_POINT('Ctrl Pts',(53.9499999999983,-21.9123343063517,11.8293326973208));
#9111=CARTESIAN_POINT('Ctrl Pts',(92.2999999999968,-21.9123343063517,11.8293326973208));
#9112=CARTESIAN_POINT('Ctrl Pts',(130.649999999995,-21.9123343063517,11.8293326973208));
#9113=CARTESIAN_POINT('Ctrl Pts',(15.6000000000001,-21.7355214583428,11.9246487167058));
#9114=CARTESIAN_POINT('Ctrl Pts',(53.9499999999985,-21.7355214583428,11.9246487167058));
#9115=CARTESIAN_POINT('Ctrl Pts',(92.2999999999965,-21.7355214583428,11.9246487167058));
#9116=CARTESIAN_POINT('Ctrl Pts',(130.649999999995,-21.7355214583428,11.9246487167058));
#9117=CARTESIAN_POINT('Ctrl Pts',(15.6000000000001,-21.6255912610463,11.9328010831913));
#9118=CARTESIAN_POINT('Ctrl Pts',(53.9499999999983,-21.6255912610463,11.9328010831913));
#9119=CARTESIAN_POINT('Ctrl Pts',(92.2999999999968,-21.6255912610463,11.9328010831913));
#9120=CARTESIAN_POINT('Ctrl Pts',(130.649999999995,-21.6255912610463,11.9328010831913));
#9121=CARTESIAN_POINT('Ctrl Pts',(15.6000000000001,-21.5695960297961,11.9362258982505));
#9122=CARTESIAN_POINT('Ctrl Pts',(53.9499999999984,-21.5695960297961,11.9362258982505));
#9123=CARTESIAN_POINT('Ctrl Pts',(92.2999999999967,-21.5695960297961,11.9362258982505));
#9124=CARTESIAN_POINT('Ctrl Pts',(130.649999999995,-21.5695960297961,11.9362258982505));
#9125=CARTESIAN_POINT('',(130.649999999995,-22.0381391592396,11.4066342292721));
#9126=CARTESIAN_POINT('Ctrl Pts',(130.649999999995,-22.0381391592396,11.4066342292721));
#9127=CARTESIAN_POINT('Ctrl Pts',(130.649999999995,-22.0427055793185,11.4812945376058));
#9128=CARTESIAN_POINT('Ctrl Pts',(130.649999999995,-22.046191315405,11.6294499051805));
#9129=CARTESIAN_POINT('Ctrl Pts',(130.649999999995,-21.9123343063517,11.8293326973208));
#9130=CARTESIAN_POINT('Ctrl Pts',(130.649999999995,-21.7355214583428,11.9246487167058));
#9131=CARTESIAN_POINT('Ctrl Pts',(130.649999999995,-21.6255912610463,11.9328010831913));
#9132=CARTESIAN_POINT('Ctrl Pts',(130.649999999995,-21.5695960297961,11.9362258982505));
#9133=CARTESIAN_POINT('',(69.1124999999997,-22.0381391592396,11.4066342292721));
#9134=CARTESIAN_POINT('Ctrl Pts',(130.649999999995,-22.0381391592396,11.4066342292721));
#9135=CARTESIAN_POINT('Ctrl Pts',(130.874399475251,-22.0381391592396,11.4066342292721));
#9136=CARTESIAN_POINT('Ctrl Pts',(131.322424411447,-22.1406577044205,11.4003639264348));
#9137=CARTESIAN_POINT('Ctrl Pts',(131.953303065184,-22.6414543851725,11.3697338892774));
#9138=CARTESIAN_POINT('Ctrl Pts',(132.149999999995,-23.1993699693704,11.3356103103251));
#9139=CARTESIAN_POINT('Ctrl Pts',(132.149999999995,-23.5353413568719,11.3150614199699));
#9140=CARTESIAN_POINT('Ctrl Pts',(130.649999999995,-22.0427055793185,11.4812945376058));
#9141=CARTESIAN_POINT('Ctrl Pts',(130.874361285015,-22.0427055793185,11.4812945376058));
#9142=CARTESIAN_POINT('Ctrl Pts',(131.322399892624,-22.145277803692,11.4750209516085));
#9143=CARTESIAN_POINT('Ctrl Pts',(131.953175394683,-22.6459919340242,11.444395963451));
#9144=CARTESIAN_POINT('Ctrl Pts',(132.149999999995,-23.2039935679554,11.4102671214715));
#9145=CARTESIAN_POINT('Ctrl Pts',(132.149999999995,-23.5399077769508,11.3897217283036));
#9146=CARTESIAN_POINT('Ctrl Pts',(130.649999999995,-22.04619047539,11.6294501645795));
#9147=CARTESIAN_POINT('Ctrl Pts',(130.875164230807,-22.04619047539,11.6294501645795));
#9148=CARTESIAN_POINT('Ctrl Pts',(131.324876052592,-22.1491849742128,11.6231507511704));
#9149=CARTESIAN_POINT('Ctrl Pts',(131.957912250379,-22.6516931429465,11.5924160349236));
#9150=CARTESIAN_POINT('Ctrl Pts',(132.155566288608,-23.2118321981843,11.5581564626567));
#9151=CARTESIAN_POINT('Ctrl Pts',(132.155566288608,-23.5489485793848,11.5375375414868));
#9152=CARTESIAN_POINT('Ctrl Pts',(130.649999999995,-21.9123338928003,11.829332786623));
#9153=CARTESIAN_POINT('Ctrl Pts',(130.897002231135,-21.9123338928003,11.829332786623));
#9154=CARTESIAN_POINT('Ctrl Pts',(131.390255966745,-22.0252587617704,11.8224260057566));
#9155=CARTESIAN_POINT('Ctrl Pts',(132.08468495472,-22.5765014702882,11.7887105573648));
#9156=CARTESIAN_POINT('Ctrl Pts',(132.301375743842,-23.1908172047202,11.7511373974473));
#9157=CARTESIAN_POINT('Ctrl Pts',(132.301375743843,-23.5606294880038,11.7285187092378));
#9158=CARTESIAN_POINT('Ctrl Pts',(130.649999999995,-21.7355210498581,11.9246487843262));
#9159=CARTESIAN_POINT('Ctrl Pts',(130.924334720007,-21.7355210498581,11.9246487843262));
#9160=CARTESIAN_POINT('Ctrl Pts',(131.472017459619,-21.8608208849587,11.9169851181071));
#9161=CARTESIAN_POINT('Ctrl Pts',(132.243282601959,-22.4730578190612,11.8795391030645));
#9162=CARTESIAN_POINT('Ctrl Pts',(132.483677697645,-23.1550440232837,11.8378270399077));
#9163=CARTESIAN_POINT('Ctrl Pts',(132.483677697645,-23.5657785689722,11.8127054389071));
#9164=CARTESIAN_POINT('Ctrl Pts',(130.649999999995,-21.6255912610463,11.9328010831913));
#9165=CARTESIAN_POINT('Ctrl Pts',(130.940750055504,-21.6255912610463,11.9328010831913));
#9166=CARTESIAN_POINT('Ctrl Pts',(131.521380849863,-21.7585281998775,11.9246703116976));
#9167=CARTESIAN_POINT('Ctrl Pts',(132.33880437018,-22.4074047430765,11.8849833221614));
#9168=CARTESIAN_POINT('Ctrl Pts',(132.593900131181,-23.1305540045686,11.8407536185686));
#9169=CARTESIAN_POINT('Ctrl Pts',(132.593900131181,-23.5658656266391,11.8141288191808));
#9170=CARTESIAN_POINT('Ctrl Pts',(130.649999999995,-21.5695960297961,11.9362258982505));
#9171=CARTESIAN_POINT('Ctrl Pts',(130.949199300337,-21.5695960297961,11.9362258982505));
#9172=CARTESIAN_POINT('Ctrl Pts',(131.546565881931,-21.7062874233707,11.9278654944674));
#9173=CARTESIAN_POINT('Ctrl Pts',(132.387737420247,-22.37401633104,11.8870254449242));
#9174=CARTESIAN_POINT('Ctrl Pts',(132.649999999995,-23.1179037766372,11.8415273396544));
#9175=CARTESIAN_POINT('Ctrl Pts',(132.649999999995,-23.5658656266391,11.8141288191808));
#9176=CARTESIAN_POINT('Origin',(130.649999999995,-23.5353413568724,11.3150614199698));
#9177=CARTESIAN_POINT('Origin',(187.291781659889,-112.648584090624,1.35625291251449));
#9178=CARTESIAN_POINT('',(204.297968131304,-112.691112363824,1.85458611542368));
#9179=CARTESIAN_POINT('',(204.297968131309,-112.660588094056,1.3555187162123));
#9180=CARTESIAN_POINT('',(187.291781659889,-112.679108360392,1.85532031172543));
#9181=CARTESIAN_POINT('',(195.002752552541,-112.684551233855,1.85498741132395));
#9182=CARTESIAN_POINT('',(187.291781659889,-112.648584090624,1.35625291251449));
#9183=CARTESIAN_POINT('',(173.151263033435,-112.66912712007,1.85593079053589));
#9184=CARTESIAN_POINT('',(173.151263033435,-112.638602850303,1.35686339132496));
#9185=CARTESIAN_POINT('',(173.151263033435,-112.638602850303,1.35686339132496));
#9186=CARTESIAN_POINT('Origin',(229.650000012334,-112.638588213304,1.35686428656214));
#9187=CARTESIAN_POINT('',(229.650000012334,-112.638588213304,1.35686428656214));
#9188=CARTESIAN_POINT('',(218.131262987181,-112.679108164765,1.85532032369054));
#9189=CARTESIAN_POINT('',(218.131262987181,-112.648583894997,1.35625292447961));
#9190=CARTESIAN_POINT('',(216.179409241088,-112.680801936288,1.85521672818629));
#9191=CARTESIAN_POINT('Origin',(229.649999999998,-111.141386015671,1.44843709586443));
#9192=CARTESIAN_POINT('',(231.149999999998,-111.141386015671,1.44843709586443));
#9193=CARTESIAN_POINT('Origin',(231.149999999998,-41.2270499587309,5.72458107518844));
#9194=CARTESIAN_POINT('',(231.149999999998,-41.2270499587309,5.72458107518844));
#9195=CARTESIAN_POINT('Origin',(229.649999999998,-41.2270499587309,5.72458107518844));
#9196=CARTESIAN_POINT('',(229.649999999998,-39.7298477610982,5.81615388449073));
#9197=CARTESIAN_POINT('Origin',(135.149999999999,-39.7298477610981,5.81615388449073));
#9198=CARTESIAN_POINT('',(135.149999999999,-39.7298477610981,5.81615388449073));
#9199=CARTESIAN_POINT('',(142.296779928275,-39.7603746173145,6.31522112550767));
#9200=CARTESIAN_POINT('',(142.296779928275,-39.7298477610981,5.81615388449076));
#9201=CARTESIAN_POINT('',(173.13626134157,-39.7603746173145,6.3152211255077));
#9202=CARTESIAN_POINT('',(146.433260317461,-39.7603720308656,6.31522128370208));
#9203=CARTESIAN_POINT('',(173.13626134157,-39.7298477610981,5.81615388449079));
#9204=CARTESIAN_POINT('',(187.296781210375,-39.7603740684801,6.31522115907582));
#9205=CARTESIAN_POINT('',(187.296781210375,-39.7298477610981,5.81615388449076));
#9206=CARTESIAN_POINT('',(218.13626262367,-39.7603740684801,6.31522115907585));
#9207=CARTESIAN_POINT('',(168.933260958511,-39.7603720308656,6.31522128370241));
#9208=CARTESIAN_POINT('',(218.13626262367,-39.7298477610981,5.81615388449079));
#9209=CARTESIAN_POINT('Origin',(135.149999999999,-36.7354433658325,5.99929950309531));
#9210=CARTESIAN_POINT('',(132.149999999999,-36.7354433658336,5.99929950309524));
#9211=CARTESIAN_POINT('Origin',(132.149999999995,-23.260622928965,6.82345482707144));
#9212=CARTESIAN_POINT('',(132.149999999995,-23.260622928965,6.82345482707144));
#9213=CARTESIAN_POINT('Origin',(57.9582187896247,-112.638602918689,1.35686338714224));
#9214=CARTESIAN_POINT('',(142.311780350506,-112.669127419907,1.85593077219707));
#9215=CARTESIAN_POINT('',(107.844870259429,-112.66912778251,1.85593075002118));
#9216=CARTESIAN_POINT('',(142.311780380332,-112.638603923176,1.35686332570514));
#9217=CARTESIAN_POINT('',(111.988219023566,-112.66912741991,1.85593077219683));
#9218=CARTESIAN_POINT('',(111.988219019538,-112.638603562081,1.35686334779063));
#9219=CARTESIAN_POINT('',(81.1487379959251,-112.66912700308,1.85593079769132));
#9220=CARTESIAN_POINT('',(104.278348787803,-112.669127315703,1.85593077857082));
#9221=CARTESIAN_POINT('',(81.1487380158639,-112.638603194843,1.35686337025196));
#9222=CARTESIAN_POINT('',(57.9582187896247,-112.669127188456,1.85593078635317));
#9223=CARTESIAN_POINT('',(57.9582187896247,-112.638602918689,1.35686338714224));
#9224=CARTESIAN_POINT('',(27.118736921994,-112.669126821218,1.85593080881449));
#9225=CARTESIAN_POINT('',(50.2483483413488,-112.669127096647,1.85593079196887));
#9226=CARTESIAN_POINT('',(27.118736921994,-112.63860255145,1.35686340960356));
#9227=CARTESIAN_POINT('Origin',(111.988218989712,-115.133939648492,1.20424205458974));
#9228=CARTESIAN_POINT('',(110.220453435075,-113.399993515145,1.81122908683314));
#9229=CARTESIAN_POINT('',(110.220453435075,-113.369469245377,1.31216168762221));
#9230=CARTESIAN_POINT('Origin',(111.988218989712,-115.164463918259,1.70330945380067));
#9231=CARTESIAN_POINT('Origin',(142.311780350506,-115.133940146194,1.20424202414899));
#9232=CARTESIAN_POINT('',(144.079546904733,-113.39999430671,1.81122903841897));
#9233=CARTESIAN_POINT('Origin',(142.311780350506,-115.164464415961,1.70330942335993));
#9234=CARTESIAN_POINT('',(144.079546904733,-113.369470036942,1.31216163920804));
#9235=CARTESIAN_POINT('Origin',(81.1487380039336,-113.636737363904,1.29581486921048));
#9236=CARTESIAN_POINT('',(82.0219438426197,-114.153703861136,1.76513018723785));
#9237=CARTESIAN_POINT('Origin',(81.1487380039336,-113.667261633671,1.79488226842142));
#9238=CARTESIAN_POINT('',(82.0219438426197,-114.123179591369,1.26606278802691));
#9239=CARTESIAN_POINT('Origin',(157.731521691971,-115.786741313875,1.66524933782486));
#9240=CARTESIAN_POINT('',(172.278057661473,-114.153705307596,1.76513009876856));
#9241=CARTESIAN_POINT('Origin',(173.151263043176,-113.667261918492,1.79488225100102));
#9242=CARTESIAN_POINT('',(166.873382862958,-117.557741992409,1.55693029603695));
#9243=CARTESIAN_POINT('Origin',(169.483800440025,-115.710324152729,1.66992321162459));
#9244=CARTESIAN_POINT('',(164.833994108883,-116.505700183605,1.6212759295713));
#9245=CARTESIAN_POINT('Origin',(164.833994130875,-119.00103717966,1.46865458073413));
#9246=CARTESIAN_POINT('',(148.226591521358,-116.505700329421,1.62127592065279));
#9247=CARTESIAN_POINT('',(148.226591521358,-116.505700329421,1.62127592065279));
#9248=CARTESIAN_POINT('',(146.458824945139,-115.774833442618,1.66597765443089));
#9249=CARTESIAN_POINT('Origin',(148.226591499366,-114.010363333367,1.77389726948993));
#9250=CARTESIAN_POINT('',(144.079546904733,-113.39999430671,1.81122903841897));
#9251=CARTESIAN_POINT('',(167.73379933522,-115.710326040687,1.66992309615252));
#9252=CARTESIAN_POINT('Origin',(169.48379933522,-115.710326040687,1.66992309615252));
#9253=CARTESIAN_POINT('Origin',(202.711522323535,-115.796722358493,1.66463887098419));
#9254=CARTESIAN_POINT('',(217.258057611813,-114.163686352254,1.76451963192543));
#9255=CARTESIAN_POINT('Origin',(218.131262993536,-113.677242963187,1.79427178415568));
#9256=CARTESIAN_POINT('',(211.85338281353,-117.56772303737,1.55631982917533));
#9257=CARTESIAN_POINT('Origin',(214.463800390299,-115.720305197271,1.66931274478856));
#9258=CARTESIAN_POINT('',(209.813994056313,-116.515681228893,1.62066546268967));
#9259=CARTESIAN_POINT('Origin',(209.813994081679,-119.011018224947,1.46804411385251));
#9260=CARTESIAN_POINT('',(193.206591803438,-116.515681397082,1.62066545240276));
#9261=CARTESIAN_POINT('',(193.206591803438,-116.515681397082,1.62066545240276));
#9262=CARTESIAN_POINT('',(191.438824783786,-115.78481407104,1.66536721304584));
#9263=CARTESIAN_POINT('Origin',(193.206591778073,-114.020344401027,1.77328680123989));
#9264=CARTESIAN_POINT('',(189.059548680657,-113.409975686434,1.81061855108234));
#9265=CARTESIAN_POINT('',(189.059548680657,-113.409975686434,1.81061855108234));
#9266=CARTESIAN_POINT('Origin',(187.29178168637,-115.174445356447,1.70269896288829));
#9267=CARTESIAN_POINT('',(212.71379933522,-115.720307388672,1.66931261075718));
#9268=CARTESIAN_POINT('Origin',(214.46379933522,-115.720307388672,1.66931261075718));
#9269=CARTESIAN_POINT('Origin',(84.816201282096,-115.679798521292,1.1708558956969));
#9270=CARTESIAN_POINT('',(83.066201282096,-115.71032279106,1.66992329490811));
#9271=CARTESIAN_POINT('Origin',(84.816201282096,-115.71032279106,1.66992329490811));
#9272=CARTESIAN_POINT('',(83.066201282096,-115.679798521292,1.1708558956969));
#9273=CARTESIAN_POINT('Origin',(169.4687987179,-36.6886533515838,6.00216130296366));
#9274=CARTESIAN_POINT('',(167.7187987179,-36.7191776213513,6.50122870217486));
#9275=CARTESIAN_POINT('Origin',(169.4687987179,-36.7191776213513,6.50122870217486));
#9276=CARTESIAN_POINT('',(167.7187987179,-36.6886533515838,6.00216130296366));
#9277=CARTESIAN_POINT('Origin',(84.7812,-18.7222234367515,7.10103523130487));
#9278=CARTESIAN_POINT('',(83.0312,-18.7527477065189,7.60010263051622));
#9279=CARTESIAN_POINT('Origin',(84.7812,-18.7527477065189,7.60010263051622));
#9280=CARTESIAN_POINT('',(83.0312,-18.7222234367515,7.10103523130487));
#9281=CARTESIAN_POINT('Origin',(169.48379933522,-115.67980177092,1.17085569694116));
#9282=CARTESIAN_POINT('',(167.73379933522,-115.67980177092,1.17085569694116));
#9283=CARTESIAN_POINT('Origin',(30.7862,-115.679799070167,1.17085586212631));
#9284=CARTESIAN_POINT('',(29.0362,-115.710323339934,1.66992326133752));
#9285=CARTESIAN_POINT('Origin',(30.7862,-115.710323339934,1.66992326133752));
#9286=CARTESIAN_POINT('',(29.0362,-115.679799070167,1.17085586212631));
#9287=CARTESIAN_POINT('Origin',(214.4688,-36.6886528027495,6.00216133653181));
#9288=CARTESIAN_POINT('',(212.7188,-36.7191770725169,6.501228735743));
#9289=CARTESIAN_POINT('Origin',(214.4688,-36.7191770725169,6.501228735743));
#9290=CARTESIAN_POINT('',(212.7188,-36.6886528027495,6.00216133653181));
#9291=CARTESIAN_POINT('Origin',(30.781200664779,-18.7222237303628,7.10103521334683));
#9292=CARTESIAN_POINT('',(29.031200664779,-18.7527480001302,7.60010261255774));
#9293=CARTESIAN_POINT('Origin',(30.781200664779,-18.7527480001302,7.60010261255774));
#9294=CARTESIAN_POINT('',(29.031200664779,-18.7222237303628,7.10103521334683));
#9295=CARTESIAN_POINT('Origin',(214.46379933522,-115.689783118904,1.17024521154582));
#9296=CARTESIAN_POINT('',(212.71379933522,-115.689783118904,1.17024521154582));
#9297=CARTESIAN_POINT('Origin',(173.151263043176,-113.636737648725,1.29581485179009));
#9298=CARTESIAN_POINT('',(172.278057661473,-114.123181037829,1.26606269955762));
#9299=CARTESIAN_POINT('Origin',(169.483800440025,-115.679799882962,1.17085581241365));
#9300=CARTESIAN_POINT('',(166.873382862958,-117.527217722642,1.05786289682602));
#9301=CARTESIAN_POINT('Origin',(164.833994130875,-118.970512909892,0.969587181523199));
#9302=CARTESIAN_POINT('',(164.833994108883,-116.475175913838,1.12220853036036));
#9303=CARTESIAN_POINT('Origin',(148.226591521358,-116.475176059654,1.12220852144186));
#9304=CARTESIAN_POINT('',(148.226591521358,-116.475176059654,1.12220852144186));
#9305=CARTESIAN_POINT('Origin',(148.226591499366,-113.979839063599,1.27482987027899));
#9306=CARTESIAN_POINT('',(146.458824945139,-115.744309172851,1.16691025521996));
#9307=CARTESIAN_POINT('Origin',(144.079546904733,-113.369470036942,1.31216163920804));
#9308=CARTESIAN_POINT('Origin',(110.185451776787,-21.0325530881565,6.95972941641356));
#9309=CARTESIAN_POINT('',(110.185451776787,-21.0630773579239,7.45879681562449));
#9310=CARTESIAN_POINT('',(110.185451776787,-21.0325530881565,6.95972941641356));
#9311=CARTESIAN_POINT('',(107.806175816174,-18.6882390657237,7.60404814800916));
#9312=CARTESIAN_POINT('',(110.185451776787,-21.0630773579239,7.45879681562449));
#9313=CARTESIAN_POINT('',(107.806175816174,-18.6577147959563,7.10498074879823));
#9314=CARTESIAN_POINT('Origin',(111.953218789625,-19.26808343666,7.0676490034751));
#9315=CARTESIAN_POINT('',(111.953218789625,-21.7939447024821,7.41409505384889));
#9316=CARTESIAN_POINT('',(111.953218789625,-21.7634207313327,6.91502763637372));
#9317=CARTESIAN_POINT('Origin',(111.953218789625,-19.2986077064274,7.56671640268603));
#9318=CARTESIAN_POINT('Origin',(81.11373737633,-20.7652856342929,6.97607619417285));
#9319=CARTESIAN_POINT('',(81.9869427629181,-20.3093665236933,7.50489574508191));
#9320=CARTESIAN_POINT('',(81.9869427629181,-20.2788422539259,7.00582834587097));
#9321=CARTESIAN_POINT('',(81.11373737633,-21.7939447024821,7.41409505384894));
#9322=CARTESIAN_POINT('Origin',(81.11373737633,-20.7958099040603,7.47514359338379));
#9323=CARTESIAN_POINT('',(81.11373737633,-21.7634207313327,6.91502763637375));
#9324=CARTESIAN_POINT('Origin',(84.7812,-18.7222234367515,7.10103523130487));
#9325=CARTESIAN_POINT('',(87.3916175952208,-16.9053298923951,7.71309554454026));
#9326=CARTESIAN_POINT('',(87.3916175952208,-16.8748056226277,7.21402814532933));
#9327=CARTESIAN_POINT('Origin',(84.7812,-18.7527477065189,7.60010263051581));
#9328=CARTESIAN_POINT('Origin',(89.431006341487,-15.4315104553434,7.30230385941096));
#9329=CARTESIAN_POINT('',(89.431006341487,-17.9573717211655,7.64874990978477));
#9330=CARTESIAN_POINT('',(89.431006341487,-17.9268474513981,7.14968251057384));
#9331=CARTESIAN_POINT('Origin',(89.431006341487,-15.4620347251108,7.80137125862189));
#9332=CARTESIAN_POINT('Origin',(106.038408803336,-17.9268474513981,7.14968251057384));
#9333=CARTESIAN_POINT('',(106.038408803336,-17.9573717211655,7.64874990978477));
#9334=CARTESIAN_POINT('',(106.038408803336,-17.9268474513981,7.14968251057384));
#9335=CARTESIAN_POINT('',(106.038408803336,-17.9573717211655,7.64874990978477));
#9336=CARTESIAN_POINT('Origin',(106.038408803336,-20.4221844474527,6.99706116173669));
#9337=CARTESIAN_POINT('Origin',(106.038408803336,-20.4527087172201,7.49612856094763));
#9338=CARTESIAN_POINT('Origin',(96.5334780829774,-18.6763306763346,7.60477649630642));
#9339=CARTESIAN_POINT('',(56.0667390414887,-21.7939450011001,7.41409503558399));
#9340=CARTESIAN_POINT('Origin',(164.818992376413,-35.8932773662304,6.05080858223262));
#9341=CARTESIAN_POINT('',(164.818992376413,-35.9238016359979,6.54987598144356));
#9342=CARTESIAN_POINT('',(164.818992376413,-35.8932773662304,6.05080858223262));
#9343=CARTESIAN_POINT('',(148.211589914564,-35.9238016359979,6.54987598144355));
#9344=CARTESIAN_POINT('',(148.211589914564,-35.9238016359979,6.54987598144355));
#9345=CARTESIAN_POINT('',(148.211589914564,-35.8932773662305,6.05080858223262));
#9346=CARTESIAN_POINT('Origin',(164.818992376413,-33.3979403701758,6.20342993106975));
#9347=CARTESIAN_POINT('',(166.858381122679,-34.8717598072274,6.61422161619906));
#9348=CARTESIAN_POINT('',(166.858381122679,-34.84123553746,6.11515421698813));
#9349=CARTESIAN_POINT('Origin',(164.818992376413,-33.4284646399432,6.70249733028068));
#9350=CARTESIAN_POINT('Origin',(169.4687987179,-36.6886533515838,6.00216130296366));
#9351=CARTESIAN_POINT('',(172.263055954982,-38.2757964385256,6.4060218167407));
#9352=CARTESIAN_POINT('',(172.263055954982,-38.2452721687582,5.90695441752976));
#9353=CARTESIAN_POINT('Origin',(169.4687987179,-36.7191776213513,6.50122870217459));
#9354=CARTESIAN_POINT('Origin',(173.13626134157,-38.7317155491252,5.87720226583164));
#9355=CARTESIAN_POINT('Origin',(173.13626134157,-38.7622398188926,6.37626966504257));
#9356=CARTESIAN_POINT('Origin',(142.296779928275,-37.2345133514924,5.96877507513388));
#9357=CARTESIAN_POINT('',(144.064546941113,-39.0295072727563,6.35992288728328));
#9358=CARTESIAN_POINT('',(144.064546941113,-38.9989830029889,5.86085548807235));
#9359=CARTESIAN_POINT('Origin',(142.296779928275,-37.2650376212598,6.46784247434482));
#9360=CARTESIAN_POINT('Origin',(146.443822901726,-36.6241447107887,6.00610682045701));
#9361=CARTESIAN_POINT('',(146.443822901726,-36.6546689805561,6.50517421966795));
#9362=CARTESIAN_POINT('',(146.443822901726,-36.6241447107887,6.00610682045701));
#9363=CARTESIAN_POINT('',(144.064546941113,-39.0295072727563,6.35992288728328));
#9364=CARTESIAN_POINT('Origin',(148.211589914564,-38.3886143622851,5.89818723339548));
#9365=CARTESIAN_POINT('Origin',(148.211589914564,-38.4191386320525,6.39725463260641));
#9366=CARTESIAN_POINT('Origin',(157.716520634923,-36.6427667257564,6.50590219275749));
#9367=CARTESIAN_POINT('Origin',(107.8411774085,-115.744307471739,1.1669103592644));
#9368=CARTESIAN_POINT('',(107.8411774085,-115.774831741506,1.66597775847533));
#9369=CARTESIAN_POINT('',(107.8411774085,-115.744307471739,1.1669103592644));
#9370=CARTESIAN_POINT('',(110.220453435075,-113.399993515145,1.81122908683314));
#9371=CARTESIAN_POINT('Origin',(106.07341047909,-113.979837398741,1.27482997210605));
#9372=CARTESIAN_POINT('',(106.073410085432,-116.505698903727,1.62127600785197));
#9373=CARTESIAN_POINT('',(106.073410085432,-116.47517463396,1.12220860864103));
#9374=CARTESIAN_POINT('Origin',(106.07341047909,-114.010361668509,1.77389737131698));
#9375=CARTESIAN_POINT('Origin',(89.466007623583,-116.475174607242,1.12220861027516));
#9376=CARTESIAN_POINT('',(89.466007623583,-116.50569887701,1.62127600948609));
#9377=CARTESIAN_POINT('',(89.466007623583,-116.475174607242,1.12220861027516));
#9378=CARTESIAN_POINT('',(106.073410085432,-116.505698903727,1.62127600785197));
#9379=CARTESIAN_POINT('Origin',(89.4660075844231,-118.970511553583,0.969587264478625));
#9380=CARTESIAN_POINT('',(87.4266189159404,-117.557740632518,1.55693037921148));
#9381=CARTESIAN_POINT('',(87.4266189159404,-117.527216362751,1.05786298000054));
#9382=CARTESIAN_POINT('Origin',(89.4660075844231,-119.00103582335,1.46865466368956));
#9383=CARTESIAN_POINT('Origin',(84.8162011858539,-115.679798500794,1.17085589695063));
#9384=CARTESIAN_POINT('Origin',(84.8162011858539,-115.710322770562,1.66992329616157));
#9385=CARTESIAN_POINT('Origin',(157.731521691971,-115.786741313875,1.66524933782486));
#9386=CARTESIAN_POINT('Origin',(187.29178168637,-115.143921086679,1.20363156367735));
#9387=CARTESIAN_POINT('',(189.059548680657,-113.379451416666,1.3115511518714));
#9388=CARTESIAN_POINT('Origin',(218.131262993536,-113.646718693419,1.29520438494474));
#9389=CARTESIAN_POINT('',(217.258057611813,-114.133162082487,1.26545223271449));
#9390=CARTESIAN_POINT('Origin',(214.463800390299,-115.689780927504,1.17024534557762));
#9391=CARTESIAN_POINT('',(211.85338281353,-117.537198767603,1.05725242996439));
#9392=CARTESIAN_POINT('Origin',(209.813994081679,-118.98049395518,0.968976714641576));
#9393=CARTESIAN_POINT('',(209.813994056313,-116.485156959125,1.12159806347874));
#9394=CARTESIAN_POINT('Origin',(193.206591803438,-116.485157127315,1.12159805319182));
#9395=CARTESIAN_POINT('',(193.206591803438,-116.485157127315,1.12159805319182));
#9396=CARTESIAN_POINT('Origin',(193.206591778073,-113.98982013126,1.27421940202896));
#9397=CARTESIAN_POINT('',(191.438824783786,-115.754289801273,1.16629981383491));
#9398=CARTESIAN_POINT('Origin',(189.059548680657,-113.379451416666,1.3115511518714));
#9399=CARTESIAN_POINT('Origin',(35.431007006266,-15.4315107489548,7.30230384145292));
#9400=CARTESIAN_POINT('',(35.431007006266,-17.9573720147768,7.64874989182673));
#9401=CARTESIAN_POINT('',(35.431007006266,-17.9268477450094,7.1496824926158));
#9402=CARTESIAN_POINT('',(33.3916182599998,-16.9053301860064,7.71309552658222));
#9403=CARTESIAN_POINT('Origin',(35.431007006266,-15.4620350187222,7.80137124066386));
#9404=CARTESIAN_POINT('',(33.3916182599998,-16.874805916239,7.21402812737129));
#9405=CARTESIAN_POINT('Origin',(52.0384092143106,-17.9268477450094,7.1496824926158));
#9406=CARTESIAN_POINT('',(52.0384092143106,-17.9573720147768,7.64874989182673));
#9407=CARTESIAN_POINT('',(52.0384092143106,-17.9268477450094,7.1496824926158));
#9408=CARTESIAN_POINT('',(52.0384092143106,-17.9573720147768,7.64874989182673));
#9409=CARTESIAN_POINT('Origin',(52.0384092143106,-20.422184741064,6.99706114377866));
#9410=CARTESIAN_POINT('',(53.8061761672746,-18.6882392995732,7.60404813370632));
#9411=CARTESIAN_POINT('',(53.8061761672746,-18.6577150298057,7.10498073449538));
#9412=CARTESIAN_POINT('Origin',(52.0384092143106,-20.4527090108314,7.49612854298959));
#9413=CARTESIAN_POINT('Origin',(56.1854524138214,-21.0325534465363,6.95972939449411));
#9414=CARTESIAN_POINT('',(56.1854524138214,-21.0630777163037,7.45879679370504));
#9415=CARTESIAN_POINT('',(56.1854524138214,-21.0325534465363,6.95972939449411));
#9416=CARTESIAN_POINT('',(56.1854524138214,-21.0630777163037,7.45879679370504));
#9417=CARTESIAN_POINT('Origin',(57.9532193667854,-19.268083735278,7.06764898521084));
#9418=CARTESIAN_POINT('',(57.9532193667854,-21.7939450011001,7.41409503558462));
#9419=CARTESIAN_POINT('',(57.9532193667854,-21.7634207313327,6.91502763637373));
#9420=CARTESIAN_POINT('Origin',(57.9532193667854,-19.2986080050454,7.56671638442177));
#9421=CARTESIAN_POINT('Origin',(27.1137380439085,-20.7652859329109,6.97607617590859));
#9422=CARTESIAN_POINT('',(27.9869434298301,-20.3093668211192,7.50489572689056));
#9423=CARTESIAN_POINT('',(27.9869434298301,-20.2788425513518,7.00582832767962));
#9424=CARTESIAN_POINT('',(27.1137380439085,-21.7939450011002,7.41409503558468));
#9425=CARTESIAN_POINT('Origin',(27.1137380439085,-20.7958102026783,7.47514357511953));
#9426=CARTESIAN_POINT('',(27.1137380439085,-21.7634207313327,6.91502763637375));
#9427=CARTESIAN_POINT('Origin',(30.781200664779,-18.7222237303628,7.10103521334683));
#9428=CARTESIAN_POINT('Origin',(30.781200664779,-18.7527480001302,7.60010261255777));
#9429=CARTESIAN_POINT('Origin',(42.533478705347,-18.6763308231402,7.60477648732696));
#9430=CARTESIAN_POINT('',(29.0667393526736,-21.7939450011001,7.41409503558462));
#9431=CARTESIAN_POINT('Origin',(209.818993658513,-35.8932768173961,6.05080861580077));
#9432=CARTESIAN_POINT('',(209.818993658513,-35.9238010871635,6.5498760150117));
#9433=CARTESIAN_POINT('',(209.818993658513,-35.8932768173961,6.05080861580077));
#9434=CARTESIAN_POINT('',(193.211591196664,-35.9238010871635,6.5498760150117));
#9435=CARTESIAN_POINT('',(193.211591196664,-35.9238010871635,6.5498760150117));
#9436=CARTESIAN_POINT('',(193.211591196664,-35.8932768173961,6.05080861580077));
#9437=CARTESIAN_POINT('Origin',(209.818993658513,-33.3979398213414,6.20342996463789));
#9438=CARTESIAN_POINT('',(211.858382404779,-34.8717592583931,6.61422164976721));
#9439=CARTESIAN_POINT('',(211.858382404779,-34.8412349886257,6.11515425055627));
#9440=CARTESIAN_POINT('Origin',(209.818993658513,-33.4284640911088,6.70249736384883));
#9441=CARTESIAN_POINT('Origin',(214.4688,-36.6886528027495,6.00216133653181));
#9442=CARTESIAN_POINT('',(217.263057237082,-38.2757958896913,6.40602185030884));
#9443=CARTESIAN_POINT('',(217.263057237082,-38.2452716199238,5.90695445109791));
#9444=CARTESIAN_POINT('Origin',(214.4688,-36.7191770725169,6.50122873574274));
#9445=CARTESIAN_POINT('Origin',(218.13626262367,-38.7317150002908,5.87720229939979));
#9446=CARTESIAN_POINT('Origin',(218.13626262367,-38.7622392700583,6.37626969861072));
#9447=CARTESIAN_POINT('Origin',(187.296781210375,-37.234512802658,5.96877510870203));
#9448=CARTESIAN_POINT('',(189.064548223213,-39.0295067239219,6.35992292085143));
#9449=CARTESIAN_POINT('',(189.064548223213,-38.9989824541545,5.86085552164049));
#9450=CARTESIAN_POINT('Origin',(187.296781210375,-37.2650370724254,6.46784250791297));
#9451=CARTESIAN_POINT('Origin',(191.443824183826,-36.6241441619543,6.00610685402516));
#9452=CARTESIAN_POINT('',(191.443824183826,-36.6546684317217,6.50517425323609));
#9453=CARTESIAN_POINT('',(191.443824183826,-36.6241441619543,6.00610685402516));
#9454=CARTESIAN_POINT('',(189.064548223213,-39.0295067239219,6.35992292085143));
#9455=CARTESIAN_POINT('Origin',(193.211591196664,-38.3886138134507,5.89818726696363));
#9456=CARTESIAN_POINT('Origin',(193.211591196664,-38.4191380832182,6.39725466617456));
#9457=CARTESIAN_POINT('Origin',(202.716521917023,-36.6427598930236,6.50590261066533));
#9458=CARTESIAN_POINT('Origin',(53.8111759864492,-115.74430788092,1.16691033423782));
#9459=CARTESIAN_POINT('',(53.8111759864492,-115.774832150687,1.66597773344876));
#9460=CARTESIAN_POINT('',(53.8111759864492,-115.74430788092,1.16691033423782));
#9461=CARTESIAN_POINT('',(56.1904519371601,-113.399993848603,1.81122906643797));
#9462=CARTESIAN_POINT('',(56.1904519371602,-113.399993848603,1.81122906643796));
#9463=CARTESIAN_POINT('',(56.1904519371601,-113.369469578835,1.31216166722704));
#9464=CARTESIAN_POINT('Origin',(52.0434090229319,-113.979838020794,1.27482993405966));
#9465=CARTESIAN_POINT('',(52.043408803336,-116.50569939933,1.6212759775396));
#9466=CARTESIAN_POINT('',(52.0434088033361,-116.475175129563,1.12220857832867));
#9467=CARTESIAN_POINT('Origin',(52.0434090229319,-114.010362290562,1.77389733327059));
#9468=CARTESIAN_POINT('Origin',(35.436006341487,-116.475175095242,1.12220858042782));
#9469=CARTESIAN_POINT('',(35.436006341487,-116.505699365009,1.62127597963875));
#9470=CARTESIAN_POINT('',(35.436006341487,-116.475175095242,1.12220858042782));
#9471=CARTESIAN_POINT('',(52.043408803336,-116.50569939933,1.6212759775396));
#9472=CARTESIAN_POINT('Origin',(35.4360063253642,-118.970512068948,0.969587232957573));
#9473=CARTESIAN_POINT('',(33.3966176109693,-117.557741165203,1.55693034663104));
#9474=CARTESIAN_POINT('',(33.3966176109693,-117.527216895436,1.05786294742011));
#9475=CARTESIAN_POINT('Origin',(35.4360063253642,-119.001036338715,1.46865463216851));
#9476=CARTESIAN_POINT('Origin',(30.7861999257492,-115.679799055415,1.17085586302856));
#9477=CARTESIAN_POINT('',(27.9919426228007,-114.153704444704,1.76513015154533));
#9478=CARTESIAN_POINT('',(27.9919426228007,-114.123180174936,1.2660627523344));
#9479=CARTESIAN_POINT('Origin',(30.7861999257492,-115.710323325182,1.66992326223949));
#9480=CARTESIAN_POINT('Origin',(27.1187369100634,-113.63673735904,1.29581486950796));
#9481=CARTESIAN_POINT('',(27.118736921994,-112.63860255145,1.35686340960356));
#9482=CARTESIAN_POINT('Origin',(27.1187369100633,-113.667261628808,1.79488226871889));
#9483=CARTESIAN_POINT('Origin',(57.9582181167415,-115.133939559153,1.20424206005393));
#9484=CARTESIAN_POINT('Origin',(57.9582181167415,-115.164463828921,1.70330945926486));
#9485=CARTESIAN_POINT('Origin',(42.5384778558093,-115.786740794805,1.66524936957241));
#9486=CARTESIAN_POINT('Origin',(15.6000000000001,-21.7634207313327,6.91502763637369));
#9487=CARTESIAN_POINT('',(15.6000000000001,-21.7634207313327,6.91502763637369));
#9488=CARTESIAN_POINT('',(130.649999999995,-21.7634207313327,6.91502763637369));
#9489=CARTESIAN_POINT('Origin',(130.649999999995,-23.2606229289655,6.8234548270714));
#9490=CARTESIAN_POINT('Origin',(15.6000000000001,-23.2606229289655,6.82345482707141));
#9491=CARTESIAN_POINT('',(14.1000000000001,-23.2606229289655,6.82345482707141));
#9492=CARTESIAN_POINT('Origin',(14.1000000000001,-111.141388791416,1.44843692609257));
#9493=CARTESIAN_POINT('',(14.1000000000001,-111.141388791416,1.44843692609257));
#9494=CARTESIAN_POINT('Origin',(15.6000000000001,-111.141388791416,1.44843692609257));
#9495=CARTESIAN_POINT('',(15.5999984915004,-112.638590989048,1.35686411679034));
#9496=CARTESIAN_POINT('Origin',(27.118736921994,-112.63860255145,1.35686340960356));
#9497=CARTESIAN_POINT('Origin',(15.1000000000001,-120.623681537518,0.868475056707043));
#9498=CARTESIAN_POINT('Origin',(10.1000000000001,-18.7690163360671,7.09817325497827));
#9499=CARTESIAN_POINT('',(10.1000000000001,-18.7690163360671,7.09817325497827));
#9500=CARTESIAN_POINT('Origin',(15.1000000000001,-18.7690163360671,7.09817325497827));
#9501=CARTESIAN_POINT('Origin',(210.978621778851,14.6387468226551,14.1508230184135));
#9502=CARTESIAN_POINT('',(187.574095156767,-20.2852119749195,12.0147821923262));
#9503=CARTESIAN_POINT('',(198.434963339707,-25.469310971833,11.6977091145555));
#9504=CARTESIAN_POINT('Origin',(210.978621778851,14.6387468226551,14.1508230184135));
#9505=CARTESIAN_POINT('',(198.434963339707,-25.444891556019,11.2984551951868));
#9506=CARTESIAN_POINT('',(198.434963339707,-25.469310971833,11.6977091145555));
#9507=CARTESIAN_POINT('',(187.574095156767,-20.2607925591056,11.6155282729575));
#9508=CARTESIAN_POINT('Origin',(210.978621778851,14.6631662384691,13.7515690990447));
#9509=CARTESIAN_POINT('',(187.574095156767,-20.2852119749195,12.0147821923262));
#9510=CARTESIAN_POINT('Origin',(187.018106583195,-21.1148515719471,11.9640392607914));
#9511=CARTESIAN_POINT('',(186.32964997041,-20.3909268329493,12.0083163946203));
#9512=CARTESIAN_POINT('Origin',(187.018106583195,-21.1148515719471,11.9640392607914));
#9513=CARTESIAN_POINT('',(186.32964997041,-20.3665074171353,11.6090624752516));
#9514=CARTESIAN_POINT('Origin',(187.018106583195,-21.0904321561332,11.5647853414227));
#9515=CARTESIAN_POINT('',(186.32964997041,-20.3909268329493,12.0083163946203));
#9516=CARTESIAN_POINT('Origin',(176.106269071141,-9.64085455280167,12.6658189820812));
#9517=CARTESIAN_POINT('',(176.38328321146,-24.4602874480594,11.759423637063));
#9518=CARTESIAN_POINT('Origin',(176.106269071141,-9.64085455280167,12.6658189820812));
#9519=CARTESIAN_POINT('',(176.38328321146,-24.4358680322455,11.3601697176942));
#9520=CARTESIAN_POINT('Origin',(176.106269071141,-9.61643513698773,12.2665650627125));
#9521=CARTESIAN_POINT('',(176.38328321146,-24.4602874480594,11.759423637063));
#9522=CARTESIAN_POINT('Origin',(176.351271457964,-24.860155990386,11.7349666292985));
#9523=CARTESIAN_POINT('',(176.318236272274,-25.2599415930735,11.7105146943397));
#9524=CARTESIAN_POINT('Origin',(176.351271457964,-24.860155990386,11.7349666292985));
#9525=CARTESIAN_POINT('',(176.318236272274,-25.2355221772596,11.311260774971));
#9526=CARTESIAN_POINT('Origin',(176.351271457964,-24.835736574572,11.3357127099298));
#9527=CARTESIAN_POINT('',(176.318236272274,-25.2599415930735,11.7105146943397));
#9528=CARTESIAN_POINT('Origin',(176.106269071141,-9.64085455280167,12.6658189820812));
#9529=CARTESIAN_POINT('',(186.710839956191,-21.1283624368794,11.9632129008917));
#9530=CARTESIAN_POINT('Origin',(176.106269071141,-9.64085455280167,12.6658189820812));
#9531=CARTESIAN_POINT('',(186.710839956191,-21.1039430210655,11.5639589815229));
#9532=CARTESIAN_POINT('Origin',(176.106269071141,-9.61643513698773,12.2665650627125));
#9533=CARTESIAN_POINT('',(186.710839956191,-21.1283624368794,11.9632129008917));
#9534=CARTESIAN_POINT('Origin',(187.049650420758,-21.4953822743731,11.9407650059834));
#9535=CARTESIAN_POINT('',(187.325359434271,-21.0790457366076,11.9662292394975));
#9536=CARTESIAN_POINT('Origin',(187.049650420758,-21.4953822743731,11.9407650059834));
#9537=CARTESIAN_POINT('',(187.325359434271,-21.0546263207937,11.5669753201287));
#9538=CARTESIAN_POINT('Origin',(187.049650420758,-21.4709628585591,11.5415110866146));
#9539=CARTESIAN_POINT('',(187.325359434271,-21.0790457366076,11.9662292394975));
#9540=CARTESIAN_POINT('Origin',(210.978621778851,14.6387468226551,14.1508230184135));
#9541=CARTESIAN_POINT('',(198.197798787548,-26.2319242238358,11.6510656899015));
#9542=CARTESIAN_POINT('Origin',(210.978621778851,14.6387468226551,14.1508230184135));
#9543=CARTESIAN_POINT('',(198.197798787548,-26.2075048080219,11.2518117705328));
#9544=CARTESIAN_POINT('Origin',(210.978621778851,14.6631662384691,13.7515690990447));
#9545=CARTESIAN_POINT('',(198.197798787548,-26.2319242238358,11.6510656899015));
#9546=CARTESIAN_POINT('Origin',(198.444959380804,-25.8904550505519,11.6719508392402));
#9547=CARTESIAN_POINT('Origin',(198.444959380804,-25.8904550505519,11.6719508392402));
#9548=CARTESIAN_POINT('Origin',(198.444959380804,-25.866035634738,11.2726969198715));
#9549=CARTESIAN_POINT('Origin',(187.40819379417,-23.2142170371604,11.8356365682856));
#9550=CARTESIAN_POINT('Origin',(187.40819379417,-23.1897976213464,11.4363826489168));
#9551=CARTESIAN_POINT('Origin',(197.903378429629,8.41980703916014,13.7704563666968));
#9552=CARTESIAN_POINT('',(163.429102334907,-19.640108348139,12.0542384204087));
#9553=CARTESIAN_POINT('',(188.220059720421,-34.9159519243306,11.1199278022799));
#9554=CARTESIAN_POINT('Origin',(197.903378429629,8.41980703916014,13.7704563666968));
#9555=CARTESIAN_POINT('',(188.220059720421,-34.8915325085166,10.7206738829112));
#9556=CARTESIAN_POINT('',(188.220059720421,-34.9159519243306,11.1199278022799));
#9557=CARTESIAN_POINT('',(163.429102334907,-19.615688932325,11.65498450104));
#9558=CARTESIAN_POINT('Origin',(197.903378429629,8.44422645497408,13.3712024473281));
#9559=CARTESIAN_POINT('',(163.429102334907,-19.640108348139,12.0542384204087));
#9560=CARTESIAN_POINT('Origin',(162.654111792056,-20.2709024219182,12.015657402081));
#9561=CARTESIAN_POINT('',(161.84194491129,-19.6885654328323,12.051274658144));
#9562=CARTESIAN_POINT('Origin',(162.654111792056,-20.2709024219182,12.015657402081));
#9563=CARTESIAN_POINT('',(161.84194491129,-19.6641460170184,11.6520207387753));
#9564=CARTESIAN_POINT('Origin',(162.654111792056,-20.2464830061043,11.6164034827122));
#9565=CARTESIAN_POINT('',(161.84194491129,-19.6885654328323,12.051274658144));
#9566=CARTESIAN_POINT('Origin',(134.999414992671,-0.442030733565864,13.2284431491684));
#9567=CARTESIAN_POINT('',(135.987688488247,-33.4161438712274,11.2116599925305));
#9568=CARTESIAN_POINT('Origin',(134.999414992671,-0.442030733565864,13.2284431491684));
#9569=CARTESIAN_POINT('',(135.987688488247,-33.3917244554135,10.8124060731617));
#9570=CARTESIAN_POINT('Origin',(134.999414992671,-0.417611317751921,12.8291892297996));
#9571=CARTESIAN_POINT('',(135.987688488247,-33.4161438712274,11.2116599925305));
#9572=CARTESIAN_POINT('Origin',(136.008619827554,-34.1145258004256,11.168945123875));
#9573=CARTESIAN_POINT('',(136.02955116686,-34.8129077296238,11.1262302552195));
#9574=CARTESIAN_POINT('Origin',(136.008619827554,-34.1145258004256,11.168945123875));
#9575=CARTESIAN_POINT('',(136.02955116686,-34.7884883138098,10.7269763358507));
#9576=CARTESIAN_POINT('Origin',(136.008619827554,-34.0901063846117,10.7696912045062));
#9577=CARTESIAN_POINT('',(136.02955116686,-34.8129077296238,11.1262302552195));
#9578=CARTESIAN_POINT('Origin',(134.999414992671,-0.442030733565864,13.2284431491684));
#9579=CARTESIAN_POINT('',(162.299289201563,-21.4160359061421,11.9456180377638));
#9580=CARTESIAN_POINT('Origin',(134.999414992671,-0.442030733565864,13.2284431491684));
#9581=CARTESIAN_POINT('',(162.299289201563,-21.3916164903282,11.546364118395));
#9582=CARTESIAN_POINT('Origin',(134.999414992671,-0.417611317751921,12.8291892297996));
#9583=CARTESIAN_POINT('',(162.299289201563,-21.4160359061421,11.9456180377638));
#9584=CARTESIAN_POINT('Origin',(162.695507920996,-21.7204436630163,11.9269996617592));
#9585=CARTESIAN_POINT('',(163.075038205513,-21.3955408001295,11.9468715721478));
#9586=CARTESIAN_POINT('Origin',(162.695507920996,-21.7204436630163,11.9269996617592));
#9587=CARTESIAN_POINT('',(163.075038205513,-21.3711213843155,11.547617652779));
#9588=CARTESIAN_POINT('Origin',(162.695507920996,-21.6960242472024,11.5277457423905));
#9589=CARTESIAN_POINT('',(163.075038205513,-21.3955408001295,11.9468715721478));
#9590=CARTESIAN_POINT('Origin',(197.903378429629,8.41980703916014,13.7704563666968));
#9591=CARTESIAN_POINT('',(187.915302861961,-36.2798304491298,11.0365094181362));
#9592=CARTESIAN_POINT('Origin',(197.903378429629,8.41980703916014,13.7704563666968));
#9593=CARTESIAN_POINT('',(187.915302861961,-36.2554110333158,10.6372554987675));
#9594=CARTESIAN_POINT('Origin',(197.903378429629,8.44422645497408,13.3712024473281));
#9595=CARTESIAN_POINT('',(187.915302861961,-36.2798304491298,11.0365094181362));
#9596=CARTESIAN_POINT('Origin',(188.06768129839,-35.5978911883327,11.07821861011));
#9597=CARTESIAN_POINT('Origin',(188.06768129839,-35.5978911883327,11.07821861011));
#9598=CARTESIAN_POINT('Origin',(188.06768129839,-35.5734717725188,10.6789646907413));
#9599=CARTESIAN_POINT('Origin',(162.038150562972,-27.7846765853622,11.5560952870257));
#9600=CARTESIAN_POINT('Origin',(162.038150562972,-27.7602571695483,11.156841367657));
#9601=CARTESIAN_POINT('Origin',(227.948500073616,-32.8399729566628,11.2469001153198));
#9602=CARTESIAN_POINT('',(227.595733357292,-33.3744706734655,11.2142088344956));
#9603=CARTESIAN_POINT('',(228.296681332641,-32.3024880756473,11.2797740989339));
#9604=CARTESIAN_POINT('Origin',(227.948500073616,-32.8399729566628,11.2469001153198));
#9605=CARTESIAN_POINT('',(227.595733357292,-33.3500512576516,10.8149549151269));
#9606=CARTESIAN_POINT('',(227.595733357292,-33.3744706734655,11.2142088344956));
#9607=CARTESIAN_POINT('',(228.296681332641,-32.2780686598334,10.8805201795652));
#9608=CARTESIAN_POINT('Origin',(227.948500073616,-32.8155535408488,10.847646195951));
#9609=CARTESIAN_POINT('',(228.296681332641,-32.3024880756473,11.2797740989339));
#9610=CARTESIAN_POINT('Origin',(233.670502070126,-7.01271113161938,12.826563119852));
#9611=CARTESIAN_POINT('',(213.437289976756,-23.1522900783332,11.8394241833454));
#9612=CARTESIAN_POINT('Origin',(233.670502070126,-7.01271113161938,12.826563119852));
#9613=CARTESIAN_POINT('',(213.437289976756,-23.1278706625192,11.4401702639766));
#9614=CARTESIAN_POINT('Origin',(233.670502070126,-6.98829171580543,12.4273092004832));
#9615=CARTESIAN_POINT('',(213.437289976756,-23.1522900783332,11.8394241833454));
#9616=CARTESIAN_POINT('Origin',(212.65610427966,-23.775424367251,11.8013116575296));
#9617=CARTESIAN_POINT('',(212.027594444482,-22.9990734867313,11.8487953115383));
#9618=CARTESIAN_POINT('Origin',(212.65610427966,-23.775424367251,11.8013116575296));
#9619=CARTESIAN_POINT('',(212.027594444482,-22.9746540709174,11.4495413921695));
#9620=CARTESIAN_POINT('Origin',(212.65610427966,-23.7510049514371,11.4020577381608));
#9621=CARTESIAN_POINT('',(212.027594444482,-22.9990734867313,11.8487953115383));
#9622=CARTESIAN_POINT('Origin',(183.678362969812,12.0185978138222,13.9905678398485));
#9623=CARTESIAN_POINT('',(192.191566444133,-32.1935775699678,11.2864353508232));
#9624=CARTESIAN_POINT('Origin',(183.678362969812,12.0185978138222,13.9905678398485));
#9625=CARTESIAN_POINT('',(192.191566444133,-32.1691581541539,10.8871814314545));
#9626=CARTESIAN_POINT('Origin',(183.678362969812,12.0430172296361,13.5913139204798));
#9627=CARTESIAN_POINT('',(192.191566444133,-32.1935775699678,11.2864353508232));
#9628=CARTESIAN_POINT('Origin',(192.223213273682,-32.7972713331113,11.2495118585008));
#9629=CARTESIAN_POINT('',(192.416976351368,-33.3700188715044,11.214481118368));
#9630=CARTESIAN_POINT('Origin',(192.223213273682,-32.7972713331113,11.2495118585008));
#9631=CARTESIAN_POINT('',(192.416976351368,-33.3455994556904,10.8152271989992));
#9632=CARTESIAN_POINT('Origin',(192.223213273682,-32.7728519172973,10.8502579391321));
#9633=CARTESIAN_POINT('',(192.416976351368,-33.3700188715044,11.214481118368));
#9634=CARTESIAN_POINT('Origin',(183.678362969812,12.0185978138222,13.9905678398485));
#9635=CARTESIAN_POINT('',(212.243861140846,-24.3580255375912,11.7656782434488));
#9636=CARTESIAN_POINT('Origin',(183.678362969812,12.0185978138222,13.9905678398485));
#9637=CARTESIAN_POINT('',(212.243861140846,-24.3336061217773,11.3664243240801));
#9638=CARTESIAN_POINT('Origin',(183.678362969812,12.0430172296361,13.5913139204798));
#9639=CARTESIAN_POINT('',(212.243861140846,-24.3580255375912,11.7656782434488));
#9640=CARTESIAN_POINT('Origin',(212.552307402279,-24.7508152382687,11.7416541961872));
#9641=CARTESIAN_POINT('',(212.934874475743,-24.4294802622633,11.7613078852657));
#9642=CARTESIAN_POINT('Origin',(212.552307402279,-24.7508152382687,11.7416541961872));
#9643=CARTESIAN_POINT('',(212.934874475743,-24.4050608464493,11.362053965897));
#9644=CARTESIAN_POINT('Origin',(212.552307402279,-24.7263958224548,11.3424002768185));
#9645=CARTESIAN_POINT('',(212.934874475743,-24.4294802622633,11.7613078852657));
#9646=CARTESIAN_POINT('Origin',(233.670502070126,-7.01271113161938,12.826563119852));
#9647=CARTESIAN_POINT('Origin',(233.670502070126,-7.01271113161938,12.826563119852));
#9648=CARTESIAN_POINT('Origin',(233.670502070126,-6.98829171580543,12.4273092004832));
#9649=CARTESIAN_POINT('Origin',(210.10365677977,-28.12865796895,11.5350564843225));
#9650=CARTESIAN_POINT('Origin',(210.10365677977,-28.1042385531361,11.1358025649538));
#9651=CARTESIAN_POINT('Ctrl Pts',(184.763297797291,-26.0698320422041,11.660979672436));
#9652=CARTESIAN_POINT('Ctrl Pts',(184.763297797291,-26.0454126263902,11.2617257530673));
#9653=CARTESIAN_POINT('Ctrl Pts',(185.326417915275,-25.7895577431469,11.6781219829272));
#9654=CARTESIAN_POINT('Ctrl Pts',(185.326417915275,-25.765138327333,11.2788680635585));
#9655=CARTESIAN_POINT('Ctrl Pts',(185.808408026057,-25.5282295600462,11.6941054993248));
#9656=CARTESIAN_POINT('Ctrl Pts',(185.808408026057,-25.5038101442322,11.2948515799561));
#9657=CARTESIAN_POINT('Ctrl Pts',(186.206003248932,-25.2880254098031,11.7087970145247));
#9658=CARTESIAN_POINT('Ctrl Pts',(186.206003248932,-25.2636059939892,11.309543095156));
#9659=CARTESIAN_POINT('Ctrl Pts',(187.006960988133,-24.8041328425478,11.7383931518094));
#9660=CARTESIAN_POINT('Ctrl Pts',(187.006960988133,-24.7797134267339,11.3391392324406));
#9661=CARTESIAN_POINT('Ctrl Pts',(187.447354488003,-24.3774983678397,11.7644872341291));
#9662=CARTESIAN_POINT('Ctrl Pts',(187.447354488003,-24.3530789520257,11.3652333147603));
#9663=CARTESIAN_POINT('Ctrl Pts',(187.54006348862,-24.1783157592989,11.7766697643558));
#9664=CARTESIAN_POINT('Ctrl Pts',(187.54006348862,-24.153896343485,11.3774158449871));
#9665=CARTESIAN_POINT('Ctrl Pts',(187.593517645096,-24.063471048933,11.7836939677522));
#9666=CARTESIAN_POINT('Ctrl Pts',(187.593517645096,-24.0390516331191,11.3844400483835));
#9667=CARTESIAN_POINT('Ctrl Pts',(187.584402011283,-24.065243991533,11.7835855299374));
#9668=CARTESIAN_POINT('Ctrl Pts',(187.584402011283,-24.0408245757191,11.3843316105687));
#9669=CARTESIAN_POINT('Ctrl Pts',(187.542662276012,-24.0032619139111,11.7873765162072));
#9670=CARTESIAN_POINT('Ctrl Pts',(187.542662276012,-23.9788424980972,11.3881225968384));
#9671=CARTESIAN_POINT('Ctrl Pts',(187.488588206899,-23.9229637728857,11.7922877609055));
#9672=CARTESIAN_POINT('Ctrl Pts',(187.488588206899,-23.8985443570717,11.3930338415367));
#9673=CARTESIAN_POINT('Ctrl Pts',(187.270432194822,-23.7734464152095,11.801432634259));
#9674=CARTESIAN_POINT('Ctrl Pts',(187.270432194822,-23.7490269993955,11.4021787148902));
#9675=CARTESIAN_POINT('Ctrl Pts',(187.002589200062,-23.6481687038913,11.8090949473296));
#9676=CARTESIAN_POINT('Ctrl Pts',(187.002589200062,-23.6237492880774,11.4098410279609));
#9677=CARTESIAN_POINT('Ctrl Pts',(186.721912224561,-23.516888178365,11.8171244082455));
#9678=CARTESIAN_POINT('Ctrl Pts',(186.721912224561,-23.4924687625511,11.4178704888768));
#9679=CARTESIAN_POINT('Ctrl Pts',(186.42283392911,-23.4164673794488,11.8232664074249));
#9680=CARTESIAN_POINT('Ctrl Pts',(186.42283392911,-23.3920479636349,11.4240124880561));
#9681=CARTESIAN_POINT('Ctrl Pts',(186.187108564048,-23.2326619571164,11.8345084286526));
#9682=CARTESIAN_POINT('Ctrl Pts',(186.187108564048,-23.2082425413024,11.4352545092838));
#9683=CARTESIAN_POINT('Ctrl Pts',(186.077653198542,-23.1473148003597,11.8397284843822));
#9684=CARTESIAN_POINT('Ctrl Pts',(186.077653198542,-23.1228953845457,11.4404745650135));
#9685=CARTESIAN_POINT('Ctrl Pts',(185.94663403405,-23.0110763105863,11.8480611873821));
#9686=CARTESIAN_POINT('Ctrl Pts',(185.94663403405,-22.9866568947724,11.4488072680134));
#9687=CARTESIAN_POINT('Ctrl Pts',(185.940089820311,-22.8002610814221,11.8609551991654));
#9688=CARTESIAN_POINT('Ctrl Pts',(185.940089820311,-22.7758416656082,11.4617012797967));
#9689=CARTESIAN_POINT('Ctrl Pts',(185.934258844183,-22.6124220808047,11.8724439246096));
#9690=CARTESIAN_POINT('Ctrl Pts',(185.934258844183,-22.5880026649908,11.4731900052409));
#9691=CARTESIAN_POINT('Ctrl Pts',(186.041969646401,-22.4628659447205,11.8815911697521));
#9692=CARTESIAN_POINT('Ctrl Pts',(186.041969646401,-22.4384465289066,11.4823372503834));
#9693=CARTESIAN_POINT('Ctrl Pts',(186.145912535601,-22.3711328270147,11.8872018075856));
#9694=CARTESIAN_POINT('Ctrl Pts',(186.145912535601,-22.3467134112008,11.4879478882168));
#9695=CARTESIAN_POINT('Ctrl Pts',(186.36412292832,-22.1785547700269,11.8989803861344));
#9696=CARTESIAN_POINT('Ctrl Pts',(186.36412292832,-22.154135354213,11.4997264667657));
#9697=CARTESIAN_POINT('Ctrl Pts',(186.653717294868,-22.0722514467371,11.9054821759175));
#9698=CARTESIAN_POINT('Ctrl Pts',(186.653717294868,-22.0478320309232,11.5062282565488));
#9699=CARTESIAN_POINT('Ctrl Pts',(187.083879739951,-21.9391867191077,11.913620763309));
#9700=CARTESIAN_POINT('Ctrl Pts',(187.083879739951,-21.9147673032938,11.5143668439402));
#9701=CARTESIAN_POINT('',(187.083879739951,-21.9391867191077,11.913620763309));
#9702=CARTESIAN_POINT('',(184.763297797291,-26.0698320422041,11.660979672436));
#9703=CARTESIAN_POINT('Ctrl Pts',(187.083879739951,-21.9391867191077,11.913620763309));
#9704=CARTESIAN_POINT('Ctrl Pts',(186.653717294868,-22.0722514467371,11.9054821759175));
#9705=CARTESIAN_POINT('Ctrl Pts',(186.36412292832,-22.1785547700269,11.8989803861344));
#9706=CARTESIAN_POINT('Ctrl Pts',(186.145912535601,-22.3711328270147,11.8872018075856));
#9707=CARTESIAN_POINT('Ctrl Pts',(186.041969646401,-22.4628659447205,11.8815911697521));
#9708=CARTESIAN_POINT('Ctrl Pts',(185.934258844183,-22.6124220808047,11.8724439246096));
#9709=CARTESIAN_POINT('Ctrl Pts',(185.940089820311,-22.8002610814221,11.8609551991654));
#9710=CARTESIAN_POINT('Ctrl Pts',(185.94663403405,-23.0110763105863,11.8480611873821));
#9711=CARTESIAN_POINT('Ctrl Pts',(186.077653198542,-23.1473148003597,11.8397284843822));
#9712=CARTESIAN_POINT('Ctrl Pts',(186.187108564048,-23.2326619571164,11.8345084286526));
#9713=CARTESIAN_POINT('Ctrl Pts',(186.42283392911,-23.4164673794488,11.8232664074249));
#9714=CARTESIAN_POINT('Ctrl Pts',(186.721912224561,-23.516888178365,11.8171244082455));
#9715=CARTESIAN_POINT('Ctrl Pts',(187.002589200062,-23.6481687038913,11.8090949473296));
#9716=CARTESIAN_POINT('Ctrl Pts',(187.270432194822,-23.7734464152095,11.801432634259));
#9717=CARTESIAN_POINT('Ctrl Pts',(187.488588206899,-23.9229637728857,11.7922877609055));
#9718=CARTESIAN_POINT('Ctrl Pts',(187.542662276012,-24.0032619139111,11.7873765162072));
#9719=CARTESIAN_POINT('Ctrl Pts',(187.563532143648,-24.0342529527221,11.7854810230723));
#9720=CARTESIAN_POINT('Ctrl Pts',(187.576245985919,-24.0493052364775,11.7845603859586));
#9721=CARTESIAN_POINT('Ctrl Pts',(187.577060591721,-24.070965349326,11.783235596704));
#9722=CARTESIAN_POINT('Ctrl Pts',(187.577875197524,-24.0926254621745,11.7819108074494));
#9723=CARTESIAN_POINT('Ctrl Pts',(187.566790566858,-24.120893404116,11.780181866054));
#9724=CARTESIAN_POINT('Ctrl Pts',(187.54006348862,-24.1783157592989,11.7766697643558));
#9725=CARTESIAN_POINT('Ctrl Pts',(187.447354488003,-24.3774983678397,11.7644872341291));
#9726=CARTESIAN_POINT('Ctrl Pts',(187.006960988133,-24.8041328425478,11.7383931518094));
#9727=CARTESIAN_POINT('Ctrl Pts',(186.206003248932,-25.2880254098031,11.7087970145247));
#9728=CARTESIAN_POINT('Ctrl Pts',(185.808408026057,-25.5282295600462,11.6941054993248));
#9729=CARTESIAN_POINT('Ctrl Pts',(185.326417915275,-25.7895577431469,11.6781219829272));
#9730=CARTESIAN_POINT('Ctrl Pts',(184.763297797291,-26.0698320422041,11.660979672436));
#9731=CARTESIAN_POINT('',(187.083879739951,-21.9147673032938,11.5143668439402));
#9732=CARTESIAN_POINT('',(187.083879739951,-21.9391867191077,11.913620763309));
#9733=CARTESIAN_POINT('',(184.763297797291,-26.0454126263902,11.2617257530673));
#9734=CARTESIAN_POINT('Ctrl Pts',(184.763297797291,-26.0454126263902,11.2617257530673));
#9735=CARTESIAN_POINT('Ctrl Pts',(185.326417915275,-25.765138327333,11.2788680635585));
#9736=CARTESIAN_POINT('Ctrl Pts',(185.808408026057,-25.5038101442322,11.2948515799561));
#9737=CARTESIAN_POINT('Ctrl Pts',(186.206003248932,-25.2636059939892,11.309543095156));
#9738=CARTESIAN_POINT('Ctrl Pts',(187.006960988133,-24.7797134267339,11.3391392324406));
#9739=CARTESIAN_POINT('Ctrl Pts',(187.447354488003,-24.3530789520257,11.3652333147603));
#9740=CARTESIAN_POINT('Ctrl Pts',(187.54006348862,-24.153896343485,11.3774158449871));
#9741=CARTESIAN_POINT('Ctrl Pts',(187.566790566858,-24.096473988302,11.3809279466853));
#9742=CARTESIAN_POINT('Ctrl Pts',(187.577875197524,-24.0682060463606,11.3826568880807));
#9743=CARTESIAN_POINT('Ctrl Pts',(187.577060591721,-24.0465459335121,11.3839816773353));
#9744=CARTESIAN_POINT('Ctrl Pts',(187.576245985919,-24.0248858206636,11.3853064665898));
#9745=CARTESIAN_POINT('Ctrl Pts',(187.563532143648,-24.0098335369081,11.3862271037036));
#9746=CARTESIAN_POINT('Ctrl Pts',(187.542662276012,-23.9788424980972,11.3881225968384));
#9747=CARTESIAN_POINT('Ctrl Pts',(187.488588206899,-23.8985443570717,11.3930338415367));
#9748=CARTESIAN_POINT('Ctrl Pts',(187.270432194822,-23.7490269993955,11.4021787148902));
#9749=CARTESIAN_POINT('Ctrl Pts',(187.002589200062,-23.6237492880774,11.4098410279609));
#9750=CARTESIAN_POINT('Ctrl Pts',(186.721912224561,-23.4924687625511,11.4178704888768));
#9751=CARTESIAN_POINT('Ctrl Pts',(186.42283392911,-23.3920479636349,11.4240124880561));
#9752=CARTESIAN_POINT('Ctrl Pts',(186.187108564048,-23.2082425413024,11.4352545092838));
#9753=CARTESIAN_POINT('Ctrl Pts',(186.077653198542,-23.1228953845457,11.4404745650135));
#9754=CARTESIAN_POINT('Ctrl Pts',(185.94663403405,-22.9866568947724,11.4488072680134));
#9755=CARTESIAN_POINT('Ctrl Pts',(185.940089820311,-22.7758416656082,11.4617012797967));
#9756=CARTESIAN_POINT('Ctrl Pts',(185.934258844183,-22.5880026649908,11.4731900052409));
#9757=CARTESIAN_POINT('Ctrl Pts',(186.041969646401,-22.4384465289066,11.4823372503834));
#9758=CARTESIAN_POINT('Ctrl Pts',(186.145912535601,-22.3467134112008,11.4879478882168));
#9759=CARTESIAN_POINT('Ctrl Pts',(186.36412292832,-22.154135354213,11.4997264667657));
#9760=CARTESIAN_POINT('Ctrl Pts',(186.653717294868,-22.0478320309232,11.5062282565488));
#9761=CARTESIAN_POINT('Ctrl Pts',(187.083879739951,-21.9147673032938,11.5143668439402));
#9762=CARTESIAN_POINT('',(184.763297797291,-26.0698320422041,11.660979672436));
#9763=CARTESIAN_POINT('Origin',(184.919483385304,-26.3824666983801,11.6418581177145));
#9764=CARTESIAN_POINT('',(185.075668973316,-26.695101354556,11.6227365629929));
#9765=CARTESIAN_POINT('Origin',(184.919483385304,-26.3824666983801,11.6418581177145));
#9766=CARTESIAN_POINT('',(185.075668973316,-26.6706819387421,11.2234826436242));
#9767=CARTESIAN_POINT('Origin',(184.919483385304,-26.3580472825661,11.2426041983457));
#9768=CARTESIAN_POINT('',(185.075668973316,-26.695101354556,11.6227365629929));
#9769=CARTESIAN_POINT('Ctrl Pts',(186.798448119203,-22.7864765644763,11.8617982963393));
#9770=CARTESIAN_POINT('Ctrl Pts',(186.798448119203,-22.7620571486624,11.4625443769706));
#9771=CARTESIAN_POINT('Ctrl Pts',(186.865316746607,-22.8195175493789,11.8597774231303));
#9772=CARTESIAN_POINT('Ctrl Pts',(186.865316746607,-22.7950981335649,11.4605235037616));
#9773=CARTESIAN_POINT('Ctrl Pts',(186.942532490241,-22.8545075279246,11.8576373443635));
#9774=CARTESIAN_POINT('Ctrl Pts',(186.942532490241,-22.8300881121107,11.4583834249947));
#9775=CARTESIAN_POINT('Ctrl Pts',(187.027306985944,-22.8923745182399,11.8553213000186));
#9776=CARTESIAN_POINT('Ctrl Pts',(187.027306985944,-22.867955102426,11.4560673806498));
#9777=CARTESIAN_POINT('Ctrl Pts',(187.351675082783,-23.0372629481839,11.8464595440137));
#9778=CARTESIAN_POINT('Ctrl Pts',(187.351675082783,-23.0128435323699,11.447205624645));
#9779=CARTESIAN_POINT('Ctrl Pts',(187.767911181689,-23.1917058003788,11.8370134145099));
#9780=CARTESIAN_POINT('Ctrl Pts',(187.767911181689,-23.1672863845649,11.4377594951412));
#9781=CARTESIAN_POINT('Ctrl Pts',(188.048709186904,-23.5159016282761,11.8171847482339));
#9782=CARTESIAN_POINT('Ctrl Pts',(188.048709186904,-23.4914822124621,11.4179308288651));
#9783=CARTESIAN_POINT('Ctrl Pts',(188.221750764391,-23.7156870841276,11.8049653462861));
#9784=CARTESIAN_POINT('Ctrl Pts',(188.221750764391,-23.6912676683136,11.4057114269173));
#9785=CARTESIAN_POINT('Ctrl Pts',(188.314431231048,-24.0295129142379,11.7857709362456));
#9786=CARTESIAN_POINT('Ctrl Pts',(188.314431231048,-24.005093498424,11.3865170168769));
#9787=CARTESIAN_POINT('Ctrl Pts',(188.234808323956,-24.3124188400178,11.7684676685688));
#9788=CARTESIAN_POINT('Ctrl Pts',(188.234808323956,-24.2879994242038,11.3692137492001));
#9789=CARTESIAN_POINT('Ctrl Pts',(188.100256234515,-24.7904921083695,11.7392274548525));
#9790=CARTESIAN_POINT('Ctrl Pts',(188.100256234515,-24.7660726925556,11.3399735354838));
#9791=CARTESIAN_POINT('Ctrl Pts',(187.664176521636,-25.1712204620152,11.715941111178));
#9792=CARTESIAN_POINT('Ctrl Pts',(187.664176521636,-25.1468010462013,11.3166871918092));
#9793=CARTESIAN_POINT('Ctrl Pts',(186.973379564694,-25.6298999028453,11.6878870747676));
#9794=CARTESIAN_POINT('Ctrl Pts',(186.973379564694,-25.6054804870314,11.2886331553989));
#9795=CARTESIAN_POINT('Ctrl Pts',(186.481475801541,-25.9565170669156,11.667910313227));
#9796=CARTESIAN_POINT('Ctrl Pts',(186.481475801541,-25.9320976511017,11.2686563938582));
#9797=CARTESIAN_POINT('Ctrl Pts',(185.849383593353,-26.3100106503246,11.6462897194593));
#9798=CARTESIAN_POINT('Ctrl Pts',(185.849383593353,-26.2855912345106,11.2470358000906));
#9799=CARTESIAN_POINT('Ctrl Pts',(185.075668973316,-26.695101354556,11.6227365629929));
#9800=CARTESIAN_POINT('Ctrl Pts',(185.075668973316,-26.6706819387421,11.2234826436242));
#9801=CARTESIAN_POINT('',(186.798448119203,-22.7864765644763,11.8617982963393));
#9802=CARTESIAN_POINT('Ctrl Pts',(186.798448119203,-22.7864765644763,11.8617982963393));
#9803=CARTESIAN_POINT('Ctrl Pts',(186.865316746607,-22.8195175493789,11.8597774231303));
#9804=CARTESIAN_POINT('Ctrl Pts',(186.942532490241,-22.8545075279246,11.8576373443635));
#9805=CARTESIAN_POINT('Ctrl Pts',(187.027306985944,-22.8923745182399,11.8553213000186));
#9806=CARTESIAN_POINT('Ctrl Pts',(187.351675082783,-23.0372629481839,11.8464595440137));
#9807=CARTESIAN_POINT('Ctrl Pts',(187.767911181689,-23.1917058003788,11.8370134145099));
#9808=CARTESIAN_POINT('Ctrl Pts',(188.048709186904,-23.5159016282761,11.8171847482339));
#9809=CARTESIAN_POINT('Ctrl Pts',(188.221750764391,-23.7156870841276,11.8049653462861));
#9810=CARTESIAN_POINT('Ctrl Pts',(188.314431231048,-24.0295129142379,11.7857709362456));
#9811=CARTESIAN_POINT('Ctrl Pts',(188.234808323956,-24.3124188400178,11.7684676685688));
#9812=CARTESIAN_POINT('Ctrl Pts',(188.100256234515,-24.7904921083695,11.7392274548525));
#9813=CARTESIAN_POINT('Ctrl Pts',(187.664176521636,-25.1712204620152,11.715941111178));
#9814=CARTESIAN_POINT('Ctrl Pts',(186.973379564694,-25.6298999028453,11.6878870747676));
#9815=CARTESIAN_POINT('Ctrl Pts',(186.481475801541,-25.9565170669156,11.667910313227));
#9816=CARTESIAN_POINT('Ctrl Pts',(185.849383593353,-26.3100106503246,11.6462897194593));
#9817=CARTESIAN_POINT('Ctrl Pts',(185.075668973316,-26.695101354556,11.6227365629929));
#9818=CARTESIAN_POINT('',(186.798448119203,-22.7620571486624,11.4625443769706));
#9819=CARTESIAN_POINT('Ctrl Pts',(186.798448119203,-22.7620571486624,11.4625443769706));
#9820=CARTESIAN_POINT('Ctrl Pts',(186.865316746607,-22.7950981335649,11.4605235037616));
#9821=CARTESIAN_POINT('Ctrl Pts',(186.942532490241,-22.8300881121107,11.4583834249947));
#9822=CARTESIAN_POINT('Ctrl Pts',(187.027306985944,-22.867955102426,11.4560673806498));
#9823=CARTESIAN_POINT('Ctrl Pts',(187.351675082783,-23.0128435323699,11.447205624645));
#9824=CARTESIAN_POINT('Ctrl Pts',(187.767911181689,-23.1672863845649,11.4377594951412));
#9825=CARTESIAN_POINT('Ctrl Pts',(188.048709186904,-23.4914822124621,11.4179308288651));
#9826=CARTESIAN_POINT('Ctrl Pts',(188.221750764391,-23.6912676683136,11.4057114269173));
#9827=CARTESIAN_POINT('Ctrl Pts',(188.314431231048,-24.005093498424,11.3865170168769));
#9828=CARTESIAN_POINT('Ctrl Pts',(188.234808323956,-24.2879994242038,11.3692137492001));
#9829=CARTESIAN_POINT('Ctrl Pts',(188.100256234515,-24.7660726925556,11.3399735354838));
#9830=CARTESIAN_POINT('Ctrl Pts',(187.664176521636,-25.1468010462013,11.3166871918092));
#9831=CARTESIAN_POINT('Ctrl Pts',(186.973379564694,-25.6054804870314,11.2886331553989));
#9832=CARTESIAN_POINT('Ctrl Pts',(186.481475801541,-25.9320976511017,11.2686563938582));
#9833=CARTESIAN_POINT('Ctrl Pts',(185.849383593353,-26.2855912345106,11.2470358000906));
#9834=CARTESIAN_POINT('Ctrl Pts',(185.075668973316,-26.6706819387421,11.2234826436242));
#9835=CARTESIAN_POINT('',(186.798448119203,-22.7864765644763,11.8617982963393));
#9836=CARTESIAN_POINT('Ctrl Pts',(187.291096446974,-22.6065659763516,11.8728020993018));
#9837=CARTESIAN_POINT('Ctrl Pts',(187.291096446974,-22.5821465605376,11.4735481799331));
#9838=CARTESIAN_POINT('Ctrl Pts',(187.082647796926,-22.6710466467596,11.8688582925506));
#9839=CARTESIAN_POINT('Ctrl Pts',(187.082647796926,-22.6466272309457,11.4696043731819));
#9840=CARTESIAN_POINT('Ctrl Pts',(186.91619606854,-22.732711318329,11.8650867196667));
#9841=CARTESIAN_POINT('Ctrl Pts',(186.91619606854,-22.708291902515,11.465832800298));
#9842=CARTESIAN_POINT('Ctrl Pts',(186.798448119203,-22.7864765644763,11.8617982963393));
#9843=CARTESIAN_POINT('Ctrl Pts',(186.798448119203,-22.7620571486623,11.4625443769706));
#9844=CARTESIAN_POINT('',(187.291096446974,-22.6065659763516,11.8728020993018));
#9845=CARTESIAN_POINT('Ctrl Pts',(187.291096446974,-22.6065659763516,11.8728020993018));
#9846=CARTESIAN_POINT('Ctrl Pts',(187.082647796926,-22.6710466467596,11.8688582925506));
#9847=CARTESIAN_POINT('Ctrl Pts',(186.91619606854,-22.732711318329,11.8650867196667));
#9848=CARTESIAN_POINT('Ctrl Pts',(186.798448119203,-22.7864765644763,11.8617982963393));
#9849=CARTESIAN_POINT('',(187.291096446974,-22.5821465605376,11.4735481799331));
#9850=CARTESIAN_POINT('Ctrl Pts',(187.291096446974,-22.5821465605376,11.4735481799331));
#9851=CARTESIAN_POINT('Ctrl Pts',(187.082647796926,-22.6466272309457,11.4696043731819));
#9852=CARTESIAN_POINT('Ctrl Pts',(186.91619606854,-22.708291902515,11.465832800298));
#9853=CARTESIAN_POINT('Ctrl Pts',(186.798448119203,-22.7620571486623,11.4625443769706));
#9854=CARTESIAN_POINT('',(187.291096446974,-22.6065659763516,11.8728020993018));
#9855=CARTESIAN_POINT('Origin',(187.187488093463,-22.2728763477296,11.8932114313054));
#9856=CARTESIAN_POINT('Origin',(187.187488093463,-22.2728763477296,11.8932114313054));
#9857=CARTESIAN_POINT('Origin',(187.187488093463,-22.2484569319157,11.4939575119367));
#9858=CARTESIAN_POINT('Origin',(186.4464269178,-24.3276715230548,11.7675347745099));
#9859=CARTESIAN_POINT('Origin',(186.4464269178,-24.3032521072409,11.3682808551412));
#9860=CARTESIAN_POINT('Ctrl Pts',(166.677733432245,-34.8903256109925,11.1214951747484));
#9861=CARTESIAN_POINT('Ctrl Pts',(166.677733432245,-34.8659061951786,10.7222412553797));
#9862=CARTESIAN_POINT('Ctrl Pts',(166.373744339454,-34.6507341195871,11.1361492181286));
#9863=CARTESIAN_POINT('Ctrl Pts',(166.373744339454,-34.6263147037732,10.7368952987598));
#9864=CARTESIAN_POINT('Ctrl Pts',(166.079857738368,-34.4134028450899,11.1506650207205));
#9865=CARTESIAN_POINT('Ctrl Pts',(166.079857738368,-34.3889834292759,10.7514111013517));
#9866=CARTESIAN_POINT('Ctrl Pts',(165.796096349695,-34.1783062361886,11.1650441453094));
#9867=CARTESIAN_POINT('Ctrl Pts',(165.796096349695,-34.1538868203746,10.7657902259406));
#9868=CARTESIAN_POINT('Ctrl Pts',(162.949905108011,-31.8202337995795,11.309270034037));
#9869=CARTESIAN_POINT('Ctrl Pts',(162.949905108011,-31.7958143837656,10.9100161146683));
#9870=CARTESIAN_POINT('Ctrl Pts',(161.082436868685,-29.673963080358,11.4405415747769));
#9871=CARTESIAN_POINT('Ctrl Pts',(161.082436868685,-29.6495436645441,11.0412876554081));
#9872=CARTESIAN_POINT('Ctrl Pts',(160.55714453543,-27.809543862388,11.5545743392068));
#9873=CARTESIAN_POINT('Ctrl Pts',(160.55714453543,-27.785124446574,11.1553204198381));
#9874=CARTESIAN_POINT('Ctrl Pts',(160.282621928827,-26.8351812244536,11.6141689111196));
#9875=CARTESIAN_POINT('Ctrl Pts',(160.282621928827,-26.8107618086397,11.2149149917509));
#9876=CARTESIAN_POINT('Ctrl Pts',(160.422649374325,-25.9179461275035,11.6702694129431));
#9877=CARTESIAN_POINT('Ctrl Pts',(160.422649374325,-25.8935267116895,11.2710154935743));
#9878=CARTESIAN_POINT('Ctrl Pts',(160.893582834988,-25.2779264062473,11.7094146960431));
#9879=CARTESIAN_POINT('Ctrl Pts',(160.893582834988,-25.2535069904333,11.3101607766744));
#9880=CARTESIAN_POINT('Ctrl Pts',(161.493797260058,-24.462208048738,11.7593061680932));
#9881=CARTESIAN_POINT('Ctrl Pts',(161.493797260058,-24.437788632924,11.3600522487245));
#9882=CARTESIAN_POINT('Ctrl Pts',(162.537156570984,-24.1060297529023,11.7810909659073));
#9883=CARTESIAN_POINT('Ctrl Pts',(162.537156570984,-24.0816103370884,11.3818370465385));
#9884=CARTESIAN_POINT('Ctrl Pts',(163.44189795902,-24.4168107831852,11.7620827838021));
#9885=CARTESIAN_POINT('Ctrl Pts',(163.44189795902,-24.3923913673712,11.3628288644333));
#9886=CARTESIAN_POINT('',(163.44189795902,-24.4168107831852,11.7620827838021));
#9887=CARTESIAN_POINT('',(166.677733432245,-34.8903256109925,11.1214951747484));
#9888=CARTESIAN_POINT('Ctrl Pts',(163.44189795902,-24.4168107831852,11.7620827838021));
#9889=CARTESIAN_POINT('Ctrl Pts',(162.537156570984,-24.1060297529023,11.7810909659073));
#9890=CARTESIAN_POINT('Ctrl Pts',(161.493797260058,-24.462208048738,11.7593061680932));
#9891=CARTESIAN_POINT('Ctrl Pts',(160.893582834988,-25.2779264062473,11.7094146960431));
#9892=CARTESIAN_POINT('Ctrl Pts',(160.422649374325,-25.9179461275035,11.6702694129431));
#9893=CARTESIAN_POINT('Ctrl Pts',(160.282621928827,-26.8351812244536,11.6141689111196));
#9894=CARTESIAN_POINT('Ctrl Pts',(160.55714453543,-27.809543862388,11.5545743392068));
#9895=CARTESIAN_POINT('Ctrl Pts',(161.082436868685,-29.673963080358,11.4405415747769));
#9896=CARTESIAN_POINT('Ctrl Pts',(162.949905108011,-31.8202337995795,11.309270034037));
#9897=CARTESIAN_POINT('Ctrl Pts',(165.796096349695,-34.1783062361886,11.1650441453094));
#9898=CARTESIAN_POINT('Ctrl Pts',(166.079857738368,-34.4134028450899,11.1506650207205));
#9899=CARTESIAN_POINT('Ctrl Pts',(166.373744339454,-34.6507341195871,11.1361492181286));
#9900=CARTESIAN_POINT('Ctrl Pts',(166.677733432245,-34.8903256109925,11.1214951747484));
#9901=CARTESIAN_POINT('',(163.44189795902,-24.3923913673712,11.3628288644333));
#9902=CARTESIAN_POINT('',(163.44189795902,-24.4168107831852,11.7620827838021));
#9903=CARTESIAN_POINT('',(166.677733432245,-34.8659061951786,10.7222412553797));
#9904=CARTESIAN_POINT('Ctrl Pts',(166.677733432245,-34.8659061951786,10.7222412553797));
#9905=CARTESIAN_POINT('Ctrl Pts',(166.373744339454,-34.6263147037732,10.7368952987598));
#9906=CARTESIAN_POINT('Ctrl Pts',(166.079857738368,-34.3889834292759,10.7514111013517));
#9907=CARTESIAN_POINT('Ctrl Pts',(165.796096349695,-34.1538868203746,10.7657902259406));
#9908=CARTESIAN_POINT('Ctrl Pts',(162.949905108011,-31.7958143837656,10.9100161146683));
#9909=CARTESIAN_POINT('Ctrl Pts',(161.082436868685,-29.6495436645441,11.0412876554081));
#9910=CARTESIAN_POINT('Ctrl Pts',(160.55714453543,-27.785124446574,11.1553204198381));
#9911=CARTESIAN_POINT('Ctrl Pts',(160.282621928827,-26.8107618086397,11.2149149917509));
#9912=CARTESIAN_POINT('Ctrl Pts',(160.422649374325,-25.8935267116895,11.2710154935743));
#9913=CARTESIAN_POINT('Ctrl Pts',(160.893582834988,-25.2535069904333,11.3101607766744));
#9914=CARTESIAN_POINT('Ctrl Pts',(161.493797260058,-24.437788632924,11.3600522487245));
#9915=CARTESIAN_POINT('Ctrl Pts',(162.537156570984,-24.0816103370884,11.3818370465385));
#9916=CARTESIAN_POINT('Ctrl Pts',(163.44189795902,-24.3923913673712,11.3628288644333));
#9917=CARTESIAN_POINT('',(166.677733432245,-34.8903256109925,11.1214951747484));
#9918=CARTESIAN_POINT('Origin',(166.956607588712,-34.5378141238533,11.143055700935));
#9919=CARTESIAN_POINT('',(167.23548174518,-34.185302636714,11.1646162271216));
#9920=CARTESIAN_POINT('Origin',(166.956607588712,-34.5378141238533,11.143055700935));
#9921=CARTESIAN_POINT('',(167.23548174518,-34.1608832209,10.7653623077529));
#9922=CARTESIAN_POINT('Origin',(166.956607588712,-34.5133947080393,10.7438017815663));
#9923=CARTESIAN_POINT('',(167.23548174518,-34.185302636714,11.1646162271216));
#9924=CARTESIAN_POINT('Ctrl Pts',(163.149025930126,-25.2662381428783,11.7101295808558));
#9925=CARTESIAN_POINT('Ctrl Pts',(163.149025930126,-25.2418187270644,11.310875661487));
#9926=CARTESIAN_POINT('Ctrl Pts',(162.75729137628,-25.1316763002881,11.7183597357208));
#9927=CARTESIAN_POINT('Ctrl Pts',(162.75729137628,-25.1072568844742,11.3191058163521));
#9928=CARTESIAN_POINT('Ctrl Pts',(162.334300183737,-25.2063084175668,11.7137950398807));
#9929=CARTESIAN_POINT('Ctrl Pts',(162.334300183737,-25.1818890017528,11.314541120512));
#9930=CARTESIAN_POINT('Ctrl Pts',(161.965034976817,-25.4692850761714,11.697710698402));
#9931=CARTESIAN_POINT('Ctrl Pts',(161.965034976817,-25.4448656603575,11.2984567790333));
#9932=CARTESIAN_POINT('Ctrl Pts',(161.405205367614,-25.8679744659581,11.6733258106965));
#9933=CARTESIAN_POINT('Ctrl Pts',(161.405205367614,-25.8435550501442,11.2740718913277));
#9934=CARTESIAN_POINT('Ctrl Pts',(161.08804912686,-26.6326200112415,11.6265580856605));
#9935=CARTESIAN_POINT('Ctrl Pts',(161.08804912686,-26.6082005954276,11.2273041662918));
#9936=CARTESIAN_POINT('Ctrl Pts',(161.498016519127,-27.8014509596297,11.5550693223441));
#9937=CARTESIAN_POINT('Ctrl Pts',(161.498016519127,-27.7770315438158,11.1558154029754));
#9938=CARTESIAN_POINT('Ctrl Pts',(161.984978514482,-29.1897961343825,11.470154493783));
#9939=CARTESIAN_POINT('Ctrl Pts',(161.984978514482,-29.1653767185686,11.0709005744142));
#9940=CARTESIAN_POINT('Ctrl Pts',(163.51125737663,-31.0447697966665,11.3566994442876));
#9941=CARTESIAN_POINT('Ctrl Pts',(163.51125737663,-31.0203503808525,10.9574455249188));
#9942=CARTESIAN_POINT('Ctrl Pts',(165.869621434425,-33.0648903698479,11.2331435770119));
#9943=CARTESIAN_POINT('Ctrl Pts',(165.869621434425,-33.040470954034,10.8338896576431));
#9944=CARTESIAN_POINT('Ctrl Pts',(166.297712793051,-33.4315836112518,11.2107156575761));
#9945=CARTESIAN_POINT('Ctrl Pts',(166.297712793051,-33.4071641954379,10.8114617382074));
#9946=CARTESIAN_POINT('Ctrl Pts',(166.753140049704,-33.8051410818199,11.1878679038994));
#9947=CARTESIAN_POINT('Ctrl Pts',(166.753140049704,-33.780721666006,10.7886139845307));
#9948=CARTESIAN_POINT('Ctrl Pts',(167.23548174518,-34.185302636714,11.1646162271216));
#9949=CARTESIAN_POINT('Ctrl Pts',(167.23548174518,-34.1608832209,10.7653623077529));
#9950=CARTESIAN_POINT('',(163.149025930126,-25.2662381428783,11.7101295808558));
#9951=CARTESIAN_POINT('Ctrl Pts',(163.149025930126,-25.2662381428783,11.7101295808558));
#9952=CARTESIAN_POINT('Ctrl Pts',(162.75729137628,-25.1316763002881,11.7183597357208));
#9953=CARTESIAN_POINT('Ctrl Pts',(162.334300183737,-25.2063084175668,11.7137950398807));
#9954=CARTESIAN_POINT('Ctrl Pts',(161.965034976817,-25.4692850761714,11.697710698402));
#9955=CARTESIAN_POINT('Ctrl Pts',(161.405205367614,-25.8679744659581,11.6733258106965));
#9956=CARTESIAN_POINT('Ctrl Pts',(161.08804912686,-26.6326200112415,11.6265580856605));
#9957=CARTESIAN_POINT('Ctrl Pts',(161.498016519127,-27.8014509596297,11.5550693223441));
#9958=CARTESIAN_POINT('Ctrl Pts',(161.984978514482,-29.1897961343825,11.470154493783));
#9959=CARTESIAN_POINT('Ctrl Pts',(163.51125737663,-31.0447697966665,11.3566994442876));
#9960=CARTESIAN_POINT('Ctrl Pts',(165.869621434425,-33.0648903698479,11.2331435770119));
#9961=CARTESIAN_POINT('Ctrl Pts',(166.297712793051,-33.4315836112518,11.2107156575761));
#9962=CARTESIAN_POINT('Ctrl Pts',(166.753140049704,-33.8051410818199,11.1878679038994));
#9963=CARTESIAN_POINT('Ctrl Pts',(167.23548174518,-34.185302636714,11.1646162271216));
#9964=CARTESIAN_POINT('',(163.149025930126,-25.2418187270644,11.310875661487));
#9965=CARTESIAN_POINT('Ctrl Pts',(163.149025930126,-25.2418187270644,11.310875661487));
#9966=CARTESIAN_POINT('Ctrl Pts',(162.75729137628,-25.1072568844742,11.3191058163521));
#9967=CARTESIAN_POINT('Ctrl Pts',(162.334300183737,-25.1818890017528,11.314541120512));
#9968=CARTESIAN_POINT('Ctrl Pts',(161.965034976817,-25.4448656603575,11.2984567790333));
#9969=CARTESIAN_POINT('Ctrl Pts',(161.405205367614,-25.8435550501442,11.2740718913277));
#9970=CARTESIAN_POINT('Ctrl Pts',(161.08804912686,-26.6082005954276,11.2273041662918));
#9971=CARTESIAN_POINT('Ctrl Pts',(161.498016519127,-27.7770315438158,11.1558154029754));
#9972=CARTESIAN_POINT('Ctrl Pts',(161.984978514482,-29.1653767185686,11.0709005744142));
#9973=CARTESIAN_POINT('Ctrl Pts',(163.51125737663,-31.0203503808525,10.9574455249188));
#9974=CARTESIAN_POINT('Ctrl Pts',(165.869621434425,-33.040470954034,10.8338896576431));
#9975=CARTESIAN_POINT('Ctrl Pts',(166.297712793051,-33.4071641954379,10.8114617382074));
#9976=CARTESIAN_POINT('Ctrl Pts',(166.753140049704,-33.780721666006,10.7886139845307));
#9977=CARTESIAN_POINT('Ctrl Pts',(167.23548174518,-34.1608832209,10.7653623077529));
#9978=CARTESIAN_POINT('',(163.149025930126,-25.2662381428783,11.7101295808558));
#9979=CARTESIAN_POINT('Origin',(163.295461944573,-24.8415244630317,11.7361061823289));
#9980=CARTESIAN_POINT('Origin',(163.295461944573,-24.8415244630317,11.7361061823289));
#9981=CARTESIAN_POINT('Origin',(163.295461944573,-24.8171050472178,11.3368522629602));
#9982=CARTESIAN_POINT('Origin',(163.839629355257,-29.5415261632924,11.4486417636293));
#9983=CARTESIAN_POINT('Origin',(163.839629355257,-29.5171067474785,11.0493878442605));
#9984=CARTESIAN_POINT('Ctrl Pts',(216.837775719207,-34.2746501302689,11.1591515003119));
#9985=CARTESIAN_POINT('Ctrl Pts',(216.837775719207,-34.250230714455,10.7598975809432));
#9986=CARTESIAN_POINT('Ctrl Pts',(214.582365923497,-33.9790749698101,11.177229651577));
#9987=CARTESIAN_POINT('Ctrl Pts',(214.582365923497,-33.9546555539962,10.7779757322082));
#9988=CARTESIAN_POINT('Ctrl Pts',(212.776048871915,-33.6554940594013,11.1970207078883));
#9989=CARTESIAN_POINT('Ctrl Pts',(212.776048871915,-33.6310746435873,10.7977667885195));
#9990=CARTESIAN_POINT('Ctrl Pts',(211.422902542761,-33.2978525173934,11.2188950016721));
#9991=CARTESIAN_POINT('Ctrl Pts',(211.422902542761,-33.2734331015794,10.8196410823034));
#9992=CARTESIAN_POINT('Ctrl Pts',(210.002815263918,-32.9225182366517,11.2418514297146));
#9993=CARTESIAN_POINT('Ctrl Pts',(210.002815263918,-32.8980988208378,10.8425975103458));
#9994=CARTESIAN_POINT('Ctrl Pts',(209.083671630447,-32.542159831692,11.2651151463582));
#9995=CARTESIAN_POINT('Ctrl Pts',(209.083671630447,-32.5177404158781,10.8658612269894));
#9996=CARTESIAN_POINT('Ctrl Pts',(208.611304090148,-31.9863210398807,11.2991117032466));
#9997=CARTESIAN_POINT('Ctrl Pts',(208.611304090148,-31.9619016240668,10.8998577838779));
#9998=CARTESIAN_POINT('Ctrl Pts',(208.356303642489,-31.6862599039103,11.3174642285279));
#9999=CARTESIAN_POINT('Ctrl Pts',(208.356303642489,-31.6618404880964,10.9182103091592));
#10000=CARTESIAN_POINT('Ctrl Pts',(208.264482642434,-31.2844769190228,11.3420383286155));
#10001=CARTESIAN_POINT('Ctrl Pts',(208.264482642434,-31.2600575032088,10.9427844092468));
#10002=CARTESIAN_POINT('Ctrl Pts',(208.374209191763,-30.9354989176631,11.3633827375535));
#10003=CARTESIAN_POINT('Ctrl Pts',(208.374209191763,-30.9110795018492,10.9641288181848));
#10004=CARTESIAN_POINT('Ctrl Pts',(208.529590200674,-30.4413199402848,11.3936080186333));
#10005=CARTESIAN_POINT('Ctrl Pts',(208.529590200674,-30.4169005244709,10.9943540992645));
#10006=CARTESIAN_POINT('Ctrl Pts',(208.96209177638,-30.0596813873122,11.4169500324835));
#10007=CARTESIAN_POINT('Ctrl Pts',(208.96209177638,-30.0352619714982,11.0176961131148));
#10008=CARTESIAN_POINT('Ctrl Pts',(209.489876813602,-29.6783438468707,11.4402736356187));
#10009=CARTESIAN_POINT('Ctrl Pts',(209.489876813602,-29.6539244310568,11.0410197162499));
#10010=CARTESIAN_POINT('Ctrl Pts',(210.372818537188,-29.0403969528141,11.479292139176));
#10011=CARTESIAN_POINT('Ctrl Pts',(210.372818537188,-29.0159775370002,11.0800382198073));
#10012=CARTESIAN_POINT('Ctrl Pts',(211.576544972925,-28.4236617131905,11.5170132823706));
#10013=CARTESIAN_POINT('Ctrl Pts',(211.576544972925,-28.3992422973766,11.1177593630018));
#10014=CARTESIAN_POINT('Ctrl Pts',(212.273397537046,-27.9095550418139,11.5484573934288));
#10015=CARTESIAN_POINT('Ctrl Pts',(212.273397537046,-27.885135626,11.14920347406));
#10016=CARTESIAN_POINT('Ctrl Pts',(212.639427411897,-27.6395145622741,11.5649737767042));
#10017=CARTESIAN_POINT('Ctrl Pts',(212.639427411897,-27.6150951464601,11.1657198573354));
#10018=CARTESIAN_POINT('Ctrl Pts',(212.83638081668,-27.3875428661273,11.5803850258442));
#10019=CARTESIAN_POINT('Ctrl Pts',(212.83638081668,-27.3631234503133,11.1811311064755));
#10020=CARTESIAN_POINT('Ctrl Pts',(212.860466163772,-27.3000904816044,11.5857338428201));
#10021=CARTESIAN_POINT('Ctrl Pts',(212.860466163772,-27.2756710657904,11.1864799234513));
#10022=CARTESIAN_POINT('Ctrl Pts',(212.876748679307,-27.24096968903,11.5893498253993));
#10023=CARTESIAN_POINT('Ctrl Pts',(212.876748679307,-27.2165502732161,11.1900959060305));
#10024=CARTESIAN_POINT('Ctrl Pts',(212.885973093687,-27.249948289901,11.5888006706447));
#10025=CARTESIAN_POINT('Ctrl Pts',(212.885973093687,-27.2255288740871,11.189546751276));
#10026=CARTESIAN_POINT('Ctrl Pts',(212.812718882409,-27.1725961877743,11.593531727885));
#10027=CARTESIAN_POINT('Ctrl Pts',(212.812718882409,-27.1481767719604,11.1942778085162));
#10028=CARTESIAN_POINT('Ctrl Pts',(212.700145216267,-27.0537250734954,11.6008021966945));
#10029=CARTESIAN_POINT('Ctrl Pts',(212.700145216267,-27.0293056576814,11.2015482773257));
#10030=CARTESIAN_POINT('Ctrl Pts',(212.320640579703,-26.8544541560533,11.612990128125));
#10031=CARTESIAN_POINT('Ctrl Pts',(212.320640579703,-26.8300347402393,11.2137362087563));
#10032=CARTESIAN_POINT('Ctrl Pts',(211.703145040045,-26.6968209954986,11.6226313852471));
#10033=CARTESIAN_POINT('Ctrl Pts',(211.703145040045,-26.6724015796847,11.2233774658784));
#10034=CARTESIAN_POINT('',(211.703145040045,-26.6968209954986,11.6226313852471));
#10035=CARTESIAN_POINT('',(216.837777142472,-34.2746503167987,11.1591514889033));
#10036=CARTESIAN_POINT('Ctrl Pts',(211.703145040045,-26.6968209954986,11.6226313852471));
#10037=CARTESIAN_POINT('Ctrl Pts',(212.320640579703,-26.8544541560533,11.612990128125));
#10038=CARTESIAN_POINT('Ctrl Pts',(212.700145216267,-27.0537250734954,11.6008021966945));
#10039=CARTESIAN_POINT('Ctrl Pts',(212.812718882409,-27.1725961877743,11.593531727885));
#10040=CARTESIAN_POINT('Ctrl Pts',(212.849345988048,-27.2112722388377,11.5911661992649));
#10041=CARTESIAN_POINT('Ctrl Pts',(212.865353437273,-27.2283656141516,11.5901207236434));
#10042=CARTESIAN_POINT('Ctrl Pts',(212.870168795645,-27.2431800757715,11.5892146323546));
#10043=CARTESIAN_POINT('Ctrl Pts',(212.874984154018,-27.2579945373914,11.5883085410659));
#10044=CARTESIAN_POINT('Ctrl Pts',(212.86860742154,-27.2705300853172,11.5875418341097));
#10045=CARTESIAN_POINT('Ctrl Pts',(212.860466163772,-27.3000904816044,11.5857338428201));
#10046=CARTESIAN_POINT('Ctrl Pts',(212.83638081668,-27.3875428661273,11.5803850258442));
#10047=CARTESIAN_POINT('Ctrl Pts',(212.639427411897,-27.6395145622741,11.5649737767042));
#10048=CARTESIAN_POINT('Ctrl Pts',(212.273397537046,-27.9095550418139,11.5484573934288));
#10049=CARTESIAN_POINT('Ctrl Pts',(211.576544972925,-28.4236617131905,11.5170132823706));
#10050=CARTESIAN_POINT('Ctrl Pts',(210.372818537188,-29.0403969528141,11.479292139176));
#10051=CARTESIAN_POINT('Ctrl Pts',(209.489876813602,-29.6783438468707,11.4402736356187));
#10052=CARTESIAN_POINT('Ctrl Pts',(208.96209177638,-30.0596813873122,11.4169500324835));
#10053=CARTESIAN_POINT('Ctrl Pts',(208.529590200674,-30.4413199402848,11.3936080186333));
#10054=CARTESIAN_POINT('Ctrl Pts',(208.374209191763,-30.9354989176631,11.3633827375535));
#10055=CARTESIAN_POINT('Ctrl Pts',(208.264482642434,-31.2844769190228,11.3420383286155));
#10056=CARTESIAN_POINT('Ctrl Pts',(208.356303642489,-31.6862599039103,11.3174642285279));
#10057=CARTESIAN_POINT('Ctrl Pts',(208.611304090148,-31.9863210398807,11.2991117032466));
#10058=CARTESIAN_POINT('Ctrl Pts',(209.083671630447,-32.542159831692,11.2651151463582));
#10059=CARTESIAN_POINT('Ctrl Pts',(210.002815263918,-32.9225182366517,11.2418514297146));
#10060=CARTESIAN_POINT('Ctrl Pts',(211.422902542761,-33.2978525173934,11.2188950016721));
#10061=CARTESIAN_POINT('Ctrl Pts',(212.776048871915,-33.6554940594013,11.1970207078883));
#10062=CARTESIAN_POINT('Ctrl Pts',(214.582365923497,-33.9790749698101,11.177229651577));
#10063=CARTESIAN_POINT('Ctrl Pts',(216.837775719207,-34.2746501302689,11.1591515003119));
#10064=CARTESIAN_POINT('',(211.703145040045,-26.6724015796847,11.2233774658784));
#10065=CARTESIAN_POINT('',(211.703145040045,-26.6968209954986,11.6226313852471));
#10066=CARTESIAN_POINT('',(216.837777142472,-34.2502309009848,10.7598975695345));
#10067=CARTESIAN_POINT('Ctrl Pts',(216.837775719207,-34.250230714455,10.7598975809432));
#10068=CARTESIAN_POINT('Ctrl Pts',(214.582365923497,-33.9546555539962,10.7779757322082));
#10069=CARTESIAN_POINT('Ctrl Pts',(212.776048871915,-33.6310746435873,10.7977667885195));
#10070=CARTESIAN_POINT('Ctrl Pts',(211.422902542761,-33.2734331015794,10.8196410823034));
#10071=CARTESIAN_POINT('Ctrl Pts',(210.002815263918,-32.8980988208378,10.8425975103458));
#10072=CARTESIAN_POINT('Ctrl Pts',(209.083671630447,-32.5177404158781,10.8658612269894));
#10073=CARTESIAN_POINT('Ctrl Pts',(208.611304090148,-31.9619016240668,10.8998577838779));
#10074=CARTESIAN_POINT('Ctrl Pts',(208.356303642489,-31.6618404880964,10.9182103091592));
#10075=CARTESIAN_POINT('Ctrl Pts',(208.264482642434,-31.2600575032088,10.9427844092468));
#10076=CARTESIAN_POINT('Ctrl Pts',(208.374209191763,-30.9110795018492,10.9641288181848));
#10077=CARTESIAN_POINT('Ctrl Pts',(208.529590200674,-30.4169005244709,10.9943540992645));
#10078=CARTESIAN_POINT('Ctrl Pts',(208.96209177638,-30.0352619714982,11.0176961131148));
#10079=CARTESIAN_POINT('Ctrl Pts',(209.489876813602,-29.6539244310568,11.0410197162499));
#10080=CARTESIAN_POINT('Ctrl Pts',(210.372818537188,-29.0159775370002,11.0800382198073));
#10081=CARTESIAN_POINT('Ctrl Pts',(211.576544972925,-28.3992422973766,11.1177593630018));
#10082=CARTESIAN_POINT('Ctrl Pts',(212.273397537046,-27.885135626,11.14920347406));
#10083=CARTESIAN_POINT('Ctrl Pts',(212.639427411897,-27.6150951464601,11.1657198573354));
#10084=CARTESIAN_POINT('Ctrl Pts',(212.83638081668,-27.3631234503133,11.1811311064755));
#10085=CARTESIAN_POINT('Ctrl Pts',(212.860466163772,-27.2756710657904,11.1864799234513));
#10086=CARTESIAN_POINT('Ctrl Pts',(212.86860742154,-27.2461106695033,11.1882879147409));
#10087=CARTESIAN_POINT('Ctrl Pts',(212.874984154018,-27.2335751215774,11.1890546216971));
#10088=CARTESIAN_POINT('Ctrl Pts',(212.870168795645,-27.2187606599575,11.1899607129859));
#10089=CARTESIAN_POINT('Ctrl Pts',(212.865353437273,-27.2039461983377,11.1908668042747));
#10090=CARTESIAN_POINT('Ctrl Pts',(212.849345988048,-27.1868528230237,11.1919122798961));
#10091=CARTESIAN_POINT('Ctrl Pts',(212.812718882409,-27.1481767719604,11.1942778085162));
#10092=CARTESIAN_POINT('Ctrl Pts',(212.700145216267,-27.0293056576814,11.2015482773257));
#10093=CARTESIAN_POINT('Ctrl Pts',(212.320640579703,-26.8300347402393,11.2137362087563));
#10094=CARTESIAN_POINT('Ctrl Pts',(211.703145040045,-26.6724015796847,11.2233774658784));
#10095=CARTESIAN_POINT('',(216.837777142472,-34.2746503167987,11.1591514889033));
#10096=CARTESIAN_POINT('Origin',(216.883338462514,-33.9282757299891,11.1803366661861));
#10097=CARTESIAN_POINT('',(216.92890120582,-33.5819013296976,11.201521832061));
#10098=CARTESIAN_POINT('Origin',(216.883338462514,-33.9282757299891,11.1803366661861));
#10099=CARTESIAN_POINT('',(216.92890120582,-33.5574819138837,10.8022679126922));
#10100=CARTESIAN_POINT('Origin',(216.883338462514,-33.9038563141752,10.7810827468173));
#10101=CARTESIAN_POINT('',(216.92890120582,-33.5819013296976,11.201521832061));
#10102=CARTESIAN_POINT('Ctrl Pts',(211.876590950514,-26.0199144715552,11.6640327618485));
#10103=CARTESIAN_POINT('Ctrl Pts',(211.876590950514,-25.9954950557412,11.2647788424797));
#10104=CARTESIAN_POINT('Ctrl Pts',(212.526252731123,-26.185758972757,11.6538892776174));
#10105=CARTESIAN_POINT('Ctrl Pts',(212.526252731123,-26.1613395569431,11.2546353582487));
#10106=CARTESIAN_POINT('Ctrl Pts',(212.987562867485,-26.3646985773481,11.6429448625519));
#10107=CARTESIAN_POINT('Ctrl Pts',(212.987562867485,-26.3402791615342,11.2436909431832));
#10108=CARTESIAN_POINT('Ctrl Pts',(213.290839215446,-26.6615583019226,11.6247881439798));
#10109=CARTESIAN_POINT('Ctrl Pts',(213.290839215446,-26.6371388861086,11.2255342246111));
#10110=CARTESIAN_POINT('Ctrl Pts',(213.491915675016,-26.85838045046,11.6127499856716));
#10111=CARTESIAN_POINT('Ctrl Pts',(213.491915675016,-26.833961034646,11.2134960663029));
#10112=CARTESIAN_POINT('Ctrl Pts',(213.605063259768,-27.1591308569424,11.5943553027998));
#10113=CARTESIAN_POINT('Ctrl Pts',(213.605063259768,-27.1347114411284,11.1951013834311));
#10114=CARTESIAN_POINT('Ctrl Pts',(213.548474213145,-27.4313056824292,11.5777083773341));
#10115=CARTESIAN_POINT('Ctrl Pts',(213.548474213145,-27.4068862666153,11.1784544579653));
#10116=CARTESIAN_POINT('Ctrl Pts',(213.457259946303,-27.8700165044168,11.5508756739729));
#10117=CARTESIAN_POINT('Ctrl Pts',(213.457259946303,-27.8455970886029,11.1516217546042));
#10118=CARTESIAN_POINT('Ctrl Pts',(213.10125664476,-28.172093079501,11.5323998791547));
#10119=CARTESIAN_POINT('Ctrl Pts',(213.10125664476,-28.147673663687,11.1331459597859));
#10120=CARTESIAN_POINT('Ctrl Pts',(212.653569550371,-28.4977262402862,11.5124833018332));
#10121=CARTESIAN_POINT('Ctrl Pts',(212.653569550371,-28.4733068244722,11.1132293824644));
#10122=CARTESIAN_POINT('Ctrl Pts',(211.952517248311,-29.0076490856326,11.4812950845372));
#10123=CARTESIAN_POINT('Ctrl Pts',(211.952517248311,-28.9832296698186,11.0820411651685));
#10124=CARTESIAN_POINT('Ctrl Pts',(210.938223361917,-29.5414250567465,11.4486479475705));
#10125=CARTESIAN_POINT('Ctrl Pts',(210.938223361917,-29.5170056409325,11.0493940282018));
#10126=CARTESIAN_POINT('Ctrl Pts',(210.15917438501,-30.0644276041267,11.4166597414274));
#10127=CARTESIAN_POINT('Ctrl Pts',(210.15917438501,-30.0400081883128,11.0174058220586));
#10128=CARTESIAN_POINT('Ctrl Pts',(209.618493912047,-30.4274051229485,11.3944590853205));
#10129=CARTESIAN_POINT('Ctrl Pts',(209.618493912047,-30.4029857071345,10.9952051659518));
#10130=CARTESIAN_POINT('Ctrl Pts',(209.212495252258,-30.7953231374415,11.3719562555535));
#10131=CARTESIAN_POINT('Ctrl Pts',(209.212495252258,-30.7709037216276,10.9727023361848));
#10132=CARTESIAN_POINT('Ctrl Pts',(209.083268541474,-31.0463596361992,11.3566022055361));
#10133=CARTESIAN_POINT('Ctrl Pts',(209.083268541474,-31.0219402203853,10.9573482861674));
#10134=CARTESIAN_POINT('Ctrl Pts',(208.990915805568,-31.2257645543609,11.3456293306735));
#10135=CARTESIAN_POINT('Ctrl Pts',(208.990915805568,-31.2013451385469,10.9463754113047));
#10136=CARTESIAN_POINT('Ctrl Pts',(208.990860035339,-31.3041818867776,11.3408331211576));
#10137=CARTESIAN_POINT('Ctrl Pts',(208.990860035339,-31.2797624709637,10.9415792017889));
#10138=CARTESIAN_POINT('Ctrl Pts',(209.086785322596,-31.4558052737449,11.3315594375346));
#10139=CARTESIAN_POINT('Ctrl Pts',(209.086785322596,-31.431385857931,10.9323055181659));
#10140=CARTESIAN_POINT('Ctrl Pts',(209.232960136736,-31.6868550943209,11.3174278251229));
#10141=CARTESIAN_POINT('Ctrl Pts',(209.232960136736,-31.6624356785069,10.9181739057542));
#10142=CARTESIAN_POINT('Ctrl Pts',(209.766541640152,-32.0435623431487,11.2956106751579));
#10143=CARTESIAN_POINT('Ctrl Pts',(209.766541640152,-32.0191429273347,10.8963567557892));
#10144=CARTESIAN_POINT('Ctrl Pts',(210.717221363239,-32.3608801353542,11.2762026875663));
#10145=CARTESIAN_POINT('Ctrl Pts',(210.717221363239,-32.3364607195402,10.8769487681975));
#10146=CARTESIAN_POINT('Ctrl Pts',(212.043189832475,-32.8034617713919,11.2491332350757));
#10147=CARTESIAN_POINT('Ctrl Pts',(212.043189832475,-32.7790423555779,10.849879315707));
#10148=CARTESIAN_POINT('Ctrl Pts',(214.13361799861,-33.2155748713996,11.2239273180809));
#10149=CARTESIAN_POINT('Ctrl Pts',(214.13361799861,-33.1911554555857,10.8246733987122));
#10150=CARTESIAN_POINT('Ctrl Pts',(216.928901205822,-33.5819013297093,11.2015218320602));
#10151=CARTESIAN_POINT('Ctrl Pts',(216.928901205822,-33.5574819138954,10.8022679126915));
#10152=CARTESIAN_POINT('',(211.876590950514,-26.0199144715552,11.6640327618485));
#10153=CARTESIAN_POINT('Ctrl Pts',(211.876590950514,-26.0199144715552,11.6640327618485));
#10154=CARTESIAN_POINT('Ctrl Pts',(212.526252731123,-26.185758972757,11.6538892776174));
#10155=CARTESIAN_POINT('Ctrl Pts',(212.987562867485,-26.3646985773481,11.6429448625519));
#10156=CARTESIAN_POINT('Ctrl Pts',(213.290839215446,-26.6615583019226,11.6247881439798));
#10157=CARTESIAN_POINT('Ctrl Pts',(213.491915675016,-26.85838045046,11.6127499856716));
#10158=CARTESIAN_POINT('Ctrl Pts',(213.605063259768,-27.1591308569424,11.5943553027998));
#10159=CARTESIAN_POINT('Ctrl Pts',(213.548474213145,-27.4313056824292,11.5777083773341));
#10160=CARTESIAN_POINT('Ctrl Pts',(213.457259946303,-27.8700165044168,11.5508756739729));
#10161=CARTESIAN_POINT('Ctrl Pts',(213.10125664476,-28.172093079501,11.5323998791547));
#10162=CARTESIAN_POINT('Ctrl Pts',(212.653569550371,-28.4977262402862,11.5124833018332));
#10163=CARTESIAN_POINT('Ctrl Pts',(211.952517248311,-29.0076490856326,11.4812950845372));
#10164=CARTESIAN_POINT('Ctrl Pts',(210.938223361917,-29.5414250567465,11.4486479475705));
#10165=CARTESIAN_POINT('Ctrl Pts',(210.15917438501,-30.0644276041267,11.4166597414274));
#10166=CARTESIAN_POINT('Ctrl Pts',(209.618493912047,-30.4274051229485,11.3944590853205));
#10167=CARTESIAN_POINT('Ctrl Pts',(209.212495252258,-30.7953231374415,11.3719562555535));
#10168=CARTESIAN_POINT('Ctrl Pts',(209.083268541474,-31.0463596361992,11.3566022055361));
#10169=CARTESIAN_POINT('Ctrl Pts',(208.990915805568,-31.2257645543609,11.3456293306735));
#10170=CARTESIAN_POINT('Ctrl Pts',(208.990860035339,-31.3041818867776,11.3408331211576));
#10171=CARTESIAN_POINT('Ctrl Pts',(209.086785322596,-31.4558052737449,11.3315594375346));
#10172=CARTESIAN_POINT('Ctrl Pts',(209.232960136736,-31.6868550943209,11.3174278251229));
#10173=CARTESIAN_POINT('Ctrl Pts',(209.766541640152,-32.0435623431487,11.2956106751579));
#10174=CARTESIAN_POINT('Ctrl Pts',(210.717221363239,-32.3608801353542,11.2762026875663));
#10175=CARTESIAN_POINT('Ctrl Pts',(212.043189832475,-32.8034617713919,11.2491332350757));
#10176=CARTESIAN_POINT('Ctrl Pts',(214.13361799861,-33.2155748713996,11.2239273180809));
#10177=CARTESIAN_POINT('Ctrl Pts',(216.928901205822,-33.5819013297093,11.2015218320602));
#10178=CARTESIAN_POINT('',(211.876590950514,-25.9954950557412,11.2647788424797));
#10179=CARTESIAN_POINT('Ctrl Pts',(211.876590950514,-25.9954950557412,11.2647788424797));
#10180=CARTESIAN_POINT('Ctrl Pts',(212.526252731123,-26.1613395569431,11.2546353582487));
#10181=CARTESIAN_POINT('Ctrl Pts',(212.987562867485,-26.3402791615342,11.2436909431832));
#10182=CARTESIAN_POINT('Ctrl Pts',(213.290839215446,-26.6371388861086,11.2255342246111));
#10183=CARTESIAN_POINT('Ctrl Pts',(213.491915675016,-26.833961034646,11.2134960663029));
#10184=CARTESIAN_POINT('Ctrl Pts',(213.605063259768,-27.1347114411284,11.1951013834311));
#10185=CARTESIAN_POINT('Ctrl Pts',(213.548474213145,-27.4068862666153,11.1784544579653));
#10186=CARTESIAN_POINT('Ctrl Pts',(213.457259946303,-27.8455970886029,11.1516217546042));
#10187=CARTESIAN_POINT('Ctrl Pts',(213.10125664476,-28.147673663687,11.1331459597859));
#10188=CARTESIAN_POINT('Ctrl Pts',(212.653569550371,-28.4733068244722,11.1132293824644));
#10189=CARTESIAN_POINT('Ctrl Pts',(211.952517248311,-28.9832296698186,11.0820411651685));
#10190=CARTESIAN_POINT('Ctrl Pts',(210.938223361917,-29.5170056409325,11.0493940282018));
#10191=CARTESIAN_POINT('Ctrl Pts',(210.15917438501,-30.0400081883128,11.0174058220586));
#10192=CARTESIAN_POINT('Ctrl Pts',(209.618493912047,-30.4029857071345,10.9952051659518));
#10193=CARTESIAN_POINT('Ctrl Pts',(209.212495252258,-30.7709037216276,10.9727023361848));
#10194=CARTESIAN_POINT('Ctrl Pts',(209.083268541474,-31.0219402203853,10.9573482861674));
#10195=CARTESIAN_POINT('Ctrl Pts',(208.990915805568,-31.2013451385469,10.9463754113047));
#10196=CARTESIAN_POINT('Ctrl Pts',(208.990860035339,-31.2797624709637,10.9415792017889));
#10197=CARTESIAN_POINT('Ctrl Pts',(209.086785322596,-31.431385857931,10.9323055181659));
#10198=CARTESIAN_POINT('Ctrl Pts',(209.232960136736,-31.6624356785069,10.9181739057542));
#10199=CARTESIAN_POINT('Ctrl Pts',(209.766541640152,-32.0191429273347,10.8963567557892));
#10200=CARTESIAN_POINT('Ctrl Pts',(210.717221363239,-32.3364607195402,10.8769487681975));
#10201=CARTESIAN_POINT('Ctrl Pts',(212.043189832475,-32.7790423555779,10.849879315707));
#10202=CARTESIAN_POINT('Ctrl Pts',(214.13361799861,-33.1911554555857,10.8246733987122));
#10203=CARTESIAN_POINT('Ctrl Pts',(216.928901205822,-33.5574819138954,10.8022679126915));
#10204=CARTESIAN_POINT('',(211.876590950514,-26.0199144715552,11.6640327618485));
#10205=CARTESIAN_POINT('Origin',(211.78986799528,-26.3583677335269,11.6433320735478));
#10206=CARTESIAN_POINT('Origin',(211.78986799528,-26.3583677335269,11.6433320735478));
#10207=CARTESIAN_POINT('Origin',(211.78986799528,-26.333948317713,11.2440781541791));
#10208=CARTESIAN_POINT('Origin',(212.744418203679,-30.1463193118388,11.4116510300151));
#10209=CARTESIAN_POINT('Origin',(212.744418203679,-30.1218998960249,11.0123971106463));
#10210=CARTESIAN_POINT('',(0.,0.,0.));
#10211=UNCERTAINTY_MEASURE_WITH_UNIT(LENGTH_MEASURE(0.01),#10217,
'DISTANCE_ACCURACY_VALUE',
'Maximum model space distance between geometric entities at asserted c
onnectivities');
#10212=UNCERTAINTY_MEASURE_WITH_UNIT(LENGTH_MEASURE(0.01),#10217,
'DISTANCE_ACCURACY_VALUE',
'Maximum model space distance between geometric entities at asserted c
onnectivities');
#10213=UNCERTAINTY_MEASURE_WITH_UNIT(LENGTH_MEASURE(0.01),#10217,
'DISTANCE_ACCURACY_VALUE',
'Maximum model space distance between geometric entities at asserted c
onnectivities');
#10214=(
GEOMETRIC_REPRESENTATION_CONTEXT(3)
GLOBAL_UNCERTAINTY_ASSIGNED_CONTEXT((#10211))
GLOBAL_UNIT_ASSIGNED_CONTEXT((#10217,#10219,#10220))
REPRESENTATION_CONTEXT('','3D')
);
#10215=(
GEOMETRIC_REPRESENTATION_CONTEXT(3)
GLOBAL_UNCERTAINTY_ASSIGNED_CONTEXT((#10212))
GLOBAL_UNIT_ASSIGNED_CONTEXT((#10217,#10219,#10220))
REPRESENTATION_CONTEXT('','3D')
);
#10216=(
GEOMETRIC_REPRESENTATION_CONTEXT(3)
GLOBAL_UNCERTAINTY_ASSIGNED_CONTEXT((#10213))
GLOBAL_UNIT_ASSIGNED_CONTEXT((#10217,#10219,#10220))
REPRESENTATION_CONTEXT('','3D')
);
#10217=(
LENGTH_UNIT()
NAMED_UNIT(*)
SI_UNIT(.MILLI.,.METRE.)
);
#10218=(
LENGTH_UNIT()
NAMED_UNIT(*)
SI_UNIT($,.METRE.)
);
#10219=(
NAMED_UNIT(*)
PLANE_ANGLE_UNIT()
SI_UNIT($,.RADIAN.)
);
#10220=(
NAMED_UNIT(*)
SI_UNIT($,.STERADIAN.)
SOLID_ANGLE_UNIT()
);
#10221=SHAPE_DEFINITION_REPRESENTATION(#10223,#10226);
#10222=SHAPE_DEFINITION_REPRESENTATION(#10224,#10227);
#10223=PRODUCT_DEFINITION_SHAPE('',$,#10229);
#10224=PRODUCT_DEFINITION_SHAPE('',$,#10230);
#10225=PRODUCT_DEFINITION_SHAPE($,$,#14);
#10226=SHAPE_REPRESENTATION('',(#4180,#4658),#10214);
#10227=SHAPE_REPRESENTATION('',(#4181),#10215);
#10228=PRODUCT_DEFINITION_CONTEXT('part definition',#10236,'design');
#10229=PRODUCT_DEFINITION('2026-05-09-10-46-26-854','CMLV4N V5',#10231,
#10228);
#10230=PRODUCT_DEFINITION('2026-05-09-12-16-34-827','Top Case',#10232,#10228);
#10231=PRODUCT_DEFINITION_FORMATION('',$,#10238);
#10232=PRODUCT_DEFINITION_FORMATION('',$,#10239);
#10233=PRODUCT_RELATED_PRODUCT_CATEGORY('CMLV4N V5','CMLV4N V5',(#10238));
#10234=PRODUCT_RELATED_PRODUCT_CATEGORY('Top Case','Top Case',(#10239));
#10235=APPLICATION_PROTOCOL_DEFINITION('international standard',
'automotive_design',2009,#10236);
#10236=APPLICATION_CONTEXT(
'Core Data for Automotive Mechanical Design Process');
#10237=PRODUCT_CONTEXT('part definition',#10236,'mechanical');
#10238=PRODUCT('2026-05-09-10-46-26-854','CMLV4N V5',$,(#10237));
#10239=PRODUCT('2026-05-09-12-16-34-827','Top Case',$,(#10237));
#10240=PRESENTATION_STYLE_ASSIGNMENT((#10243));
#10241=PRESENTATION_STYLE_ASSIGNMENT((#10244));
#10242=PRESENTATION_STYLE_ASSIGNMENT((#10245));
#10243=SURFACE_STYLE_USAGE(.BOTH.,#10246);
#10244=SURFACE_STYLE_USAGE(.BOTH.,#10247);
#10245=SURFACE_STYLE_USAGE(.BOTH.,#10248);
#10246=SURFACE_SIDE_STYLE('',(#10249));
#10247=SURFACE_SIDE_STYLE('',(#10250));
#10248=SURFACE_SIDE_STYLE('',(#10251));
#10249=SURFACE_STYLE_FILL_AREA(#10252);
#10250=SURFACE_STYLE_FILL_AREA(#10253);
#10251=SURFACE_STYLE_FILL_AREA(#10254);
#10252=FILL_AREA_STYLE('Steel - Satin',(#10255));
#10253=FILL_AREA_STYLE('Top Case - Dark Teal',(#10256));
#10254=FILL_AREA_STYLE('Case Bottom WORK WITH',(#10257));
#10255=FILL_AREA_STYLE_COLOUR('Steel - Satin',#10258);
#10256=FILL_AREA_STYLE_COLOUR('Top Case - Dark Teal',#10259);
#10257=FILL_AREA_STYLE_COLOUR('Case Bottom WORK WITH',#10260);
#10258=COLOUR_RGB('Steel - Satin',0.627450980392157,0.627450980392157,0.627450980392157);
#10259=COLOUR_RGB('Top Case - Dark Teal',0.192156862745098,0.356862745098039,
0.392156862745098);
#10260=COLOUR_RGB('Case Bottom WORK WITH',0.603921568627451,0.556862745098039,
0.486274509803922);
ENDSEC;
END-ISO-10303-21;
