  0
SECTION
  2
HEADER
  9
$ANGBASE
  50
0.0
  9
$ANGDIR
  70
1
  9
$MEASUREMENT
  70
1
  0
ENDSEC
  0
SECTION
  2
TABLES
  0
TABLE
  2
LTYPE
  70
4
  0
LTYPE
  5
40F
  2
CONTINUOUS
  70
0
  3
Solid line
  72
65
  73
0
  40
0.0
  0
LTYPE
  5
410
  2
DASHDOT
 70
0
  3
Dash Dot ____ _ ____ _
 72
65
 73
4
 40
2.0
 49
1.25
 49
-0.25
 49
0.25
 49
-0.25
  0
LTYPE
  5
411
  2
DASHED
 70
0
  3
Dashed __ __ __ __ __
 72
65
 73
2
 40
0.75
 49
0.5
 49
-0.25
  0
LTYPE
  5
43B
  2
DOTTED
 70
0
  3
Dotted .  .  .  .
 72
65
 73
2
 40
0.2
 49
0.0
 49
-0.2
  0
ENDTAB
  0
TABLE
  2
STYLE
  70
4
  0
STYLE
  2
KICAD
  70
0
  40
0
  41
1
  42
1
  50
0
  71
0
  3
isocp.shx
  0
STYLE
  2
KICADB
  70
0
  40
0
  41
1
  42
1
  50
0
  71
0
  3
isocp.shx
  0
STYLE
  2
KICADI
  70
0
  40
0
  41
1
  42
1
  50
15
  71
0
  3
isocp.shx
  0
STYLE
  2
KICADBI
  70
0
  40
0
  41
1
  42
1
  50
15
  71
0
  3
isocp.shx
  0
ENDTAB
  0
TABLE
  2
LAYER
  70
1
  0
LAYER
  2
BLACK
  70
0
  62
7
  6
CONTINUOUS
  0
ENDTAB
  0
ENDSEC
  0
SECTION
  2
ENTITIES
0
LINE
8
BLACK
6
CONTINUOUS
10
85.196866
20
-16.0476269999999985
11
85.4869719999999944
21
-16.1165239999999983
0
LINE
8
BLACK
6
CONTINUOUS
10
85.4869719999999944
20
-16.1165239999999983
11
85.76646199999999
21
-16.2204149999999991
0
LINE
8
BLACK
6
CONTINUOUS
10
85.76646199999999
20
-16.2204149999999991
11
86.031132999999997
21
-16.3577379999999977
0
LINE
8
BLACK
6
CONTINUOUS
10
86.031132999999997
20
-16.3577379999999977
11
86.2770039999999909
21
-16.5264260000000007
0
LINE
8
BLACK
6
CONTINUOUS
10
86.2770039999999909
20
-16.5264260000000007
11
86.5003760000000028
21
-16.7239429999999984
0
LINE
8
BLACK
6
CONTINUOUS
10
86.5003760000000028
20
-16.7239429999999984
11
86.5003540000000015
21
-16.7239660000000008
0
LINE
8
BLACK
6
CONTINUOUS
10
86.5003540000000015
20
-16.7239660000000008
11
86.500354999999999
21
-16.7239679999999993
0
LINE
8
BLACK
6
CONTINUOUS
10
86.500354999999999
20
-16.7239679999999993
11
87.3269289999999927
21
-17.5505420000000001
0
LINE
8
BLACK
6
CONTINUOUS
10
87.3269289999999927
20
-17.5505420000000001
11
87.3269619999999946
21
-17.5505919999999982
0
LINE
8
BLACK
6
CONTINUOUS
10
87.3269619999999946
20
-17.5505919999999982
11
87.4208659999999895
21
-17.6405390000000004
0
LINE
8
BLACK
6
CONTINUOUS
10
87.4208659999999895
20
-17.6405390000000004
11
87.6319249999999954
21
-17.7964209999999987
0
LINE
8
BLACK
6
CONTINUOUS
10
87.6319249999999954
20
-17.7964209999999987
11
87.8610570000000024
21
-17.9242619999999988
0
LINE
8
BLACK
6
CONTINUOUS
10
87.8610570000000024
20
-17.9242619999999988
11
88.1045589999999947
21
-18.0219939999999994
0
LINE
8
BLACK
6
CONTINUOUS
10
88.1045589999999947
20
-18.0219939999999994
11
88.3584939999999932
21
-18.0880380000000009
0
LINE
8
BLACK
6
CONTINUOUS
10
88.3584939999999932
20
-18.0880380000000009
11
88.6187570000000022
21
-18.1213259999999998
0
LINE
8
BLACK
6
CONTINUOUS
10
88.6187570000000022
20
-18.1213259999999998
11
88.7499490000000009
21
-18.1212569999999999
0
LINE
8
BLACK
6
CONTINUOUS
10
88.7499490000000009
20
-18.1212569999999999
11
88.7499529999999908
21
-18.1212579999999974
0
LINE
8
BLACK
6
CONTINUOUS
10
88.7499529999999908
20
-18.1212579999999974
11
88.7499600000000015
21
-18.1212569999999999
0
LINE
8
BLACK
6
CONTINUOUS
10
88.7499600000000015
20
-18.1212569999999999
11
105.7879549999999966
21
-18.1212569999999999
0
LINE
8
BLACK
6
CONTINUOUS
10
105.7879549999999966
20
-18.1212569999999999
11
105.7879559999999941
21
-18.1212569999999999
0
LINE
8
BLACK
6
CONTINUOUS
10
105.7879559999999941
20
-18.1212569999999999
11
106.0823839999999905
21
-18.1377980000000001
0
LINE
8
BLACK
6
CONTINUOUS
10
106.0823839999999905
20
-18.1377980000000001
11
106.3731099999999969
21
-18.1871989999999997
0
LINE
8
BLACK
6
CONTINUOUS
10
106.3731099999999969
20
-18.1871989999999997
11
106.6564759999999978
21
-18.2688389999999998
0
LINE
8
BLACK
6
CONTINUOUS
10
106.6564759999999978
20
-18.2688389999999998
11
106.9289199999999909
21
-18.3816919999999975
0
LINE
8
BLACK
6
CONTINUOUS
10
106.9289199999999909
20
-18.3816919999999975
11
107.1870159999999998
21
-18.5243380000000002
0
LINE
8
BLACK
6
CONTINUOUS
10
107.1870159999999998
20
-18.5243380000000002
11
107.4275179999999921
21
-18.6949849999999991
0
LINE
8
BLACK
6
CONTINUOUS
10
107.4275179999999921
20
-18.6949849999999991
11
107.6473429999999922
21
-18.8914319999999982
0
LINE
8
BLACK
6
CONTINUOUS
10
107.6473429999999922
20
-18.8914319999999982
11
107.6474109999999911
21
-18.8914769999999983
0
LINE
8
BLACK
6
CONTINUOUS
10
107.6474109999999911
20
-18.8914769999999983
11
109.9800049999999914
21
-21.2240699999999975
0
LINE
8
BLACK
6
CONTINUOUS
10
109.9800049999999914
20
-21.2240699999999975
11
109.9800189999999986
21
-21.2240549999999999
0
LINE
8
BLACK
6
CONTINUOUS
10
109.9800189999999986
20
-21.2240549999999999
11
110.0804720000000003
21
-21.3245100000000001
0
LINE
8
BLACK
6
CONTINUOUS
10
110.0804720000000003
20
-21.3245100000000001
11
110.3026079999999922
21
-21.5016609999999986
0
LINE
8
BLACK
6
CONTINUOUS
10
110.3026079999999922
20
-21.5016609999999986
11
110.5431829999999991
21
-21.6528269999999985
0
LINE
8
BLACK
6
CONTINUOUS
10
110.5431829999999991
20
-21.6528269999999985
11
110.799168999999992
21
-21.7761080000000007
0
LINE
8
BLACK
6
CONTINUOUS
10
110.799168999999992
20
-21.7761080000000007
11
111.067348999999993
21
-21.8699519999999978
0
LINE
8
BLACK
6
CONTINUOUS
10
111.067348999999993
20
-21.8699519999999978
11
111.3443499999999915
21
-21.9331800000000001
0
LINE
8
BLACK
6
CONTINUOUS
10
111.3443499999999915
20
-21.9331800000000001
11
111.6266880000000015
21
-21.9649970000000003
0
LINE
8
BLACK
6
CONTINUOUS
10
111.6266880000000015
20
-21.9649970000000003
11
111.7687509999999946
21
-21.9649999999999999
0
LINE
8
BLACK
6
CONTINUOUS
10
111.7687509999999946
20
-21.9649999999999999
11
111.7981399999999894
21
-21.9745500000000007
0
LINE
8
BLACK
6
CONTINUOUS
10
111.7981399999999894
20
-21.9745500000000007
11
111.8093649999999997
21
-21.9899999999999984
0
LINE
8
BLACK
6
CONTINUOUS
10
111.8093649999999997
20
-21.9899999999999984
11
128.625
21
-21.9899999999999984
0
LINE
8
BLACK
6
CONTINUOUS
10
128.625
20
-21.9899999999999984
11
128.9411989999999832
21
-22.0065709999999974
0
LINE
8
BLACK
6
CONTINUOUS
10
128.9411989999999832
20
-22.0065709999999974
11
129.2539329999999893
21
-22.0561039999999977
0
LINE
8
BLACK
6
CONTINUOUS
10
129.2539329999999893
20
-22.0561039999999977
11
129.5597759999999994
21
-22.1380540000000003
0
LINE
8
BLACK
6
CONTINUOUS
10
129.5597759999999994
20
-22.1380540000000003
11
129.8553780000000017
21
-22.2515249999999973
0
LINE
8
BLACK
6
CONTINUOUS
10
129.8553780000000017
20
-22.2515249999999973
11
130.1374999999999886
21
-22.3952729999999995
0
LINE
8
BLACK
6
CONTINUOUS
10
130.1374999999999886
20
-22.3952729999999995
11
130.4030500000000075
21
-22.5677239999999983
0
LINE
8
BLACK
6
CONTINUOUS
10
130.4030500000000075
20
-22.5677239999999983
11
130.6491199999999822
21
-22.7669870000000003
0
LINE
8
BLACK
6
CONTINUOUS
10
130.6491199999999822
20
-22.7669870000000003
11
130.8730129999999861
21
-22.9908800000000006
0
LINE
8
BLACK
6
CONTINUOUS
10
130.8730129999999861
20
-22.9908800000000006
11
131.072275999999988
21
-23.2369500000000002
0
LINE
8
BLACK
6
CONTINUOUS
10
131.072275999999988
20
-23.2369500000000002
11
131.2447269999999833
21
-23.5024999999999977
0
LINE
8
BLACK
6
CONTINUOUS
10
131.2447269999999833
20
-23.5024999999999977
11
131.3884749999999997
21
-23.7846219999999988
0
LINE
8
BLACK
6
CONTINUOUS
10
131.3884749999999997
20
-23.7846219999999988
11
131.5019460000000038
21
-24.0802239999999976
0
LINE
8
BLACK
6
CONTINUOUS
10
131.5019460000000038
20
-24.0802239999999976
11
131.5838959999999815
21
-24.3860670000000006
0
LINE
8
BLACK
6
CONTINUOUS
10
131.5838959999999815
20
-24.3860670000000006
11
131.6334290000000067
21
-24.6988009999999996
0
LINE
8
BLACK
6
CONTINUOUS
10
131.6334290000000067
20
-24.6988009999999996
11
131.6500000000000057
21
-25.0150000000000006
0
LINE
8
BLACK
6
CONTINUOUS
10
131.6500000000000057
20
-25.0150000000000006
11
131.6500000000000057
21
-37.0150000000000006
0
LINE
8
BLACK
6
CONTINUOUS
10
131.6500000000000057
20
-37.0150000000000006
11
131.6500000000000057
21
-37.1709129999999988
0
LINE
8
BLACK
6
CONTINUOUS
10
131.6500000000000057
20
-37.1709129999999988
11
131.6825939999999946
21
-37.4810310000000015
0
LINE
8
BLACK
6
CONTINUOUS
10
131.6825939999999946
20
-37.4810310000000015
11
131.7474269999999876
21
-37.7860429999999994
0
LINE
8
BLACK
6
CONTINUOUS
10
131.7474269999999876
20
-37.7860429999999994
11
131.8437859999999944
21
-38.0826080000000005
0
LINE
8
BLACK
6
CONTINUOUS
10
131.8437859999999944
20
-38.0826080000000005
11
131.9706180000000018
21
-38.3674749999999989
0
LINE
8
BLACK
6
CONTINUOUS
10
131.9706180000000018
20
-38.3674749999999989
11
132.1265309999999999
21
-38.6375249999999966
0
LINE
8
BLACK
6
CONTINUOUS
10
132.1265309999999999
20
-38.6375249999999966
11
132.309818000000007
21
-38.889797999999999
0
LINE
8
BLACK
6
CONTINUOUS
10
132.309818000000007
20
-38.889797999999999
11
132.5184700000000078
21
-39.1215299999999999
0
LINE
8
BLACK
6
CONTINUOUS
10
132.5184700000000078
20
-39.1215299999999999
11
132.7502020000000016
21
-39.3301820000000006
0
LINE
8
BLACK
6
CONTINUOUS
10
132.7502020000000016
20
-39.3301820000000006
11
133.002475000000004
21
-39.5134690000000006
0
LINE
8
BLACK
6
CONTINUOUS
10
133.002475000000004
20
-39.5134690000000006
11
133.2725250000000017
21
-39.6693819999999988
0
LINE
8
BLACK
6
CONTINUOUS
10
133.2725250000000017
20
-39.6693819999999988
11
133.557391999999993
21
-39.7962139999999991
0
LINE
8
BLACK
6
CONTINUOUS
10
133.557391999999993
20
-39.7962139999999991
11
133.8539569999999799
21
-39.8925729999999987
0
LINE
8
BLACK
6
CONTINUOUS
10
133.8539569999999799
20
-39.8925729999999987
11
134.1589689999999848
21
-39.9574059999999989
0
LINE
8
BLACK
6
CONTINUOUS
10
134.1589689999999848
20
-39.9574059999999989
11
134.4690870000000018
21
-39.9899999999999949
0
LINE
8
BLACK
6
CONTINUOUS
10
134.4690870000000018
20
-39.9899999999999949
11
134.625
21
-39.9899999999999949
0
LINE
8
BLACK
6
CONTINUOUS
10
134.625
20
-39.9899999999999949
11
142.4406349999999861
21
-39.9900019999999969
0
LINE
8
BLACK
6
CONTINUOUS
10
142.4406349999999861
20
-39.9900019999999969
11
142.4518599999999822
21
-39.9745530000000002
0
LINE
8
BLACK
6
CONTINUOUS
10
142.4518599999999822
20
-39.9745530000000002
11
142.4812489999999912
21
-39.9650029999999958
0
LINE
8
BLACK
6
CONTINUOUS
10
142.4812489999999912
20
-39.9650029999999958
11
142.4812489999999912
21
-39.9650219999999976
0
LINE
8
BLACK
6
CONTINUOUS
10
142.4812489999999912
20
-39.9650219999999976
11
142.623312999999996
21
-39.9650189999999981
0
LINE
8
BLACK
6
CONTINUOUS
10
142.623312999999996
20
-39.9650189999999981
11
142.9056530000000009
21
-39.9332020000000014
0
LINE
8
BLACK
6
CONTINUOUS
10
142.9056530000000009
20
-39.9332020000000014
11
143.1826559999999802
21
-39.8699739999999991
0
LINE
8
BLACK
6
CONTINUOUS
10
143.1826559999999802
20
-39.8699739999999991
11
143.4508380000000045
21
-39.7761289999999974
0
LINE
8
BLACK
6
CONTINUOUS
10
143.4508380000000045
20
-39.7761289999999974
11
143.7068270000000041
21
-39.6528470000000013
0
LINE
8
BLACK
6
CONTINUOUS
10
143.7068270000000041
20
-39.6528470000000013
11
143.94740299999998
21
-39.5016800000000003
0
LINE
8
BLACK
6
CONTINUOUS
10
143.94740299999998
20
-39.5016800000000003
11
144.1695409999999811
21
-39.3245269999999962
0
LINE
8
BLACK
6
CONTINUOUS
10
144.1695409999999811
20
-39.3245269999999962
11
144.2699949999999944
21
-39.2240719999999996
0
LINE
8
BLACK
6
CONTINUOUS
10
144.2699949999999944
20
-39.2240719999999996
11
144.2699949999999944
21
-39.2240729999999971
0
LINE
8
BLACK
6
CONTINUOUS
10
144.2699949999999944
20
-39.2240729999999971
11
144.2699969999999894
21
-39.224070999999995
0
LINE
8
BLACK
6
CONTINUOUS
10
144.2699969999999894
20
-39.224070999999995
11
146.6025889999999947
21
-36.8914789999999968
0
LINE
8
BLACK
6
CONTINUOUS
10
146.6025889999999947
20
-36.8914789999999968
11
146.6025929999999846
21
-36.8914759999999973
0
LINE
8
BLACK
6
CONTINUOUS
10
146.6025929999999846
20
-36.8914759999999973
11
146.8224749999999972
21
-36.6949789999999965
0
LINE
8
BLACK
6
CONTINUOUS
10
146.8224749999999972
20
-36.6949789999999965
11
147.0629779999999869
21
-36.5243309999999965
0
LINE
8
BLACK
6
CONTINUOUS
10
147.0629779999999869
20
-36.5243309999999965
11
147.3210749999999791
21
-36.3816839999999999
0
LINE
8
BLACK
6
CONTINUOUS
10
147.3210749999999791
20
-36.3816839999999999
11
147.5935199999999838
21
-36.2688309999999987
0
LINE
8
BLACK
6
CONTINUOUS
10
147.5935199999999838
20
-36.2688309999999987
11
147.8768879999999797
21
-36.1871900000000011
0
LINE
8
BLACK
6
CONTINUOUS
10
147.8768879999999797
20
-36.1871900000000011
11
148.1676139999999862
21
-36.1377889999999979
0
LINE
8
BLACK
6
CONTINUOUS
10
148.1676139999999862
20
-36.1377889999999979
11
148.4620439999999917
21
-36.1212480000000014
0
LINE
8
BLACK
6
CONTINUOUS
10
148.4620439999999917
20
-36.1212480000000014
11
148.4620439999999917
21
-36.1212599999999995
0
LINE
8
BLACK
6
CONTINUOUS
10
148.4620439999999917
20
-36.1212599999999995
11
148.4620449999999892
21
-36.1212599999999995
0
LINE
8
BLACK
6
CONTINUOUS
10
148.4620449999999892
20
-36.1212599999999995
11
165.5000399999999843
21
-36.1212599999999995
0
LINE
8
BLACK
6
CONTINUOUS
10
165.5000399999999843
20
-36.1212599999999995
11
165.5000459999999975
21
-36.121260999999997
0
LINE
8
BLACK
6
CONTINUOUS
10
165.5000459999999975
20
-36.121260999999997
11
165.5000509999999849
21
-36.1212599999999995
0
LINE
8
BLACK
6
CONTINUOUS
10
165.5000509999999849
20
-36.1212599999999995
11
165.5000509999999849
21
-36.1212319999999991
0
LINE
8
BLACK
6
CONTINUOUS
10
165.5000509999999849
20
-36.1212319999999991
11
165.6312409999999886
21
-36.1213009999999954
0
LINE
8
BLACK
6
CONTINUOUS
10
165.6312409999999886
20
-36.1213009999999954
11
165.8914999999999793
21
-36.0880129999999966
0
LINE
8
BLACK
6
CONTINUOUS
10
165.8914999999999793
20
-36.0880129999999966
11
166.1454319999999996
21
-36.021969999999996
0
LINE
8
BLACK
6
CONTINUOUS
10
166.1454319999999996
20
-36.021969999999996
11
166.3889309999999853
21
-35.9242399999999975
0
LINE
8
BLACK
6
CONTINUOUS
10
166.3889309999999853
20
-35.9242399999999975
11
166.6180609999999831
21
-35.7964009999999959
0
LINE
8
BLACK
6
CONTINUOUS
10
166.6180609999999831
20
-35.7964009999999959
11
166.8291159999999991
21
-35.6405209999999997
0
LINE
8
BLACK
6
CONTINUOUS
10
166.8291159999999991
20
-35.6405209999999997
11
166.923546999999985
21
-35.550067999999996
0
LINE
8
BLACK
6
CONTINUOUS
10
166.923546999999985
20
-35.550067999999996
11
167.7496439999999893
21
-34.7239709999999988
0
LINE
8
BLACK
6
CONTINUOUS
10
167.7496439999999893
20
-34.7239709999999988
11
167.7496459999999843
21
-34.7239689999999968
0
LINE
8
BLACK
6
CONTINUOUS
10
167.7496459999999843
20
-34.7239689999999968
11
167.7496469999999817
21
-34.7239689999999968
0
LINE
8
BLACK
6
CONTINUOUS
10
167.7496469999999817
20
-34.7239689999999968
11
167.9730160000000012
21
-34.5264549999999986
0
LINE
8
BLACK
6
CONTINUOUS
10
167.9730160000000012
20
-34.5264549999999986
11
168.2188830000000053
21
-34.3577689999999976
0
LINE
8
BLACK
6
CONTINUOUS
10
168.2188830000000053
20
-34.3577689999999976
11
168.4835499999999797
21
-34.2204479999999975
0
LINE
8
BLACK
6
CONTINUOUS
10
168.4835499999999797
20
-34.2204479999999975
11
168.7630369999999971
21
-34.1165579999999977
0
LINE
8
BLACK
6
CONTINUOUS
10
168.7630369999999971
20
-34.1165579999999977
11
169.0531379999999899
21
-34.0476619999999954
0
LINE
8
BLACK
6
CONTINUOUS
10
169.0531379999999899
20
-34.0476619999999954
11
169.3494919999999979
21
-34.0147949999999994
0
LINE
8
BLACK
6
CONTINUOUS
10
169.3494919999999979
20
-34.0147949999999994
11
169.6476399999999956
21
-34.0184530000000009
0
LINE
8
BLACK
6
CONTINUOUS
10
169.6476399999999956
20
-34.0184530000000009
11
169.9430989999999895
21
-34.0585790000000017
0
LINE
8
BLACK
6
CONTINUOUS
10
169.9430989999999895
20
-34.0585790000000017
11
170.2314229999999782
21
-34.1345710000000011
0
LINE
8
BLACK
6
CONTINUOUS
10
170.2314229999999782
20
-34.1345710000000011
11
170.5082769999999925
21
-34.2452860000000001
0
LINE
8
BLACK
6
CONTINUOUS
10
170.5082769999999925
20
-34.2452860000000001
11
170.7694960000000037
21
-34.3890579999999986
0
LINE
8
BLACK
6
CONTINUOUS
10
170.7694960000000037
20
-34.3890579999999986
11
171.0111509999999839
21
-34.5637240000000006
0
LINE
8
BLACK
6
CONTINUOUS
10
171.0111509999999839
20
-34.5637240000000006
11
171.2296079999999847
21
-34.7666589999999971
0
LINE
8
BLACK
6
CONTINUOUS
10
171.2296079999999847
20
-34.7666589999999971
11
171.4215800000000058
21
-34.994807999999999
0
LINE
8
BLACK
6
CONTINUOUS
10
171.4215800000000058
20
-34.994807999999999
11
171.5841810000000009
21
-35.2447419999999951
0
LINE
8
BLACK
6
CONTINUOUS
10
171.5841810000000009
20
-35.2447419999999951
11
171.7149639999999806
21
-35.5126999999999953
0
LINE
8
BLACK
6
CONTINUOUS
10
171.7149639999999806
20
-35.5126999999999953
11
171.8119629999999916
21
-35.7946519999999992
0
LINE
8
BLACK
6
CONTINUOUS
10
171.8119629999999916
20
-35.7946519999999992
11
171.8737189999999941
21
-36.0863569999999996
0
LINE
8
BLACK
6
CONTINUOUS
10
171.8737189999999941
20
-36.0863569999999996
11
171.8993020000000058
21
-36.383427999999995
0
LINE
8
BLACK
6
CONTINUOUS
10
171.8993020000000058
20
-36.383427999999995
11
171.8883280000000013
21
-36.6813969999999969
0
LINE
8
BLACK
6
CONTINUOUS
10
171.8883280000000013
20
-36.6813969999999969
11
171.840960999999993
21
-36.9757809999999978
0
LINE
8
BLACK
6
CONTINUOUS
10
171.840960999999993
20
-36.9757809999999978
11
171.7579159999999945
21
-37.2621529999999979
0
LINE
8
BLACK
6
CONTINUOUS
10
171.7579159999999945
20
-37.2621529999999979
11
171.6404389999999864
21
-37.536206
0
LINE
8
BLACK
6
CONTINUOUS
10
171.6404389999999864
20
-37.536206
11
171.4902989999999932
21
-37.7938180000000017
0
LINE
8
BLACK
6
CONTINUOUS
10
171.4902989999999932
20
-37.7938180000000017
11
171.3097539999999981
21
-38.0311129999999977
0
LINE
8
BLACK
6
CONTINUOUS
10
171.3097539999999981
20
-38.0311129999999977
11
171.1015189999999961
21
-38.2445239999999984
0
LINE
8
BLACK
6
CONTINUOUS
10
171.1015189999999961
20
-38.2445239999999984
11
170.868725999999981
21
-38.4308389999999989
0
LINE
8
BLACK
6
CONTINUOUS
10
170.868725999999981
20
-38.4308389999999989
11
170.6148780000000045
21
-38.5872559999999964
0
LINE
8
BLACK
6
CONTINUOUS
10
170.6148780000000045
20
-38.5872559999999964
11
170.3437899999999843
21
-38.7114229999999964
0
LINE
8
BLACK
6
CONTINUOUS
10
170.3437899999999843
20
-38.7114229999999964
11
170.0595429999999908
21
-38.8014730000000014
0
LINE
8
BLACK
6
CONTINUOUS
10
170.0595429999999908
20
-38.8014730000000014
11
169.7664089999999817
21
-38.8560499999999962
0
LINE
8
BLACK
6
CONTINUOUS
10
169.7664089999999817
20
-38.8560499999999962
11
169.4690760000000012
21
-38.8743169999999978
0
LINE
8
BLACK
6
CONTINUOUS
10
169.4690760000000012
20
-38.8743169999999978
11
169.4687999999999874
21
-38.874372000000001
0
LINE
8
BLACK
6
CONTINUOUS
10
169.4687999999999874
20
-38.874372000000001
11
149.625
21
-38.8743780000000001
0
LINE
8
BLACK
6
CONTINUOUS
10
149.625
20
-38.8743780000000001
11
149.625
21
-38.8744000000000014
0
LINE
8
BLACK
6
CONTINUOUS
10
149.625
20
-38.8744000000000014
11
149.5587889999999902
21
-38.8744000000000014
0
LINE
8
BLACK
6
CONTINUOUS
10
149.5587889999999902
20
-38.8744000000000014
11
149.4302140000000065
21
-38.9060909999999964
0
LINE
8
BLACK
6
CONTINUOUS
10
149.4302140000000065
20
-38.9060909999999964
11
149.3129590000000064
21
-38.9676309999999972
0
LINE
8
BLACK
6
CONTINUOUS
10
149.3129590000000064
20
-38.9676309999999972
11
149.2138390000000072
21
-39.0554429999999968
0
LINE
8
BLACK
6
CONTINUOUS
10
149.2138390000000072
20
-39.0554429999999968
11
149.1386149999999873
21
-39.1644250000000014
0
LINE
8
BLACK
6
CONTINUOUS
10
149.1386149999999873
20
-39.1644250000000014
11
149.0916569999999979
21
-39.2882430000000014
0
LINE
8
BLACK
6
CONTINUOUS
10
149.0916569999999979
20
-39.2882430000000014
11
149.0756949999999961
21
-39.4196999999999989
0
LINE
8
BLACK
6
CONTINUOUS
10
149.0756949999999961
20
-39.4196999999999989
11
149.0916569999999979
21
-39.5511569999999963
0
LINE
8
BLACK
6
CONTINUOUS
10
149.0916569999999979
20
-39.5511569999999963
11
149.1386149999999873
21
-39.6749749999999963
0
LINE
8
BLACK
6
CONTINUOUS
10
149.1386149999999873
20
-39.6749749999999963
11
149.2138390000000072
21
-39.7839570000000009
0
LINE
8
BLACK
6
CONTINUOUS
10
149.2138390000000072
20
-39.7839570000000009
11
149.3129590000000064
21
-39.8717690000000005
0
LINE
8
BLACK
6
CONTINUOUS
10
149.3129590000000064
20
-39.8717690000000005
11
149.4302140000000065
21
-39.9333090000000013
0
LINE
8
BLACK
6
CONTINUOUS
10
149.4302140000000065
20
-39.9333090000000013
11
149.5587889999999902
21
-39.9649999999999963
0
LINE
8
BLACK
6
CONTINUOUS
10
149.5587889999999902
20
-39.9649999999999963
11
149.625
21
-39.9649999999999963
0
LINE
8
BLACK
6
CONTINUOUS
10
149.625
20
-39.9649999999999963
11
149.6543889999999806
21
-39.9745489999999961
0
LINE
8
BLACK
6
CONTINUOUS
10
149.6543889999999806
20
-39.9745489999999961
11
149.6656150000000025
21
-39.9899999999999949
0
LINE
8
BLACK
6
CONTINUOUS
10
149.6656150000000025
20
-39.9899999999999949
11
187.4406369999999811
21
-39.9899999999999949
0
LINE
8
BLACK
6
CONTINUOUS
10
187.4406369999999811
20
-39.9899999999999949
11
187.4518599999999822
21
-39.9745530000000002
0
LINE
8
BLACK
6
CONTINUOUS
10
187.4518599999999822
20
-39.9745530000000002
11
187.4812489999999912
21
-39.9650029999999958
0
LINE
8
BLACK
6
CONTINUOUS
10
187.4812489999999912
20
-39.9650029999999958
11
187.4812489999999912
21
-39.9650219999999976
0
LINE
8
BLACK
6
CONTINUOUS
10
187.4812489999999912
20
-39.9650219999999976
11
187.623312999999996
21
-39.9650189999999981
0
LINE
8
BLACK
6
CONTINUOUS
10
187.623312999999996
20
-39.9650189999999981
11
187.9056530000000009
21
-39.9332020000000014
0
LINE
8
BLACK
6
CONTINUOUS
10
187.9056530000000009
20
-39.9332020000000014
11
188.1826559999999802
21
-39.8699739999999991
0
LINE
8
BLACK
6
CONTINUOUS
10
188.1826559999999802
20
-39.8699739999999991
11
188.4508380000000045
21
-39.7761289999999974
0
LINE
8
BLACK
6
CONTINUOUS
10
188.4508380000000045
20
-39.7761289999999974
11
188.7068270000000041
21
-39.6528470000000013
0
LINE
8
BLACK
6
CONTINUOUS
10
188.7068270000000041
20
-39.6528470000000013
11
188.94740299999998
21
-39.5016800000000003
0
LINE
8
BLACK
6
CONTINUOUS
10
188.94740299999998
20
-39.5016800000000003
11
189.1695409999999811
21
-39.3245269999999962
0
LINE
8
BLACK
6
CONTINUOUS
10
189.1695409999999811
20
-39.3245269999999962
11
189.2699949999999944
21
-39.2240719999999996
0
LINE
8
BLACK
6
CONTINUOUS
10
189.2699949999999944
20
-39.2240719999999996
11
189.2699949999999944
21
-39.2240729999999971
0
LINE
8
BLACK
6
CONTINUOUS
10
189.2699949999999944
20
-39.2240729999999971
11
189.2699969999999894
21
-39.224070999999995
0
LINE
8
BLACK
6
CONTINUOUS
10
189.2699969999999894
20
-39.224070999999995
11
191.6025889999999947
21
-36.8914789999999968
0
LINE
8
BLACK
6
CONTINUOUS
10
191.6025889999999947
20
-36.8914789999999968
11
191.6025929999999846
21
-36.8914759999999973
0
LINE
8
BLACK
6
CONTINUOUS
10
191.6025929999999846
20
-36.8914759999999973
11
191.8224749999999972
21
-36.6949789999999965
0
LINE
8
BLACK
6
CONTINUOUS
10
191.8224749999999972
20
-36.6949789999999965
11
192.0629779999999869
21
-36.5243309999999965
0
LINE
8
BLACK
6
CONTINUOUS
10
192.0629779999999869
20
-36.5243309999999965
11
192.3210749999999791
21
-36.3816839999999999
0
LINE
8
BLACK
6
CONTINUOUS
10
192.3210749999999791
20
-36.3816839999999999
11
192.5935199999999838
21
-36.2688309999999987
0
LINE
8
BLACK
6
CONTINUOUS
10
192.5935199999999838
20
-36.2688309999999987
11
192.8768879999999797
21
-36.1871900000000011
0
LINE
8
BLACK
6
CONTINUOUS
10
192.8768879999999797
20
-36.1871900000000011
11
193.1676139999999862
21
-36.1377889999999979
0
LINE
8
BLACK
6
CONTINUOUS
10
193.1676139999999862
20
-36.1377889999999979
11
193.4620439999999917
21
-36.1212480000000014
0
LINE
8
BLACK
6
CONTINUOUS
10
193.4620439999999917
20
-36.1212480000000014
11
193.4620439999999917
21
-36.1212599999999995
0
LINE
8
BLACK
6
CONTINUOUS
10
193.4620439999999917
20
-36.1212599999999995
11
193.4620449999999892
21
-36.1212599999999995
0
LINE
8
BLACK
6
CONTINUOUS
10
193.4620449999999892
20
-36.1212599999999995
11
210.5000399999999843
21
-36.1212599999999995
0
LINE
8
BLACK
6
CONTINUOUS
10
210.5000399999999843
20
-36.1212599999999995
11
210.5000459999999975
21
-36.121260999999997
0
LINE
8
BLACK
6
CONTINUOUS
10
210.5000459999999975
20
-36.121260999999997
11
210.5000509999999849
21
-36.1212599999999995
0
LINE
8
BLACK
6
CONTINUOUS
10
210.5000509999999849
20
-36.1212599999999995
11
210.5000509999999849
21
-36.1212319999999991
0
LINE
8
BLACK
6
CONTINUOUS
10
210.5000509999999849
20
-36.1212319999999991
11
210.6312409999999886
21
-36.1213009999999954
0
LINE
8
BLACK
6
CONTINUOUS
10
210.6312409999999886
20
-36.1213009999999954
11
210.8914999999999793
21
-36.0880129999999966
0
LINE
8
BLACK
6
CONTINUOUS
10
210.8914999999999793
20
-36.0880129999999966
11
211.1454319999999996
21
-36.021969999999996
0
LINE
8
BLACK
6
CONTINUOUS
10
211.1454319999999996
20
-36.021969999999996
11
211.3889309999999853
21
-35.9242399999999975
0
LINE
8
BLACK
6
CONTINUOUS
10
211.3889309999999853
20
-35.9242399999999975
11
211.6180609999999831
21
-35.7964009999999959
0
LINE
8
BLACK
6
CONTINUOUS
10
211.6180609999999831
20
-35.7964009999999959
11
211.8291159999999991
21
-35.6405209999999997
0
LINE
8
BLACK
6
CONTINUOUS
10
211.8291159999999991
20
-35.6405209999999997
11
211.923546999999985
21
-35.550067999999996
0
LINE
8
BLACK
6
CONTINUOUS
10
211.923546999999985
20
-35.550067999999996
11
212.7496439999999893
21
-34.7239709999999988
0
LINE
8
BLACK
6
CONTINUOUS
10
212.7496439999999893
20
-34.7239709999999988
11
212.7496459999999843
21
-34.7239689999999968
0
LINE
8
BLACK
6
CONTINUOUS
10
212.7496459999999843
20
-34.7239689999999968
11
212.7496469999999817
21
-34.7239689999999968
0
LINE
8
BLACK
6
CONTINUOUS
10
212.7496469999999817
20
-34.7239689999999968
11
212.9730160000000012
21
-34.5264549999999986
0
LINE
8
BLACK
6
CONTINUOUS
10
212.9730160000000012
20
-34.5264549999999986
11
213.2188829999999768
21
-34.3577689999999976
0
LINE
8
BLACK
6
CONTINUOUS
10
213.2188829999999768
20
-34.3577689999999976
11
213.4835499999999797
21
-34.2204479999999975
0
LINE
8
BLACK
6
CONTINUOUS
10
213.4835499999999797
20
-34.2204479999999975
11
213.7630369999999971
21
-34.1165579999999977
0
LINE
8
BLACK
6
CONTINUOUS
10
213.7630369999999971
20
-34.1165579999999977
11
214.0531379999999899
21
-34.0476619999999954
0
LINE
8
BLACK
6
CONTINUOUS
10
214.0531379999999899
20
-34.0476619999999954
11
214.3494919999999979
21
-34.0147949999999994
0
LINE
8
BLACK
6
CONTINUOUS
10
214.3494919999999979
20
-34.0147949999999994
11
214.6476399999999956
21
-34.0184530000000009
0
LINE
8
BLACK
6
CONTINUOUS
10
214.6476399999999956
20
-34.0184530000000009
11
214.9430989999999895
21
-34.0585790000000017
0
LINE
8
BLACK
6
CONTINUOUS
10
214.9430989999999895
20
-34.0585790000000017
11
215.2314229999999782
21
-34.1345710000000011
0
LINE
8
BLACK
6
CONTINUOUS
10
215.2314229999999782
20
-34.1345710000000011
11
215.5082769999999925
21
-34.2452860000000001
0
LINE
8
BLACK
6
CONTINUOUS
10
215.5082769999999925
20
-34.2452860000000001
11
215.7694960000000037
21
-34.3890579999999986
0
LINE
8
BLACK
6
CONTINUOUS
10
215.7694960000000037
20
-34.3890579999999986
11
216.0111509999999839
21
-34.5637240000000006
0
LINE
8
BLACK
6
CONTINUOUS
10
216.0111509999999839
20
-34.5637240000000006
11
216.2296079999999847
21
-34.7666589999999971
0
LINE
8
BLACK
6
CONTINUOUS
10
216.2296079999999847
20
-34.7666589999999971
11
216.4215799999999774
21
-34.994807999999999
0
LINE
8
BLACK
6
CONTINUOUS
10
216.4215799999999774
20
-34.994807999999999
11
216.5841810000000009
21
-35.2447419999999951
0
LINE
8
BLACK
6
CONTINUOUS
10
216.5841810000000009
20
-35.2447419999999951
11
216.7149639999999806
21
-35.5126999999999953
0
LINE
8
BLACK
6
CONTINUOUS
10
216.7149639999999806
20
-35.5126999999999953
11
216.8119629999999916
21
-35.7946519999999992
0
LINE
8
BLACK
6
CONTINUOUS
10
216.8119629999999916
20
-35.7946519999999992
11
216.8737189999999941
21
-36.0863569999999996
0
LINE
8
BLACK
6
CONTINUOUS
10
216.8737189999999941
20
-36.0863569999999996
11
216.8993019999999774
21
-36.383427999999995
0
LINE
8
BLACK
6
CONTINUOUS
10
216.8993019999999774
20
-36.383427999999995
11
216.8883280000000013
21
-36.6813969999999969
0
LINE
8
BLACK
6
CONTINUOUS
10
216.8883280000000013
20
-36.6813969999999969
11
216.840960999999993
21
-36.9757809999999978
0
LINE
8
BLACK
6
CONTINUOUS
10
216.840960999999993
20
-36.9757809999999978
11
216.7579159999999945
21
-37.2621529999999979
0
LINE
8
BLACK
6
CONTINUOUS
10
216.7579159999999945
20
-37.2621529999999979
11
216.6404389999999864
21
-37.536206
0
LINE
8
BLACK
6
CONTINUOUS
10
216.6404389999999864
20
-37.536206
11
216.4902989999999932
21
-37.7938180000000017
0
LINE
8
BLACK
6
CONTINUOUS
10
216.4902989999999932
20
-37.7938180000000017
11
216.3097539999999981
21
-38.0311129999999977
0
LINE
8
BLACK
6
CONTINUOUS
10
216.3097539999999981
20
-38.0311129999999977
11
216.1015189999999961
21
-38.2445239999999984
0
LINE
8
BLACK
6
CONTINUOUS
10
216.1015189999999961
20
-38.2445239999999984
11
215.868725999999981
21
-38.4308389999999989
0
LINE
8
BLACK
6
CONTINUOUS
10
215.868725999999981
20
-38.4308389999999989
11
215.6148779999999761
21
-38.5872559999999964
0
LINE
8
BLACK
6
CONTINUOUS
10
215.6148779999999761
20
-38.5872559999999964
11
215.3437899999999843
21
-38.7114229999999964
0
LINE
8
BLACK
6
CONTINUOUS
10
215.3437899999999843
20
-38.7114229999999964
11
215.0595429999999908
21
-38.8014730000000014
0
LINE
8
BLACK
6
CONTINUOUS
10
215.0595429999999908
20
-38.8014730000000014
11
214.7664089999999817
21
-38.8560499999999962
0
LINE
8
BLACK
6
CONTINUOUS
10
214.7664089999999817
20
-38.8560499999999962
11
214.4690760000000012
21
-38.8743169999999978
0
LINE
8
BLACK
6
CONTINUOUS
10
214.4690760000000012
20
-38.8743169999999978
11
214.4687999999999874
21
-38.874372000000001
0
LINE
8
BLACK
6
CONTINUOUS
10
214.4687999999999874
20
-38.874372000000001
11
194.625
21
-38.8743780000000001
0
LINE
8
BLACK
6
CONTINUOUS
10
194.625
20
-38.8743780000000001
11
194.625
21
-38.8744000000000014
0
LINE
8
BLACK
6
CONTINUOUS
10
194.625
20
-38.8744000000000014
11
194.5587889999999902
21
-38.8744000000000014
0
LINE
8
BLACK
6
CONTINUOUS
10
194.5587889999999902
20
-38.8744000000000014
11
194.4302139999999781
21
-38.9060909999999964
0
LINE
8
BLACK
6
CONTINUOUS
10
194.4302139999999781
20
-38.9060909999999964
11
194.312958999999978
21
-38.9676309999999972
0
LINE
8
BLACK
6
CONTINUOUS
10
194.312958999999978
20
-38.9676309999999972
11
194.2138389999999788
21
-39.0554429999999968
0
LINE
8
BLACK
6
CONTINUOUS
10
194.2138389999999788
20
-39.0554429999999968
11
194.1386149999999873
21
-39.1644250000000014
0
LINE
8
BLACK
6
CONTINUOUS
10
194.1386149999999873
20
-39.1644250000000014
11
194.0916569999999979
21
-39.2882430000000014
0
LINE
8
BLACK
6
CONTINUOUS
10
194.0916569999999979
20
-39.2882430000000014
11
194.0756949999999961
21
-39.4196999999999989
0
LINE
8
BLACK
6
CONTINUOUS
10
194.0756949999999961
20
-39.4196999999999989
11
194.0916569999999979
21
-39.5511569999999963
0
LINE
8
BLACK
6
CONTINUOUS
10
194.0916569999999979
20
-39.5511569999999963
11
194.1386149999999873
21
-39.6749749999999963
0
LINE
8
BLACK
6
CONTINUOUS
10
194.1386149999999873
20
-39.6749749999999963
11
194.2138389999999788
21
-39.7839570000000009
0
LINE
8
BLACK
6
CONTINUOUS
10
194.2138389999999788
20
-39.7839570000000009
11
194.312958999999978
21
-39.8717690000000005
0
LINE
8
BLACK
6
CONTINUOUS
10
194.312958999999978
20
-39.8717690000000005
11
194.4302139999999781
21
-39.9333090000000013
0
LINE
8
BLACK
6
CONTINUOUS
10
194.4302139999999781
20
-39.9333090000000013
11
194.5587889999999902
21
-39.9649999999999963
0
LINE
8
BLACK
6
CONTINUOUS
10
194.5587889999999902
20
-39.9649999999999963
11
194.625
21
-39.9649999999999963
0
LINE
8
BLACK
6
CONTINUOUS
10
194.625
20
-39.9649999999999963
11
194.6543889999999806
21
-39.9745489999999961
0
LINE
8
BLACK
6
CONTINUOUS
10
194.6543889999999806
20
-39.9745489999999961
11
194.6656150000000025
21
-39.9899999999999949
0
LINE
8
BLACK
6
CONTINUOUS
10
194.6656150000000025
20
-39.9899999999999949
11
227.625
21
-39.9899999999999949
0
LINE
8
BLACK
6
CONTINUOUS
10
227.625
20
-39.9899999999999949
11
227.9411989999999832
21
-40.006571000000001
0
LINE
8
BLACK
6
CONTINUOUS
10
227.9411989999999832
20
-40.006571000000001
11
228.2539329999999893
21
-40.0561039999999977
0
LINE
8
BLACK
6
CONTINUOUS
10
228.2539329999999893
20
-40.0561039999999977
11
228.5597759999999994
21
-40.1380539999999968
0
LINE
8
BLACK
6
CONTINUOUS
10
228.5597759999999994
20
-40.1380539999999968
11
228.8553780000000017
21
-40.2515250000000009
0
LINE
8
BLACK
6
CONTINUOUS
10
228.8553780000000017
20
-40.2515250000000009
11
229.1374999999999886
21
-40.395272999999996
0
LINE
8
BLACK
6
CONTINUOUS
10
229.1374999999999886
20
-40.395272999999996
11
229.403049999999979
21
-40.5677239999999983
0
LINE
8
BLACK
6
CONTINUOUS
10
229.403049999999979
20
-40.5677239999999983
11
229.6491199999999822
21
-40.7669870000000003
0
LINE
8
BLACK
6
CONTINUOUS
10
229.6491199999999822
20
-40.7669870000000003
11
229.8730129999999861
21
-40.9908799999999971
0
LINE
8
BLACK
6
CONTINUOUS
10
229.8730129999999861
20
-40.9908799999999971
11
230.072275999999988
21
-41.2369500000000002
0
LINE
8
BLACK
6
CONTINUOUS
10
230.072275999999988
20
-41.2369500000000002
11
230.2447269999999833
21
-41.5024999999999977
0
LINE
8
BLACK
6
CONTINUOUS
10
230.2447269999999833
20
-41.5024999999999977
11
230.3884749999999997
21
-41.7846219999999988
0
LINE
8
BLACK
6
CONTINUOUS
10
230.3884749999999997
20
-41.7846219999999988
11
230.5019460000000038
21
-42.0802240000000012
0
LINE
8
BLACK
6
CONTINUOUS
10
230.5019460000000038
20
-42.0802240000000012
11
230.5838959999999815
21
-42.3860669999999971
0
LINE
8
BLACK
6
CONTINUOUS
10
230.5838959999999815
20
-42.3860669999999971
11
230.6334289999999783
21
-42.698800999999996
0
LINE
8
BLACK
6
CONTINUOUS
10
230.6334289999999783
20
-42.698800999999996
11
230.6499999999999773
21
-43.0150000000000006
0
LINE
8
BLACK
6
CONTINUOUS
10
230.6499999999999773
20
-43.0150000000000006
11
230.6499999999999773
21
-109.0150000000000006
0
LINE
8
BLACK
6
CONTINUOUS
10
230.6499999999999773
20
-109.0150000000000006
11
230.6334289999999783
21
-109.331198999999998
0
LINE
8
BLACK
6
CONTINUOUS
10
230.6334289999999783
20
-109.331198999999998
11
230.5838959999999815
21
-109.6439329999999899
0
LINE
8
BLACK
6
CONTINUOUS
10
230.5838959999999815
20
-109.6439329999999899
11
230.5019460000000038
21
-109.949776
0
LINE
8
BLACK
6
CONTINUOUS
10
230.5019460000000038
20
-109.949776
11
230.3884749999999997
21
-110.2453779999999881
0
LINE
8
BLACK
6
CONTINUOUS
10
230.3884749999999997
20
-110.2453779999999881
11
230.2447269999999833
21
-110.5274999999999892
0
LINE
8
BLACK
6
CONTINUOUS
10
230.2447269999999833
20
-110.5274999999999892
11
230.072275999999988
21
-110.7930499999999938
0
LINE
8
BLACK
6
CONTINUOUS
10
230.072275999999988
20
-110.7930499999999938
11
229.8730129999999861
21
-111.0391199999999969
0
LINE
8
BLACK
6
CONTINUOUS
10
229.8730129999999861
20
-111.0391199999999969
11
229.6491199999999822
21
-111.2630130000000008
0
LINE
8
BLACK
6
CONTINUOUS
10
229.6491199999999822
20
-111.2630130000000008
11
229.403049999999979
21
-111.4622759999999886
0
LINE
8
BLACK
6
CONTINUOUS
10
229.403049999999979
20
-111.4622759999999886
11
229.1374999999999886
21
-111.634726999999998
0
LINE
8
BLACK
6
CONTINUOUS
10
229.1374999999999886
20
-111.634726999999998
11
228.8553780000000017
21
-111.7784750000000003
0
LINE
8
BLACK
6
CONTINUOUS
10
228.8553780000000017
20
-111.7784750000000003
11
228.5597759999999994
21
-111.8919459999999901
0
LINE
8
BLACK
6
CONTINUOUS
10
228.5597759999999994
20
-111.8919459999999901
11
228.2539329999999893
21
-111.9738959999999963
0
LINE
8
BLACK
6
CONTINUOUS
10
228.2539329999999893
20
-111.9738959999999963
11
227.9411989999999832
21
-112.023428999999993
0
LINE
8
BLACK
6
CONTINUOUS
10
227.9411989999999832
20
-112.023428999999993
11
227.625
21
-112.039999999999992
0
LINE
8
BLACK
6
CONTINUOUS
10
227.625
20
-112.039999999999992
11
194.6642499999999814
21
-112.039999999999992
0
LINE
8
BLACK
6
CONTINUOUS
10
194.6642499999999814
20
-112.039999999999992
11
194.6493889999999851
21
-112.0604539999999929
0
LINE
8
BLACK
6
CONTINUOUS
10
194.6493889999999851
20
-112.0604539999999929
11
194.6200000000000045
21
-112.0700029999999998
0
LINE
8
BLACK
6
CONTINUOUS
10
194.6200000000000045
20
-112.0700029999999998
11
194.6200000000000045
21
-112.0699749999999995
0
LINE
8
BLACK
6
CONTINUOUS
10
194.6200000000000045
20
-112.0699749999999995
11
194.5537860000000023
21
-112.0699749999999995
0
LINE
8
BLACK
6
CONTINUOUS
10
194.5537860000000023
20
-112.0699749999999995
11
194.4252050000000054
21
-112.1016679999999894
0
LINE
8
BLACK
6
CONTINUOUS
10
194.4252050000000054
20
-112.1016679999999894
11
194.3079449999999895
21
-112.1632099999999923
0
LINE
8
BLACK
6
CONTINUOUS
10
194.3079449999999895
20
-112.1632099999999923
11
194.2088210000000004
21
-112.2510269999999934
0
LINE
8
BLACK
6
CONTINUOUS
10
194.2088210000000004
20
-112.2510269999999934
11
194.133591999999993
21
-112.3600139999999925
0
LINE
8
BLACK
6
CONTINUOUS
10
194.133591999999993
20
-112.3600139999999925
11
194.0866329999999778
21
-112.4838369999999941
0
LINE
8
BLACK
6
CONTINUOUS
10
194.0866329999999778
20
-112.4838369999999941
11
194.0706699999999785
21
-112.6152999999999906
0
LINE
8
BLACK
6
CONTINUOUS
10
194.0706699999999785
20
-112.6152999999999906
11
194.0866329999999778
21
-112.7467630000000014
0
LINE
8
BLACK
6
CONTINUOUS
10
194.0866329999999778
20
-112.7467630000000014
11
194.133591999999993
21
-112.8705859999999888
0
LINE
8
BLACK
6
CONTINUOUS
10
194.133591999999993
20
-112.8705859999999888
11
194.2088210000000004
21
-112.9795729999999878
0
LINE
8
BLACK
6
CONTINUOUS
10
194.2088210000000004
20
-112.9795729999999878
11
194.3079449999999895
21
-113.067389999999989
0
LINE
8
BLACK
6
CONTINUOUS
10
194.3079449999999895
20
-113.067389999999989
11
194.4252050000000054
21
-113.1289319999999918
0
LINE
8
BLACK
6
CONTINUOUS
10
194.4252050000000054
20
-113.1289319999999918
11
194.5537860000000023
21
-113.160624999999996
0
LINE
8
BLACK
6
CONTINUOUS
10
194.5537860000000023
20
-113.160624999999996
11
194.6200000000000045
21
-113.160624999999996
0
LINE
8
BLACK
6
CONTINUOUS
10
194.6200000000000045
20
-113.160624999999996
11
214.463799999999992
21
-113.1606309999999951
0
LINE
8
BLACK
6
CONTINUOUS
10
214.463799999999992
20
-113.1606309999999951
11
214.761414000000002
21
-113.1789149999999893
0
LINE
8
BLACK
6
CONTINUOUS
10
214.761414000000002
20
-113.1789149999999893
11
215.0545510000000036
21
-113.2334929999999957
0
LINE
8
BLACK
6
CONTINUOUS
10
215.0545510000000036
20
-113.2334929999999957
11
215.3388029999999844
21
-113.3235439999999983
0
LINE
8
BLACK
6
CONTINUOUS
10
215.3388029999999844
20
-113.3235439999999983
11
215.609893999999997
21
-113.4477129999999931
0
LINE
8
BLACK
6
CONTINUOUS
10
215.609893999999997
20
-113.4477129999999931
11
215.8637459999999919
21
-113.6041329999999903
0
LINE
8
BLACK
6
CONTINUOUS
10
215.8637459999999919
20
-113.6041329999999903
11
216.0965419999999995
21
-113.7904499999999928
0
LINE
8
BLACK
6
CONTINUOUS
10
216.0965419999999995
20
-113.7904499999999928
11
216.3047799999999938
21
-114.0038629999999955
0
LINE
8
BLACK
6
CONTINUOUS
10
216.3047799999999938
20
-114.0038629999999955
11
216.4853279999999813
21
-114.2411619999999886
0
LINE
8
BLACK
6
CONTINUOUS
10
216.4853279999999813
20
-114.2411619999999886
11
216.635469999999998
21
-114.4987769999999898
0
LINE
8
BLACK
6
CONTINUOUS
10
216.635469999999998
20
-114.4987769999999898
11
216.7529480000000035
21
-114.7728339999999889
0
LINE
8
BLACK
6
CONTINUOUS
10
216.7529480000000035
20
-114.7728339999999889
11
216.8359949999999969
21
-115.0592109999999906
0
LINE
8
BLACK
6
CONTINUOUS
10
216.8359949999999969
20
-115.0592109999999906
11
216.8833619999999769
21
-115.3535989999999885
0
LINE
8
BLACK
6
CONTINUOUS
10
216.8833619999999769
20
-115.3535989999999885
11
216.8943369999999788
21
-115.6515720000000016
0
LINE
8
BLACK
6
CONTINUOUS
10
216.8943369999999788
20
-115.6515720000000016
11
216.8687529999999981
21
-115.948646999999994
0
LINE
8
BLACK
6
CONTINUOUS
10
216.8687529999999981
20
-115.948646999999994
11
216.8069969999999955
21
-116.2403569999999888
0
LINE
8
BLACK
6
CONTINUOUS
10
216.8069969999999955
20
-116.2403569999999888
11
216.7099969999999871
21
-116.5223129999999969
0
LINE
8
BLACK
6
CONTINUOUS
10
216.7099969999999871
20
-116.5223129999999969
11
216.5792119999999841
21
-116.7902739999999966
0
LINE
8
BLACK
6
CONTINUOUS
10
216.5792119999999841
20
-116.7902739999999966
11
216.416608999999994
21
-117.0402109999999993
0
LINE
8
BLACK
6
CONTINUOUS
10
216.416608999999994
20
-117.0402109999999993
11
216.2246339999999805
21
-117.2683639999999912
0
LINE
8
BLACK
6
CONTINUOUS
10
216.2246339999999805
20
-117.2683639999999912
11
216.0061739999999872
21
-117.4713019999999943
0
LINE
8
BLACK
6
CONTINUOUS
10
216.0061739999999872
20
-117.4713019999999943
11
215.7645159999999862
21
-117.6459709999999887
0
LINE
8
BLACK
6
CONTINUOUS
10
215.7645159999999862
20
-117.6459709999999887
11
215.5032929999999851
21
-117.7897449999999964
0
LINE
8
BLACK
6
CONTINUOUS
10
215.5032929999999851
20
-117.7897449999999964
11
215.2264349999999808
21
-117.9004619999999903
0
LINE
8
BLACK
6
CONTINUOUS
10
215.2264349999999808
20
-117.9004619999999903
11
214.9381070000000022
21
-117.9764550000000014
0
LINE
8
BLACK
6
CONTINUOUS
10
214.9381070000000022
20
-117.9764550000000014
11
214.6426449999999875
21
-118.0165819999999997
0
LINE
8
BLACK
6
CONTINUOUS
10
214.6426449999999875
20
-118.0165819999999997
11
214.3444920000000025
21
-118.0202400000000011
0
LINE
8
BLACK
6
CONTINUOUS
10
214.3444920000000025
20
-118.0202400000000011
11
214.0481339999999761
21
-117.987372999999991
0
LINE
8
BLACK
6
CONTINUOUS
10
214.0481339999999761
20
-117.987372999999991
11
213.7580279999999959
21
-117.9184759999999983
0
LINE
8
BLACK
6
CONTINUOUS
10
213.7580279999999959
20
-117.9184759999999983
11
213.4785379999999861
21
-117.8145849999999939
0
LINE
8
BLACK
6
CONTINUOUS
10
213.4785379999999861
20
-117.8145849999999939
11
213.2138669999999934
21
-117.6772619999999989
0
LINE
8
BLACK
6
CONTINUOUS
10
213.2138669999999934
20
-117.6772619999999989
11
212.9679959999999994
21
-117.5085739999999959
0
LINE
8
BLACK
6
CONTINUOUS
10
212.9679959999999994
20
-117.5085739999999959
11
212.7446239999999875
21
-117.311056999999991
0
LINE
8
BLACK
6
CONTINUOUS
10
212.7446239999999875
20
-117.311056999999991
11
212.7446459999999888
21
-117.3110339999999923
0
LINE
8
BLACK
6
CONTINUOUS
10
212.7446459999999888
20
-117.3110339999999923
11
212.7446439999999939
21
-117.3110309999999998
0
LINE
8
BLACK
6
CONTINUOUS
10
212.7446439999999939
20
-117.3110309999999998
11
211.9180709999999976
21
-116.4844579999999894
0
LINE
8
BLACK
6
CONTINUOUS
10
211.9180709999999976
20
-116.4844579999999894
11
211.9180369999999982
21
-116.4844069999999903
0
LINE
8
BLACK
6
CONTINUOUS
10
211.9180369999999982
20
-116.4844069999999903
11
211.8241339999999866
21
-116.3944609999999926
0
LINE
8
BLACK
6
CONTINUOUS
10
211.8241339999999866
20
-116.3944609999999926
11
211.6130749999999807
21
-116.2385790000000014
0
LINE
8
BLACK
6
CONTINUOUS
10
211.6130749999999807
20
-116.2385790000000014
11
211.3839429999999879
21
-116.1107379999999978
0
LINE
8
BLACK
6
CONTINUOUS
10
211.3839429999999879
20
-116.1107379999999978
11
211.1404409999999814
21
-116.0130059999999901
0
LINE
8
BLACK
6
CONTINUOUS
10
211.1404409999999814
20
-116.0130059999999901
11
210.8865059999999971
21
-115.9469619999999992
0
LINE
8
BLACK
6
CONTINUOUS
10
210.8865059999999971
20
-115.9469619999999992
11
210.6262429999999881
21
-115.9136740000000003
0
LINE
8
BLACK
6
CONTINUOUS
10
210.6262429999999881
20
-115.9136740000000003
11
210.4950509999999895
21
-115.9137429999999966
0
LINE
8
BLACK
6
CONTINUOUS
10
210.4950509999999895
20
-115.9137429999999966
11
210.4950460000000021
21
-115.9137410000000017
0
LINE
8
BLACK
6
CONTINUOUS
10
210.4950460000000021
20
-115.9137410000000017
11
210.4950399999999888
21
-115.9137429999999966
0
LINE
8
BLACK
6
CONTINUOUS
10
210.4950399999999888
20
-115.9137429999999966
11
193.4570449999999937
21
-115.9137429999999966
0
LINE
8
BLACK
6
CONTINUOUS
10
193.4570449999999937
20
-115.9137429999999966
11
193.4570439999999962
21
-115.9137419999999992
0
LINE
8
BLACK
6
CONTINUOUS
10
193.4570439999999962
20
-115.9137419999999992
11
193.4570439999999962
21
-115.9137429999999966
0
LINE
8
BLACK
6
CONTINUOUS
10
193.4570439999999962
20
-115.9137429999999966
11
193.1626159999999857
21
-115.8972019999999929
0
LINE
8
BLACK
6
CONTINUOUS
10
193.1626159999999857
20
-115.8972019999999929
11
192.8718899999999792
21
-115.8478009999999898
0
LINE
8
BLACK
6
CONTINUOUS
10
192.8718899999999792
20
-115.8478009999999898
11
192.5885239999999783
21
-115.7661609999999968
0
LINE
8
BLACK
6
CONTINUOUS
10
192.5885239999999783
20
-115.7661609999999968
11
192.3160799999999995
21
-115.6533079999999956
0
LINE
8
BLACK
6
CONTINUOUS
10
192.3160799999999995
20
-115.6533079999999956
11
192.0579840000000047
21
-115.5106619999999964
0
LINE
8
BLACK
6
CONTINUOUS
10
192.0579840000000047
20
-115.5106619999999964
11
191.8174819999999841
21
-115.340014999999994
0
LINE
8
BLACK
6
CONTINUOUS
10
191.8174819999999841
20
-115.340014999999994
11
191.5976599999999905
21
-115.1435709999999943
0
LINE
8
BLACK
6
CONTINUOUS
10
191.5976599999999905
20
-115.1435709999999943
11
191.5975889999999993
21
-115.1435239999999993
0
LINE
8
BLACK
6
CONTINUOUS
10
191.5975889999999993
20
-115.1435239999999993
11
189.2649969999999939
21
-112.8109309999999965
0
LINE
8
BLACK
6
CONTINUOUS
10
189.2649969999999939
20
-112.8109309999999965
11
189.264994999999999
21
-112.810929999999999
0
LINE
8
BLACK
6
CONTINUOUS
10
189.264994999999999
20
-112.810929999999999
11
189.2649809999999775
21
-112.8109449999999896
0
LINE
8
BLACK
6
CONTINUOUS
10
189.2649809999999775
20
-112.8109449999999896
11
189.16452799999999
21
-112.710489999999993
0
LINE
8
BLACK
6
CONTINUOUS
10
189.16452799999999
20
-112.710489999999993
11
188.9423919999999839
21
-112.533338999999998
0
LINE
8
BLACK
6
CONTINUOUS
10
188.9423919999999839
20
-112.533338999999998
11
188.7018170000000055
21
-112.3821729999999945
0
LINE
8
BLACK
6
CONTINUOUS
10
188.7018170000000055
20
-112.3821729999999945
11
188.4458309999999983
21
-112.2588919999999888
0
LINE
8
BLACK
6
CONTINUOUS
10
188.4458309999999983
20
-112.2588919999999888
11
188.1776509999999973
21
-112.1650479999999988
0
LINE
8
BLACK
6
CONTINUOUS
10
188.1776509999999973
20
-112.1650479999999988
11
187.9006499999999846
21
-112.1018199999999894
0
LINE
8
BLACK
6
CONTINUOUS
10
187.9006499999999846
20
-112.1018199999999894
11
187.6183120000000031
21
-112.0700029999999998
0
LINE
8
BLACK
6
CONTINUOUS
10
187.6183120000000031
20
-112.0700029999999998
11
187.4762489999999957
21
-112.0699999999999932
0
LINE
8
BLACK
6
CONTINUOUS
10
187.4762489999999957
20
-112.0699999999999932
11
187.4468599999999867
21
-112.0604499999999888
0
LINE
8
BLACK
6
CONTINUOUS
10
187.4468599999999867
20
-112.0604499999999888
11
187.4356279999999799
21
-112.0449899999999985
0
LINE
8
BLACK
6
CONTINUOUS
10
187.4356279999999799
20
-112.0449899999999985
11
149.6806080000000065
21
-112.0350119999999947
0
LINE
8
BLACK
6
CONTINUOUS
10
149.6806080000000065
20
-112.0350119999999947
11
149.6693889999999953
21
-112.050454000000002
0
LINE
8
BLACK
6
CONTINUOUS
10
149.6693889999999953
20
-112.050454000000002
11
149.6399999999999864
21
-112.0600029999999947
0
LINE
8
BLACK
6
CONTINUOUS
10
149.6399999999999864
20
-112.0600029999999947
11
149.6399999999999864
21
-112.0599749999999943
0
LINE
8
BLACK
6
CONTINUOUS
10
149.6399999999999864
20
-112.0599749999999943
11
149.5737859999999841
21
-112.0599749999999943
0
LINE
8
BLACK
6
CONTINUOUS
10
149.5737859999999841
20
-112.0599749999999943
11
149.4452049999999872
21
-112.0916679999999985
0
LINE
8
BLACK
6
CONTINUOUS
10
149.4452049999999872
20
-112.0916679999999985
11
149.3279449999999997
21
-112.1532100000000014
0
LINE
8
BLACK
6
CONTINUOUS
10
149.3279449999999997
20
-112.1532100000000014
11
149.2288209999999822
21
-112.2410269999999883
0
LINE
8
BLACK
6
CONTINUOUS
10
149.2288209999999822
20
-112.2410269999999883
11
149.1535920000000033
21
-112.3500140000000016
0
LINE
8
BLACK
6
CONTINUOUS
10
149.1535920000000033
20
-112.3500140000000016
11
149.106632999999988
21
-112.473836999999989
0
LINE
8
BLACK
6
CONTINUOUS
10
149.106632999999988
20
-112.473836999999989
11
149.0906699999999887
21
-112.6052999999999997
0
LINE
8
BLACK
6
CONTINUOUS
10
149.0906699999999887
20
-112.6052999999999997
11
149.106632999999988
21
-112.7367629999999963
0
LINE
8
BLACK
6
CONTINUOUS
10
149.106632999999988
20
-112.7367629999999963
11
149.1535920000000033
21
-112.8605859999999979
0
LINE
8
BLACK
6
CONTINUOUS
10
149.1535920000000033
20
-112.8605859999999979
11
149.2288209999999822
21
-112.9695729999999969
0
LINE
8
BLACK
6
CONTINUOUS
10
149.2288209999999822
20
-112.9695729999999969
11
149.3279449999999997
21
-113.0573899999999981
0
LINE
8
BLACK
6
CONTINUOUS
10
149.3279449999999997
20
-113.0573899999999981
11
149.4452049999999872
21
-113.1189320000000009
0
LINE
8
BLACK
6
CONTINUOUS
10
149.4452049999999872
20
-113.1189320000000009
11
149.5737859999999841
21
-113.1506249999999909
0
LINE
8
BLACK
6
CONTINUOUS
10
149.5737859999999841
20
-113.1506249999999909
11
149.6399999999999864
21
-113.1506249999999909
0
LINE
8
BLACK
6
CONTINUOUS
10
149.6399999999999864
20
-113.1506249999999909
11
169.4838000000000022
21
-113.15063099999999
0
LINE
8
BLACK
6
CONTINUOUS
10
169.4838000000000022
20
-113.15063099999999
11
169.7814139999999838
21
-113.1689149999999984
0
LINE
8
BLACK
6
CONTINUOUS
10
169.7814139999999838
20
-113.1689149999999984
11
170.0745509999999854
21
-113.2234929999999906
0
LINE
8
BLACK
6
CONTINUOUS
10
170.0745509999999854
20
-113.2234929999999906
11
170.3588029999999947
21
-113.3135439999999932
0
LINE
8
BLACK
6
CONTINUOUS
10
170.3588029999999947
20
-113.3135439999999932
11
170.6298939999999789
21
-113.437712999999988
0
LINE
8
BLACK
6
CONTINUOUS
10
170.6298939999999789
20
-113.437712999999988
11
170.8837460000000021
21
-113.5941329999999994
0
LINE
8
BLACK
6
CONTINUOUS
10
170.8837460000000021
20
-113.5941329999999994
11
171.1165419999999813
21
-113.7804500000000019
0
LINE
8
BLACK
6
CONTINUOUS
10
171.1165419999999813
20
-113.7804500000000019
11
171.3247800000000041
21
-113.9938629999999904
0
LINE
8
BLACK
6
CONTINUOUS
10
171.3247800000000041
20
-113.9938629999999904
11
171.5053279999999916
21
-114.2311619999999976
0
LINE
8
BLACK
6
CONTINUOUS
10
171.5053279999999916
20
-114.2311619999999976
11
171.6554699999999798
21
-114.4887769999999989
0
LINE
8
BLACK
6
CONTINUOUS
10
171.6554699999999798
20
-114.4887769999999989
11
171.7729479999999853
21
-114.762833999999998
0
LINE
8
BLACK
6
CONTINUOUS
10
171.7729479999999853
20
-114.762833999999998
11
171.8559949999999787
21
-115.0492109999999997
0
LINE
8
BLACK
6
CONTINUOUS
10
171.8559949999999787
20
-115.0492109999999997
11
171.9033619999999871
21
-115.3435989999999975
0
LINE
8
BLACK
6
CONTINUOUS
10
171.9033619999999871
20
-115.3435989999999975
11
171.9143369999999891
21
-115.6415719999999965
0
LINE
8
BLACK
6
CONTINUOUS
10
171.9143369999999891
20
-115.6415719999999965
11
171.8887529999999799
21
-115.9386469999999889
0
LINE
8
BLACK
6
CONTINUOUS
10
171.8887529999999799
20
-115.9386469999999889
11
171.8269970000000058
21
-116.2303569999999979
0
LINE
8
BLACK
6
CONTINUOUS
10
171.8269970000000058
20
-116.2303569999999979
11
171.7299969999999973
21
-116.5123129999999918
0
LINE
8
BLACK
6
CONTINUOUS
10
171.7299969999999973
20
-116.5123129999999918
11
171.5992119999999943
21
-116.7802739999999915
0
LINE
8
BLACK
6
CONTINUOUS
10
171.5992119999999943
20
-116.7802739999999915
11
171.4366090000000042
21
-117.0302109999999942
0
LINE
8
BLACK
6
CONTINUOUS
10
171.4366090000000042
20
-117.0302109999999942
11
171.2446339999999907
21
-117.2583640000000003
0
LINE
8
BLACK
6
CONTINUOUS
10
171.2446339999999907
20
-117.2583640000000003
11
171.0261739999999975
21
-117.4613019999999892
0
LINE
8
BLACK
6
CONTINUOUS
10
171.0261739999999975
20
-117.4613019999999892
11
170.7845159999999964
21
-117.6359709999999978
0
LINE
8
BLACK
6
CONTINUOUS
10
170.7845159999999964
20
-117.6359709999999978
11
170.5232929999999953
21
-117.7797449999999913
0
LINE
8
BLACK
6
CONTINUOUS
10
170.5232929999999953
20
-117.7797449999999913
11
170.2464349999999911
21
-117.8904619999999994
0
LINE
8
BLACK
6
CONTINUOUS
10
170.2464349999999911
20
-117.8904619999999994
11
169.9581069999999841
21
-117.9664549999999963
0
LINE
8
BLACK
6
CONTINUOUS
10
169.9581069999999841
20
-117.9664549999999963
11
169.6626449999999977
21
-118.0065819999999945
0
LINE
8
BLACK
6
CONTINUOUS
10
169.6626449999999977
20
-118.0065819999999945
11
169.3644919999999843
21
-118.010239999999996
0
LINE
8
BLACK
6
CONTINUOUS
10
169.3644919999999843
20
-118.010239999999996
11
169.0681339999999864
21
-117.977373
0
LINE
8
BLACK
6
CONTINUOUS
10
169.0681339999999864
20
-117.977373
11
168.7780280000000062
21
-117.9084759999999932
0
LINE
8
BLACK
6
CONTINUOUS
10
168.7780280000000062
20
-117.9084759999999932
11
168.4985379999999964
21
-117.8045849999999888
0
LINE
8
BLACK
6
CONTINUOUS
10
168.4985379999999964
20
-117.8045849999999888
11
168.2338670000000036
21
-117.6672619999999938
0
LINE
8
BLACK
6
CONTINUOUS
10
168.2338670000000036
20
-117.6672619999999938
11
167.9879959999999812
21
-117.4985739999999907
0
LINE
8
BLACK
6
CONTINUOUS
10
167.9879959999999812
20
-117.4985739999999907
11
167.7646239999999977
21
-117.3010570000000001
0
LINE
8
BLACK
6
CONTINUOUS
10
167.7646239999999977
20
-117.3010570000000001
11
167.764645999999999
21
-117.3010340000000014
0
LINE
8
BLACK
6
CONTINUOUS
10
167.764645999999999
20
-117.3010340000000014
11
167.7646440000000041
21
-117.3010309999999947
0
LINE
8
BLACK
6
CONTINUOUS
10
167.7646440000000041
20
-117.3010309999999947
11
166.9380709999999794
21
-116.4744579999999985
0
LINE
8
BLACK
6
CONTINUOUS
10
166.9380709999999794
20
-116.4744579999999985
11
166.93803699999998
21
-116.4744069999999994
0
LINE
8
BLACK
6
CONTINUOUS
10
166.93803699999998
20
-116.4744069999999994
11
166.8441339999999968
21
-116.3844610000000017
0
LINE
8
BLACK
6
CONTINUOUS
10
166.8441339999999968
20
-116.3844610000000017
11
166.633074999999991
21
-116.2285789999999963
0
LINE
8
BLACK
6
CONTINUOUS
10
166.633074999999991
20
-116.2285789999999963
11
166.4039429999999982
21
-116.1007379999999927
0
LINE
8
BLACK
6
CONTINUOUS
10
166.4039429999999982
20
-116.1007379999999927
11
166.1604409999999916
21
-116.0030059999999992
0
LINE
8
BLACK
6
CONTINUOUS
10
166.1604409999999916
20
-116.0030059999999992
11
165.9065059999999789
21
-115.9369619999999941
0
LINE
8
BLACK
6
CONTINUOUS
10
165.9065059999999789
20
-115.9369619999999941
11
165.6462429999999983
21
-115.9036739999999952
0
LINE
8
BLACK
6
CONTINUOUS
10
165.6462429999999983
20
-115.9036739999999952
11
165.5150509999999997
21
-115.9037429999999915
0
LINE
8
BLACK
6
CONTINUOUS
10
165.5150509999999997
20
-115.9037429999999915
11
165.5150459999999839
21
-115.9037409999999966
0
LINE
8
BLACK
6
CONTINUOUS
10
165.5150459999999839
20
-115.9037409999999966
11
165.5150399999999991
21
-115.9037429999999915
0
LINE
8
BLACK
6
CONTINUOUS
10
165.5150399999999991
20
-115.9037429999999915
11
148.4770450000000039
21
-115.9037429999999915
0
LINE
8
BLACK
6
CONTINUOUS
10
148.4770450000000039
20
-115.9037429999999915
11
148.4770440000000065
21
-115.9037419999999941
0
LINE
8
BLACK
6
CONTINUOUS
10
148.4770440000000065
20
-115.9037419999999941
11
148.4770440000000065
21
-115.9037429999999915
0
LINE
8
BLACK
6
CONTINUOUS
10
148.4770440000000065
20
-115.9037429999999915
11
148.1826159999999959
21
-115.8872019999999878
0
LINE
8
BLACK
6
CONTINUOUS
10
148.1826159999999959
20
-115.8872019999999878
11
147.8918899999999894
21
-115.8378009999999989
0
LINE
8
BLACK
6
CONTINUOUS
10
147.8918899999999894
20
-115.8378009999999989
11
147.6085239999999885
21
-115.7561609999999916
0
LINE
8
BLACK
6
CONTINUOUS
10
147.6085239999999885
20
-115.7561609999999916
11
147.3360799999999813
21
-115.6433079999999904
0
LINE
8
BLACK
6
CONTINUOUS
10
147.3360799999999813
20
-115.6433079999999904
11
147.0779839999999865
21
-115.5006619999999913
0
LINE
8
BLACK
6
CONTINUOUS
10
147.0779839999999865
20
-115.5006619999999913
11
146.8374819999999943
21
-115.3300149999999888
0
LINE
8
BLACK
6
CONTINUOUS
10
146.8374819999999943
20
-115.3300149999999888
11
146.6176600000000008
21
-115.1335709999999892
0
LINE
8
BLACK
6
CONTINUOUS
10
146.6176600000000008
20
-115.1335709999999892
11
146.6175889999999811
21
-115.1335239999999942
0
LINE
8
BLACK
6
CONTINUOUS
10
146.6175889999999811
20
-115.1335239999999942
11
144.2849970000000042
21
-112.8009309999999914
0
LINE
8
BLACK
6
CONTINUOUS
10
144.2849970000000042
20
-112.8009309999999914
11
144.2849949999999808
21
-112.8009299999999939
0
LINE
8
BLACK
6
CONTINUOUS
10
144.2849949999999808
20
-112.8009299999999939
11
144.2849809999999877
21
-112.8009449999999987
0
LINE
8
BLACK
6
CONTINUOUS
10
144.2849809999999877
20
-112.8009449999999987
11
144.1845280000000002
21
-112.7004899999999878
0
LINE
8
BLACK
6
CONTINUOUS
10
144.1845280000000002
20
-112.7004899999999878
11
143.9623919999999941
21
-112.5233389999999929
0
LINE
8
BLACK
6
CONTINUOUS
10
143.9623919999999941
20
-112.5233389999999929
11
143.7218169999999873
21
-112.3721729999999894
0
LINE
8
BLACK
6
CONTINUOUS
10
143.7218169999999873
20
-112.3721729999999894
11
143.4658309999999801
21
-112.2488919999999979
0
LINE
8
BLACK
6
CONTINUOUS
10
143.4658309999999801
20
-112.2488919999999979
11
143.1976510000000076
21
-112.1550479999999936
0
LINE
8
BLACK
6
CONTINUOUS
10
143.1976510000000076
20
-112.1550479999999936
11
142.9206499999999949
21
-112.0918199999999985
0
LINE
8
BLACK
6
CONTINUOUS
10
142.9206499999999949
20
-112.0918199999999985
11
142.6383119999999849
21
-112.0600029999999947
0
LINE
8
BLACK
6
CONTINUOUS
10
142.6383119999999849
20
-112.0600029999999947
11
142.4962490000000059
21
-112.0599999999999881
0
LINE
8
BLACK
6
CONTINUOUS
10
142.4962490000000059
20
-112.0599999999999881
11
142.4668599999999969
21
-112.0504499999999979
0
LINE
8
BLACK
6
CONTINUOUS
10
142.4668599999999969
20
-112.0504499999999979
11
142.4556350000000009
21
-112.0349989999999991
0
LINE
8
BLACK
6
CONTINUOUS
10
142.4556350000000009
20
-112.0349989999999991
11
111.8443769999999944
21
-112.0349789999999928
0
LINE
8
BLACK
6
CONTINUOUS
10
111.8443769999999944
20
-112.0349789999999928
11
111.8331400000000002
21
-112.0504469999999912
0
LINE
8
BLACK
6
CONTINUOUS
10
111.8331400000000002
20
-112.0504469999999912
11
111.8037509999999912
21
-112.0599969999999956
0
LINE
8
BLACK
6
CONTINUOUS
10
111.8037509999999912
20
-112.0599969999999956
11
111.8037509999999912
21
-112.059978000000001
0
LINE
8
BLACK
6
CONTINUOUS
10
111.8037509999999912
20
-112.059978000000001
11
111.6616870000000006
21
-112.0599809999999934
0
LINE
8
BLACK
6
CONTINUOUS
10
111.6616870000000006
20
-112.0599809999999934
11
111.3793469999999957
21
-112.0917979999999972
0
LINE
8
BLACK
6
CONTINUOUS
10
111.3793469999999957
20
-112.0917979999999972
11
111.102343999999988
21
-112.1550259999999923
0
LINE
8
BLACK
6
CONTINUOUS
10
111.102343999999988
20
-112.1550259999999923
11
110.8341619999999921
21
-112.2488709999999941
0
LINE
8
BLACK
6
CONTINUOUS
10
110.8341619999999921
20
-112.2488709999999941
11
110.5781729999999925
21
-112.3721529999999973
0
LINE
8
BLACK
6
CONTINUOUS
10
110.5781729999999925
20
-112.3721529999999973
11
110.3375969999999882
21
-112.5233199999999982
0
LINE
8
BLACK
6
CONTINUOUS
10
110.3375969999999882
20
-112.5233199999999982
11
110.1154590000000013
21
-112.7004729999999881
0
LINE
8
BLACK
6
CONTINUOUS
10
110.1154590000000013
20
-112.7004729999999881
11
110.0150049999999879
21
-112.800927999999999
0
LINE
8
BLACK
6
CONTINUOUS
10
110.0150049999999879
20
-112.800927999999999
11
110.0150049999999879
21
-112.8009270000000015
0
LINE
8
BLACK
6
CONTINUOUS
10
110.0150049999999879
20
-112.8009270000000015
11
107.6824110000000019
21
-115.1335199999999901
0
LINE
8
BLACK
6
CONTINUOUS
10
107.6824110000000019
20
-115.1335199999999901
11
107.4625249999999994
21
-115.3300209999999879
0
LINE
8
BLACK
6
CONTINUOUS
10
107.4625249999999994
20
-115.3300209999999879
11
107.2220219999999955
21
-115.5006689999999878
0
LINE
8
BLACK
6
CONTINUOUS
10
107.2220219999999955
20
-115.5006689999999878
11
106.963924999999989
21
-115.6433159999999987
0
LINE
8
BLACK
6
CONTINUOUS
10
106.963924999999989
20
-115.6433159999999987
11
106.6914799999999985
21
-115.7561689999999999
0
LINE
8
BLACK
6
CONTINUOUS
10
106.6914799999999985
20
-115.7561689999999999
11
106.4081119999999885
21
-115.8378099999999904
0
LINE
8
BLACK
6
CONTINUOUS
10
106.4081119999999885
20
-115.8378099999999904
11
106.1173859999999962
21
-115.8872109999999935
0
LINE
8
BLACK
6
CONTINUOUS
10
106.1173859999999962
20
-115.8872109999999935
11
105.8229559999999907
21
-115.9037519999999972
0
LINE
8
BLACK
6
CONTINUOUS
10
105.8229559999999907
20
-115.9037519999999972
11
105.8229559999999907
21
-115.9037399999999991
0
LINE
8
BLACK
6
CONTINUOUS
10
105.8229559999999907
20
-115.9037399999999991
11
105.8229549999999932
21
-115.9037390000000016
0
LINE
8
BLACK
6
CONTINUOUS
10
105.8229549999999932
20
-115.9037390000000016
11
105.8229549999999932
21
-115.9037399999999991
0
LINE
8
BLACK
6
CONTINUOUS
10
105.8229549999999932
20
-115.9037399999999991
11
88.7849599999999981
21
-115.9037399999999991
0
LINE
8
BLACK
6
CONTINUOUS
10
88.7849599999999981
20
-115.9037399999999991
11
88.7849530000000016
21
-115.9037379999999899
0
LINE
8
BLACK
6
CONTINUOUS
10
88.7849530000000016
20
-115.9037379999999899
11
88.7849489999999975
21
-115.9037399999999991
0
LINE
8
BLACK
6
CONTINUOUS
10
88.7849489999999975
20
-115.9037399999999991
11
88.7849489999999975
21
-115.9037679999999995
0
LINE
8
BLACK
6
CONTINUOUS
10
88.7849489999999975
20
-115.9037679999999995
11
88.6537589999999938
21
-115.9036989999999889
0
LINE
8
BLACK
6
CONTINUOUS
10
88.6537589999999938
20
-115.9036989999999889
11
88.3935000000000031
21
-115.9369869999999878
0
LINE
8
BLACK
6
CONTINUOUS
10
88.3935000000000031
20
-115.9369869999999878
11
88.139567999999997
21
-116.0030299999999954
0
LINE
8
BLACK
6
CONTINUOUS
10
88.139567999999997
20
-116.0030299999999954
11
87.8960689999999971
21
-116.100759999999994
0
LINE
8
BLACK
6
CONTINUOUS
10
87.8960689999999971
20
-116.100759999999994
11
87.6669389999999993
21
-116.2285989999999885
0
LINE
8
BLACK
6
CONTINUOUS
10
87.6669389999999993
20
-116.2285989999999885
11
87.4558839999999975
21
-116.3844789999999989
0
LINE
8
BLACK
6
CONTINUOUS
10
87.4558839999999975
20
-116.3844789999999989
11
87.3614519999999999
21
-116.474930999999998
0
LINE
8
BLACK
6
CONTINUOUS
10
87.3614519999999999
20
-116.474930999999998
11
86.5353549999999956
21
-117.3010279999999881
0
LINE
8
BLACK
6
CONTINUOUS
10
86.5353549999999956
20
-117.3010279999999881
11
86.5353539999999981
21
-117.3010309999999947
0
LINE
8
BLACK
6
CONTINUOUS
10
86.5353539999999981
20
-117.3010309999999947
11
86.5353530000000006
21
-117.3010309999999947
0
LINE
8
BLACK
6
CONTINUOUS
10
86.5353530000000006
20
-117.3010309999999947
11
86.3119839999999954
21
-117.4985449999999929
0
LINE
8
BLACK
6
CONTINUOUS
10
86.3119839999999954
20
-117.4985449999999929
11
86.0661169999999913
21
-117.667231000000001
0
LINE
8
BLACK
6
CONTINUOUS
10
86.0661169999999913
20
-117.667231000000001
11
85.8014500000000027
21
-117.804552000000001
0
LINE
8
BLACK
6
CONTINUOUS
10
85.8014500000000027
20
-117.804552000000001
11
85.5219629999999995
21
-117.9084419999999938
0
LINE
8
BLACK
6
CONTINUOUS
10
85.5219629999999995
20
-117.9084419999999938
11
85.2318619999999925
21
-117.9773379999999889
0
LINE
8
BLACK
6
CONTINUOUS
10
85.2318619999999925
20
-117.9773379999999889
11
84.9355079999999987
21
-118.0102049999999991
0
LINE
8
BLACK
6
CONTINUOUS
10
84.9355079999999987
20
-118.0102049999999991
11
84.637360000000001
21
-118.0065469999999976
0
LINE
8
BLACK
6
CONTINUOUS
10
84.637360000000001
20
-118.0065469999999976
11
84.3419009999999929
21
-117.9664209999999969
0
LINE
8
BLACK
6
CONTINUOUS
10
84.3419009999999929
20
-117.9664209999999969
11
84.05357699999999
21
-117.8904289999999975
0
LINE
8
BLACK
6
CONTINUOUS
10
84.05357699999999
20
-117.8904289999999975
11
83.7767229999999898
21
-117.7797139999999985
0
LINE
8
BLACK
6
CONTINUOUS
10
83.7767229999999898
20
-117.7797139999999985
11
83.5155039999999929
21
-117.635942
0
LINE
8
BLACK
6
CONTINUOUS
10
83.5155039999999929
20
-117.635942
11
83.2738489999999985
21
-117.461275999999998
0
LINE
8
BLACK
6
CONTINUOUS
10
83.2738489999999985
20
-117.461275999999998
11
83.0553919999999977
21
-117.2583410000000015
0
LINE
8
BLACK
6
CONTINUOUS
10
83.0553919999999977
20
-117.2583410000000015
11
82.8634199999999908
21
-117.0301919999999996
0
LINE
8
BLACK
6
CONTINUOUS
10
82.8634199999999908
20
-117.0301919999999996
11
82.7008189999999956
21
-116.7802579999999892
0
LINE
8
BLACK
6
CONTINUOUS
10
82.7008189999999956
20
-116.7802579999999892
11
82.5700360000000018
21
-116.5122999999999962
0
LINE
8
BLACK
6
CONTINUOUS
10
82.5700360000000018
20
-116.5122999999999962
11
82.4730369999999908
21
-116.2303479999999922
0
LINE
8
BLACK
6
CONTINUOUS
10
82.4730369999999908
20
-116.2303479999999922
11
82.4112810000000025
21
-115.938642999999999
0
LINE
8
BLACK
6
CONTINUOUS
10
82.4112810000000025
20
-115.938642999999999
11
82.3856979999999908
21
-115.6415719999999965
0
LINE
8
BLACK
6
CONTINUOUS
10
82.3856979999999908
20
-115.6415719999999965
11
82.3966719999999953
21
-115.3436030000000017
0
LINE
8
BLACK
6
CONTINUOUS
10
82.3966719999999953
20
-115.3436030000000017
11
82.4440389999999894
21
-115.0492189999999937
0
LINE
8
BLACK
6
CONTINUOUS
10
82.4440389999999894
20
-115.0492189999999937
11
82.5270840000000021
21
-114.7628469999999936
0
LINE
8
BLACK
6
CONTINUOUS
10
82.5270840000000021
20
-114.7628469999999936
11
82.6445609999999959
21
-114.4887939999999986
0
LINE
8
BLACK
6
CONTINUOUS
10
82.6445609999999959
20
-114.4887939999999986
11
82.7947009999999892
21
-114.2311819999999898
0
LINE
8
BLACK
6
CONTINUOUS
10
82.7947009999999892
20
-114.2311819999999898
11
82.9752459999999985
21
-113.9938870000000009
0
LINE
8
BLACK
6
CONTINUOUS
10
82.9752459999999985
20
-113.9938870000000009
11
83.1834810000000004
21
-113.7804759999999931
0
LINE
8
BLACK
6
CONTINUOUS
10
83.1834810000000004
20
-113.7804759999999931
11
83.4162740000000014
21
-113.5941609999999997
0
LINE
8
BLACK
6
CONTINUOUS
10
83.4162740000000014
20
-113.5941609999999997
11
83.6701219999999921
21
-113.437743999999995
0
LINE
8
BLACK
6
CONTINUOUS
10
83.6701219999999921
20
-113.437743999999995
11
83.9412099999999981
21
-113.3135769999999951
0
LINE
8
BLACK
6
CONTINUOUS
10
83.9412099999999981
20
-113.3135769999999951
11
84.2254569999999916
21
-113.22352699999999
0
LINE
8
BLACK
6
CONTINUOUS
10
84.2254569999999916
20
-113.22352699999999
11
84.5185910000000007
21
-113.1689499999999953
0
LINE
8
BLACK
6
CONTINUOUS
10
84.5185910000000007
20
-113.1689499999999953
11
84.815922999999998
21
-113.1506819999999891
0
LINE
8
BLACK
6
CONTINUOUS
10
84.815922999999998
20
-113.1506819999999891
11
84.8161999999999949
21
-113.1506279999999975
0
LINE
8
BLACK
6
CONTINUOUS
10
84.8161999999999949
20
-113.1506279999999975
11
104.6599999999999966
21
-113.1506219999999985
0
LINE
8
BLACK
6
CONTINUOUS
10
104.6599999999999966
20
-113.1506219999999985
11
104.6599999999999966
21
-113.1505999999999972
0
LINE
8
BLACK
6
CONTINUOUS
10
104.6599999999999966
20
-113.1505999999999972
11
104.7262109999999922
21
-113.1505999999999972
0
LINE
8
BLACK
6
CONTINUOUS
10
104.7262109999999922
20
-113.1505999999999972
11
104.8547859999999901
21
-113.1189089999999879
0
LINE
8
BLACK
6
CONTINUOUS
10
104.8547859999999901
20
-113.1189089999999879
11
104.9720409999999902
21
-113.0573689999999942
0
LINE
8
BLACK
6
CONTINUOUS
10
104.9720409999999902
20
-113.0573689999999942
11
105.0711609999999894
21
-112.9695569999999947
0
LINE
8
BLACK
6
CONTINUOUS
10
105.0711609999999894
20
-112.9695569999999947
11
105.1463849999999951
21
-112.8605749999999972
0
LINE
8
BLACK
6
CONTINUOUS
10
105.1463849999999951
20
-112.8605749999999972
11
105.1933429999999987
21
-112.7367569999999972
0
LINE
8
BLACK
6
CONTINUOUS
10
105.1933429999999987
20
-112.7367569999999972
11
105.2093050000000005
21
-112.6052999999999997
0
LINE
8
BLACK
6
CONTINUOUS
10
105.2093050000000005
20
-112.6052999999999997
11
105.1933429999999987
21
-112.473842999999988
0
LINE
8
BLACK
6
CONTINUOUS
10
105.1933429999999987
20
-112.473842999999988
11
105.1463849999999951
21
-112.350024999999988
0
LINE
8
BLACK
6
CONTINUOUS
10
105.1463849999999951
20
-112.350024999999988
11
105.0711609999999894
21
-112.2410429999999906
0
LINE
8
BLACK
6
CONTINUOUS
10
105.0711609999999894
20
-112.2410429999999906
11
104.9720409999999902
21
-112.153230999999991
0
LINE
8
BLACK
6
CONTINUOUS
10
104.9720409999999902
20
-112.153230999999991
11
104.8547859999999901
21
-112.0916909999999973
0
LINE
8
BLACK
6
CONTINUOUS
10
104.8547859999999901
20
-112.0916909999999973
11
104.7262109999999922
21
-112.0599999999999881
0
LINE
8
BLACK
6
CONTINUOUS
10
104.7262109999999922
20
-112.0599999999999881
11
104.6599999999999966
21
-112.0599999999999881
0
LINE
8
BLACK
6
CONTINUOUS
10
104.6599999999999966
20
-112.0599999999999881
11
104.6306110000000018
21
-112.0504509999999954
0
LINE
8
BLACK
6
CONTINUOUS
10
104.6306110000000018
20
-112.0504509999999954
11
104.6193839999999966
21
-112.0349989999999991
0
LINE
8
BLACK
6
CONTINUOUS
10
104.6193839999999966
20
-112.0349989999999991
11
57.8143639999999976
21
-112.03499699999999
0
LINE
8
BLACK
6
CONTINUOUS
10
57.8143639999999976
20
-112.03499699999999
11
57.8031399999999991
21
-112.0504469999999912
0
LINE
8
BLACK
6
CONTINUOUS
10
57.8031399999999991
20
-112.0504469999999912
11
57.7737509999999972
21
-112.0599969999999956
0
LINE
8
BLACK
6
CONTINUOUS
10
57.7737509999999972
20
-112.0599969999999956
11
57.7737509999999972
21
-112.059978000000001
0
LINE
8
BLACK
6
CONTINUOUS
10
57.7737509999999972
20
-112.059978000000001
11
57.6316869999999994
21
-112.0599809999999934
0
LINE
8
BLACK
6
CONTINUOUS
10
57.6316869999999994
20
-112.0599809999999934
11
57.3493469999999945
21
-112.0917979999999972
0
LINE
8
BLACK
6
CONTINUOUS
10
57.3493469999999945
20
-112.0917979999999972
11
57.072343999999994
21
-112.1550259999999923
0
LINE
8
BLACK
6
CONTINUOUS
10
57.072343999999994
20
-112.1550259999999923
11
56.804161999999998
21
-112.2488709999999941
0
LINE
8
BLACK
6
CONTINUOUS
10
56.804161999999998
20
-112.2488709999999941
11
56.5481729999999985
21
-112.3721529999999973
0
LINE
8
BLACK
6
CONTINUOUS
10
56.5481729999999985
20
-112.3721529999999973
11
56.3075969999999941
21
-112.5233199999999982
0
LINE
8
BLACK
6
CONTINUOUS
10
56.3075969999999941
20
-112.5233199999999982
11
56.0854590000000002
21
-112.7004729999999881
0
LINE
8
BLACK
6
CONTINUOUS
10
56.0854590000000002
20
-112.7004729999999881
11
55.985005000000001
21
-112.800927999999999
0
LINE
8
BLACK
6
CONTINUOUS
10
55.985005000000001
20
-112.800927999999999
11
55.985005000000001
21
-112.8009270000000015
0
LINE
8
BLACK
6
CONTINUOUS
10
55.985005000000001
20
-112.8009270000000015
11
53.6524110000000007
21
-115.1335199999999901
0
LINE
8
BLACK
6
CONTINUOUS
10
53.6524110000000007
20
-115.1335199999999901
11
53.4325249999999983
21
-115.3300209999999879
0
LINE
8
BLACK
6
CONTINUOUS
10
53.4325249999999983
20
-115.3300209999999879
11
53.1920219999999944
21
-115.5006689999999878
0
LINE
8
BLACK
6
CONTINUOUS
10
53.1920219999999944
20
-115.5006689999999878
11
52.933924999999995
21
-115.6433159999999987
0
LINE
8
BLACK
6
CONTINUOUS
10
52.933924999999995
20
-115.6433159999999987
11
52.6614799999999974
21
-115.7561689999999999
0
LINE
8
BLACK
6
CONTINUOUS
10
52.6614799999999974
20
-115.7561689999999999
11
52.3781119999999945
21
-115.8378099999999904
0
LINE
8
BLACK
6
CONTINUOUS
10
52.3781119999999945
20
-115.8378099999999904
11
52.0873859999999951
21
-115.8872109999999935
0
LINE
8
BLACK
6
CONTINUOUS
10
52.0873859999999951
20
-115.8872109999999935
11
51.7929559999999967
21
-115.9037519999999972
0
LINE
8
BLACK
6
CONTINUOUS
10
51.7929559999999967
20
-115.9037519999999972
11
51.7929559999999967
21
-115.9037399999999991
0
LINE
8
BLACK
6
CONTINUOUS
10
51.7929559999999967
20
-115.9037399999999991
11
51.7929549999999992
21
-115.9037390000000016
0
LINE
8
BLACK
6
CONTINUOUS
10
51.7929549999999992
20
-115.9037390000000016
11
51.7929549999999992
21
-115.9037399999999991
0
LINE
8
BLACK
6
CONTINUOUS
10
51.7929549999999992
20
-115.9037399999999991
11
34.754959999999997
21
-115.9037399999999991
0
LINE
8
BLACK
6
CONTINUOUS
10
34.754959999999997
20
-115.9037399999999991
11
34.7549530000000004
21
-115.9037379999999899
0
LINE
8
BLACK
6
CONTINUOUS
10
34.7549530000000004
20
-115.9037379999999899
11
34.7549489999999963
21
-115.9037399999999991
0
LINE
8
BLACK
6
CONTINUOUS
10
34.7549489999999963
20
-115.9037399999999991
11
34.7549489999999963
21
-115.9037679999999995
0
LINE
8
BLACK
6
CONTINUOUS
10
34.7549489999999963
20
-115.9037679999999995
11
34.6237589999999997
21
-115.9036989999999889
0
LINE
8
BLACK
6
CONTINUOUS
10
34.6237589999999997
20
-115.9036989999999889
11
34.3635000000000019
21
-115.9369869999999878
0
LINE
8
BLACK
6
CONTINUOUS
10
34.3635000000000019
20
-115.9369869999999878
11
34.1095679999999959
21
-116.0030299999999954
0
LINE
8
BLACK
6
CONTINUOUS
10
34.1095679999999959
20
-116.0030299999999954
11
33.866068999999996
21
-116.100759999999994
0
LINE
8
BLACK
6
CONTINUOUS
10
33.866068999999996
20
-116.100759999999994
11
33.6369389999999981
21
-116.2285989999999885
0
LINE
8
BLACK
6
CONTINUOUS
10
33.6369389999999981
20
-116.2285989999999885
11
33.4258839999999964
21
-116.3844789999999989
0
LINE
8
BLACK
6
CONTINUOUS
10
33.4258839999999964
20
-116.3844789999999989
11
33.3314519999999987
21
-116.474930999999998
0
LINE
8
BLACK
6
CONTINUOUS
10
33.3314519999999987
20
-116.474930999999998
11
32.5053550000000016
21
-117.3010279999999881
0
LINE
8
BLACK
6
CONTINUOUS
10
32.5053550000000016
20
-117.3010279999999881
11
32.505353999999997
21
-117.3010309999999947
0
LINE
8
BLACK
6
CONTINUOUS
10
32.505353999999997
20
-117.3010309999999947
11
32.5053529999999995
21
-117.3010309999999947
0
LINE
8
BLACK
6
CONTINUOUS
10
32.5053529999999995
20
-117.3010309999999947
11
32.2819840000000013
21
-117.4985449999999929
0
LINE
8
BLACK
6
CONTINUOUS
10
32.2819840000000013
20
-117.4985449999999929
11
32.0361169999999973
21
-117.667231000000001
0
LINE
8
BLACK
6
CONTINUOUS
10
32.0361169999999973
20
-117.667231000000001
11
31.771449999999998
21
-117.804552000000001
0
LINE
8
BLACK
6
CONTINUOUS
10
31.771449999999998
20
-117.804552000000001
11
31.4919629999999984
21
-117.9084419999999938
0
LINE
8
BLACK
6
CONTINUOUS
10
31.4919629999999984
20
-117.9084419999999938
11
31.2018619999999984
21
-117.9773379999999889
0
LINE
8
BLACK
6
CONTINUOUS
10
31.2018619999999984
20
-117.9773379999999889
11
30.9055079999999975
21
-118.0102049999999991
0
LINE
8
BLACK
6
CONTINUOUS
10
30.9055079999999975
20
-118.0102049999999991
11
30.6073599999999999
21
-118.0065469999999976
0
LINE
8
BLACK
6
CONTINUOUS
10
30.6073599999999999
20
-118.0065469999999976
11
30.3119009999999989
21
-117.9664209999999969
0
LINE
8
BLACK
6
CONTINUOUS
10
30.3119009999999989
20
-117.9664209999999969
11
30.0235769999999995
21
-117.8904289999999975
0
LINE
8
BLACK
6
CONTINUOUS
10
30.0235769999999995
20
-117.8904289999999975
11
29.7467229999999994
21
-117.7797139999999985
0
LINE
8
BLACK
6
CONTINUOUS
10
29.7467229999999994
20
-117.7797139999999985
11
29.4855039999999988
21
-117.635942
0
LINE
8
BLACK
6
CONTINUOUS
10
29.4855039999999988
20
-117.635942
11
29.2438489999999973
21
-117.461275999999998
0
LINE
8
BLACK
6
CONTINUOUS
10
29.2438489999999973
20
-117.461275999999998
11
29.0253920000000001
21
-117.2583410000000015
0
LINE
8
BLACK
6
CONTINUOUS
10
29.0253920000000001
20
-117.2583410000000015
11
28.8334200000000003
21
-117.0301919999999996
0
LINE
8
BLACK
6
CONTINUOUS
10
28.8334200000000003
20
-117.0301919999999996
11
28.6708189999999981
21
-116.7802579999999892
0
LINE
8
BLACK
6
CONTINUOUS
10
28.6708189999999981
20
-116.7802579999999892
11
28.5400359999999971
21
-116.5122999999999962
0
LINE
8
BLACK
6
CONTINUOUS
10
28.5400359999999971
20
-116.5122999999999962
11
28.4430370000000003
21
-116.2303479999999922
0
LINE
8
BLACK
6
CONTINUOUS
10
28.4430370000000003
20
-116.2303479999999922
11
28.3812809999999978
21
-115.938642999999999
0
LINE
8
BLACK
6
CONTINUOUS
10
28.3812809999999978
20
-115.938642999999999
11
28.3556980000000003
21
-115.6415719999999965
0
LINE
8
BLACK
6
CONTINUOUS
10
28.3556980000000003
20
-115.6415719999999965
11
28.3666719999999977
21
-115.3436030000000017
0
LINE
8
BLACK
6
CONTINUOUS
10
28.3666719999999977
20
-115.3436030000000017
11
28.4140389999999989
21
-115.0492189999999937
0
LINE
8
BLACK
6
CONTINUOUS
10
28.4140389999999989
20
-115.0492189999999937
11
28.4970839999999974
21
-114.7628469999999936
0
LINE
8
BLACK
6
CONTINUOUS
10
28.4970839999999974
20
-114.7628469999999936
11
28.6145609999999984
21
-114.4887939999999986
0
LINE
8
BLACK
6
CONTINUOUS
10
28.6145609999999984
20
-114.4887939999999986
11
28.7647009999999987
21
-114.2311819999999898
0
LINE
8
BLACK
6
CONTINUOUS
10
28.7647009999999987
20
-114.2311819999999898
11
28.9452459999999974
21
-113.9938870000000009
0
LINE
8
BLACK
6
CONTINUOUS
10
28.9452459999999974
20
-113.9938870000000009
11
29.1534809999999993
21
-113.7804759999999931
0
LINE
8
BLACK
6
CONTINUOUS
10
29.1534809999999993
20
-113.7804759999999931
11
29.3862740000000002
21
-113.5941609999999997
0
LINE
8
BLACK
6
CONTINUOUS
10
29.3862740000000002
20
-113.5941609999999997
11
29.6401219999999981
21
-113.437743999999995
0
LINE
8
BLACK
6
CONTINUOUS
10
29.6401219999999981
20
-113.437743999999995
11
29.911209999999997
21
-113.3135769999999951
0
LINE
8
BLACK
6
CONTINUOUS
10
29.911209999999997
20
-113.3135769999999951
11
30.1954569999999975
21
-113.22352699999999
0
LINE
8
BLACK
6
CONTINUOUS
10
30.1954569999999975
20
-113.22352699999999
11
30.4885909999999996
21
-113.1689499999999953
0
LINE
8
BLACK
6
CONTINUOUS
10
30.4885909999999996
20
-113.1689499999999953
11
30.7859230000000004
21
-113.1506819999999891
0
LINE
8
BLACK
6
CONTINUOUS
10
30.7859230000000004
20
-113.1506819999999891
11
30.7861999999999973
21
-113.1506279999999975
0
LINE
8
BLACK
6
CONTINUOUS
10
30.7861999999999973
20
-113.1506279999999975
11
50.6299999999999955
21
-113.1506219999999985
0
LINE
8
BLACK
6
CONTINUOUS
10
50.6299999999999955
20
-113.1506219999999985
11
50.6299999999999955
21
-113.1505999999999972
0
LINE
8
BLACK
6
CONTINUOUS
10
50.6299999999999955
20
-113.1505999999999972
11
50.6962109999999981
21
-113.1505999999999972
0
LINE
8
BLACK
6
CONTINUOUS
10
50.6962109999999981
20
-113.1505999999999972
11
50.824785999999996
21
-113.1189089999999879
0
LINE
8
BLACK
6
CONTINUOUS
10
50.824785999999996
20
-113.1189089999999879
11
50.9420409999999961
21
-113.0573689999999942
0
LINE
8
BLACK
6
CONTINUOUS
10
50.9420409999999961
20
-113.0573689999999942
11
51.0411609999999953
21
-112.9695569999999947
0
LINE
8
BLACK
6
CONTINUOUS
10
51.0411609999999953
20
-112.9695569999999947
11
51.1163850000000011
21
-112.8605749999999972
0
LINE
8
BLACK
6
CONTINUOUS
10
51.1163850000000011
20
-112.8605749999999972
11
51.1633429999999976
21
-112.7367569999999972
0
LINE
8
BLACK
6
CONTINUOUS
10
51.1633429999999976
20
-112.7367569999999972
11
51.1793049999999994
21
-112.6052999999999997
0
LINE
8
BLACK
6
CONTINUOUS
10
51.1793049999999994
20
-112.6052999999999997
11
51.1633429999999976
21
-112.473842999999988
0
LINE
8
BLACK
6
CONTINUOUS
10
51.1633429999999976
20
-112.473842999999988
11
51.1163850000000011
21
-112.350024999999988
0
LINE
8
BLACK
6
CONTINUOUS
10
51.1163850000000011
20
-112.350024999999988
11
51.0411609999999953
21
-112.2410429999999906
0
LINE
8
BLACK
6
CONTINUOUS
10
51.0411609999999953
20
-112.2410429999999906
11
50.9420409999999961
21
-112.153230999999991
0
LINE
8
BLACK
6
CONTINUOUS
10
50.9420409999999961
20
-112.153230999999991
11
50.824785999999996
21
-112.0916909999999973
0
LINE
8
BLACK
6
CONTINUOUS
10
50.824785999999996
20
-112.0916909999999973
11
50.6962109999999981
21
-112.0599999999999881
0
LINE
8
BLACK
6
CONTINUOUS
10
50.6962109999999981
20
-112.0599999999999881
11
50.6299999999999955
21
-112.0599999999999881
0
LINE
8
BLACK
6
CONTINUOUS
10
50.6299999999999955
20
-112.0599999999999881
11
50.6006110000000007
21
-112.0504509999999954
0
LINE
8
BLACK
6
CONTINUOUS
10
50.6006110000000007
20
-112.0504509999999954
11
50.5893879999999996
21
-112.0350049999999982
0
LINE
8
BLACK
6
CONTINUOUS
10
50.5893879999999996
20
-112.0350049999999982
11
17.6250040000000006
21
-112.039999999999992
0
LINE
8
BLACK
6
CONTINUOUS
10
17.6250040000000006
20
-112.039999999999992
11
17.6250009999999975
21
-112.0399989999999946
0
LINE
8
BLACK
6
CONTINUOUS
10
17.6250009999999975
20
-112.0399989999999946
11
17.625
21
-112.039999999999992
0
LINE
8
BLACK
6
CONTINUOUS
10
17.625
20
-112.039999999999992
11
17.308800999999999
21
-112.023428999999993
0
LINE
8
BLACK
6
CONTINUOUS
10
17.308800999999999
20
-112.023428999999993
11
16.996067
21
-111.9738959999999963
0
LINE
8
BLACK
6
CONTINUOUS
10
16.996067
20
-111.9738959999999963
11
16.6902240000000006
21
-111.8919459999999901
0
LINE
8
BLACK
6
CONTINUOUS
10
16.6902240000000006
20
-111.8919459999999901
11
16.3946219999999983
21
-111.7784750000000003
0
LINE
8
BLACK
6
CONTINUOUS
10
16.3946219999999983
20
-111.7784750000000003
11
16.1125000000000007
21
-111.634726999999998
0
LINE
8
BLACK
6
CONTINUOUS
10
16.1125000000000007
20
-111.634726999999998
11
15.8469499999999996
21
-111.4622759999999886
0
LINE
8
BLACK
6
CONTINUOUS
10
15.8469499999999996
20
-111.4622759999999886
11
15.6008800000000001
21
-111.2630130000000008
0
LINE
8
BLACK
6
CONTINUOUS
10
15.6008800000000001
20
-111.2630130000000008
11
15.3769869999999997
21
-111.0391199999999969
0
LINE
8
BLACK
6
CONTINUOUS
10
15.3769869999999997
20
-111.0391199999999969
11
15.1777239999999995
21
-110.7930499999999938
0
LINE
8
BLACK
6
CONTINUOUS
10
15.1777239999999995
20
-110.7930499999999938
11
15.005272999999999
21
-110.5274999999999892
0
LINE
8
BLACK
6
CONTINUOUS
10
15.005272999999999
20
-110.5274999999999892
11
14.8615249999999985
21
-110.2453779999999881
0
LINE
8
BLACK
6
CONTINUOUS
10
14.8615249999999985
20
-110.2453779999999881
11
14.7480539999999998
21
-109.949776
0
LINE
8
BLACK
6
CONTINUOUS
10
14.7480539999999998
20
-109.949776
11
14.6661039999999989
21
-109.6439329999999899
0
LINE
8
BLACK
6
CONTINUOUS
10
14.6661039999999989
20
-109.6439329999999899
11
14.6165709999999986
21
-109.331198999999998
0
LINE
8
BLACK
6
CONTINUOUS
10
14.6165709999999986
20
-109.331198999999998
11
14.5999999999999996
21
-109.0150000000000006
0
LINE
8
BLACK
6
CONTINUOUS
10
14.5999999999999996
20
-109.0150000000000006
11
14.5999999999999996
21
-25.0150000000000006
0
LINE
8
BLACK
6
CONTINUOUS
10
14.5999999999999996
20
-25.0150000000000006
11
14.6165709999999986
21
-24.6988009999999996
0
LINE
8
BLACK
6
CONTINUOUS
10
14.6165709999999986
20
-24.6988009999999996
11
14.6661039999999989
21
-24.3860670000000006
0
LINE
8
BLACK
6
CONTINUOUS
10
14.6661039999999989
20
-24.3860670000000006
11
14.7480539999999998
21
-24.0802239999999976
0
LINE
8
BLACK
6
CONTINUOUS
10
14.7480539999999998
20
-24.0802239999999976
11
14.8615249999999985
21
-23.7846219999999988
0
LINE
8
BLACK
6
CONTINUOUS
10
14.8615249999999985
20
-23.7846219999999988
11
15.005272999999999
21
-23.5024999999999977
0
LINE
8
BLACK
6
CONTINUOUS
10
15.005272999999999
20
-23.5024999999999977
11
15.1777239999999995
21
-23.2369500000000002
0
LINE
8
BLACK
6
CONTINUOUS
10
15.1777239999999995
20
-23.2369500000000002
11
15.3769869999999997
21
-22.9908800000000006
0
LINE
8
BLACK
6
CONTINUOUS
10
15.3769869999999997
20
-22.9908800000000006
11
15.6008800000000001
21
-22.7669870000000003
0
LINE
8
BLACK
6
CONTINUOUS
10
15.6008800000000001
20
-22.7669870000000003
11
15.8469499999999996
21
-22.5677239999999983
0
LINE
8
BLACK
6
CONTINUOUS
10
15.8469499999999996
20
-22.5677239999999983
11
16.1125000000000007
21
-22.3952729999999995
0
LINE
8
BLACK
6
CONTINUOUS
10
16.1125000000000007
20
-22.3952729999999995
11
16.3946219999999983
21
-22.2515249999999973
0
LINE
8
BLACK
6
CONTINUOUS
10
16.3946219999999983
20
-22.2515249999999973
11
16.6902240000000006
21
-22.1380540000000003
0
LINE
8
BLACK
6
CONTINUOUS
10
16.6902240000000006
20
-22.1380540000000003
11
16.996067
21
-22.0561039999999977
0
LINE
8
BLACK
6
CONTINUOUS
10
16.996067
20
-22.0561039999999977
11
17.308800999999999
21
-22.0065709999999974
0
LINE
8
BLACK
6
CONTINUOUS
10
17.308800999999999
20
-22.0065709999999974
11
17.625
21
-21.9899999999999984
0
LINE
8
BLACK
6
CONTINUOUS
10
17.625
20
-21.9899999999999984
11
50.5843829999999954
21
-21.9899999999999984
0
LINE
8
BLACK
6
CONTINUOUS
10
50.5843829999999954
20
-21.9899999999999984
11
50.5956109999999981
21
-21.9745460000000001
0
LINE
8
BLACK
6
CONTINUOUS
10
50.5956109999999981
20
-21.9745460000000001
11
50.625
21
-21.9649970000000003
0
LINE
8
BLACK
6
CONTINUOUS
10
50.625
20
-21.9649970000000003
11
50.625
21
-21.9650250000000007
0
LINE
8
BLACK
6
CONTINUOUS
10
50.625
20
-21.9650250000000007
11
50.6912139999999951
21
-21.9650250000000007
0
LINE
8
BLACK
6
CONTINUOUS
10
50.6912139999999951
20
-21.9650250000000007
11
50.8197949999999992
21
-21.9333320000000001
0
LINE
8
BLACK
6
CONTINUOUS
10
50.8197949999999992
20
-21.9333320000000001
11
50.9370550000000009
21
-21.8717900000000007
0
LINE
8
BLACK
6
CONTINUOUS
10
50.9370550000000009
20
-21.8717900000000007
11
51.0361789999999971
21
-21.7839729999999996
0
LINE
8
BLACK
6
CONTINUOUS
10
51.0361789999999971
20
-21.7839729999999996
11
51.1114079999999973
21
-21.6749860000000005
0
LINE
8
BLACK
6
CONTINUOUS
10
51.1114079999999973
20
-21.6749860000000005
11
51.1583669999999984
21
-21.551162999999999
0
LINE
8
BLACK
6
CONTINUOUS
10
51.1583669999999984
20
-21.551162999999999
11
51.1743299999999977
21
-21.4196999999999989
0
LINE
8
BLACK
6
CONTINUOUS
10
51.1743299999999977
20
-21.4196999999999989
11
51.1583669999999984
21
-21.2882369999999987
0
LINE
8
BLACK
6
CONTINUOUS
10
51.1583669999999984
20
-21.2882369999999987
11
51.1114079999999973
21
-21.1644140000000007
0
LINE
8
BLACK
6
CONTINUOUS
10
51.1114079999999973
20
-21.1644140000000007
11
51.0361789999999971
21
-21.0554269999999981
0
LINE
8
BLACK
6
CONTINUOUS
10
51.0361789999999971
20
-21.0554269999999981
11
50.9370550000000009
21
-20.9676100000000005
0
LINE
8
BLACK
6
CONTINUOUS
10
50.9370550000000009
20
-20.9676100000000005
11
50.8197949999999992
21
-20.9060679999999977
0
LINE
8
BLACK
6
CONTINUOUS
10
50.8197949999999992
20
-20.9060679999999977
11
50.6912139999999951
21
-20.8743750000000006
0
LINE
8
BLACK
6
CONTINUOUS
10
50.6912139999999951
20
-20.8743750000000006
11
50.625
21
-20.8743750000000006
0
LINE
8
BLACK
6
CONTINUOUS
10
50.625
20
-20.8743750000000006
11
30.7811999999999983
21
-20.874368999999998
0
LINE
8
BLACK
6
CONTINUOUS
10
30.7811999999999983
20
-20.874368999999998
11
30.4835889999999985
21
-20.8560850000000002
0
LINE
8
BLACK
6
CONTINUOUS
10
30.4835889999999985
20
-20.8560850000000002
11
30.190455
21
-20.8015079999999983
0
LINE
8
BLACK
6
CONTINUOUS
10
30.190455
20
-20.8015079999999983
11
29.9062059999999974
21
-20.7114580000000004
0
LINE
8
BLACK
6
CONTINUOUS
10
29.9062059999999974
20
-20.7114580000000004
11
29.6351169999999975
21
-20.5872899999999994
0
LINE
8
BLACK
6
CONTINUOUS
10
29.6351169999999975
20
-20.5872899999999994
11
29.3812669999999976
21
-20.4308720000000008
0
LINE
8
BLACK
6
CONTINUOUS
10
29.3812669999999976
20
-20.4308720000000008
11
29.1484729999999992
21
-20.2445570000000004
0
LINE
8
BLACK
6
CONTINUOUS
10
29.1484729999999992
20
-20.2445570000000004
11
28.9402369999999998
21
-20.0311459999999997
0
LINE
8
BLACK
6
CONTINUOUS
10
28.9402369999999998
20
-20.0311459999999997
11
28.7596899999999991
21
-19.7938499999999991
0
LINE
8
BLACK
6
CONTINUOUS
10
28.7596899999999991
20
-19.7938499999999991
11
28.6095489999999977
21
-19.5362369999999999
0
LINE
8
BLACK
6
CONTINUOUS
10
28.6095489999999977
20
-19.5362369999999999
11
28.4920720000000003
21
-19.2621830000000003
0
LINE
8
BLACK
6
CONTINUOUS
10
28.4920720000000003
20
-19.2621830000000003
11
28.4090249999999997
21
-18.9758099999999992
0
LINE
8
BLACK
6
CONTINUOUS
10
28.4090249999999997
20
-18.9758099999999992
11
28.3616579999999985
21
-18.6814239999999998
0
LINE
8
BLACK
6
CONTINUOUS
10
28.3616579999999985
20
-18.6814239999999998
11
28.3506830000000001
21
-18.3834540000000004
0
LINE
8
BLACK
6
CONTINUOUS
10
28.3506830000000001
20
-18.3834540000000004
11
28.3762659999999975
21
-18.0863820000000004
0
LINE
8
BLACK
6
CONTINUOUS
10
28.3762659999999975
20
-18.0863820000000004
11
28.4380199999999981
21
-17.794674999999998
0
LINE
8
BLACK
6
CONTINUOUS
10
28.4380199999999981
20
-17.794674999999998
11
28.5350189999999984
21
-17.5127220000000001
0
LINE
8
BLACK
6
CONTINUOUS
10
28.5350189999999984
20
-17.5127220000000001
11
28.6658019999999993
21
-17.2447619999999979
0
LINE
8
BLACK
6
CONTINUOUS
10
28.6658019999999993
20
-17.2447619999999979
11
28.828401999999997
21
-16.9948270000000008
0
LINE
8
BLACK
6
CONTINUOUS
10
28.828401999999997
20
-16.9948270000000008
11
29.0203749999999978
21
-16.7666760000000004
0
LINE
8
BLACK
6
CONTINUOUS
10
29.0203749999999978
20
-16.7666760000000004
11
29.2388319999999986
21
-16.5637389999999982
0
LINE
8
BLACK
6
CONTINUOUS
10
29.2388319999999986
20
-16.5637389999999982
11
29.4804870000000001
21
-16.3890709999999977
0
LINE
8
BLACK
6
CONTINUOUS
10
29.4804870000000001
20
-16.3890709999999977
11
29.7417069999999981
21
-16.2452970000000008
0
LINE
8
BLACK
6
CONTINUOUS
10
29.7417069999999981
20
-16.2452970000000008
11
30.0185609999999983
21
-16.1345810000000007
0
LINE
8
BLACK
6
CONTINUOUS
10
30.0185609999999983
20
-16.1345810000000007
11
30.3068859999999987
21
-16.0585869999999993
0
LINE
8
BLACK
6
CONTINUOUS
10
30.3068859999999987
20
-16.0585869999999993
11
30.6023459999999972
21
-16.018459
0
LINE
8
BLACK
6
CONTINUOUS
10
30.6023459999999972
20
-16.018459
11
30.9004949999999994
21
-16.014800000000001
0
LINE
8
BLACK
6
CONTINUOUS
10
30.9004949999999994
20
-16.014800000000001
11
31.1968499999999977
21
-16.0476649999999985
0
LINE
8
BLACK
6
CONTINUOUS
10
31.1968499999999977
20
-16.0476649999999985
11
31.4869539999999972
21
-16.1165599999999998
0
LINE
8
BLACK
6
CONTINUOUS
10
31.4869539999999972
20
-16.1165599999999998
11
31.7664419999999978
21
-16.2204479999999975
0
LINE
8
BLACK
6
CONTINUOUS
10
31.7664419999999978
20
-16.2204479999999975
11
32.0311109999999957
21
-16.3577680000000001
0
LINE
8
BLACK
6
CONTINUOUS
10
32.0311109999999957
20
-16.3577680000000001
11
32.2769809999999993
21
-16.5264530000000001
0
LINE
8
BLACK
6
CONTINUOUS
10
32.2769809999999993
20
-16.5264530000000001
11
32.5003439999999983
21
-16.7239599999999982
0
LINE
8
BLACK
6
CONTINUOUS
10
32.5003439999999983
20
-16.7239599999999982
11
32.5003529999999969
21
-16.7239660000000008
0
LINE
8
BLACK
6
CONTINUOUS
10
32.5003529999999969
20
-16.7239660000000008
11
33.3269289999999998
21
-17.5505420000000001
0
LINE
8
BLACK
6
CONTINUOUS
10
33.3269289999999998
20
-17.5505420000000001
11
33.3269620000000018
21
-17.5505919999999982
0
LINE
8
BLACK
6
CONTINUOUS
10
33.3269620000000018
20
-17.5505919999999982
11
33.4208659999999966
21
-17.6405390000000004
0
LINE
8
BLACK
6
CONTINUOUS
10
33.4208659999999966
20
-17.6405390000000004
11
33.6319249999999954
21
-17.7964209999999987
0
LINE
8
BLACK
6
CONTINUOUS
10
33.6319249999999954
20
-17.7964209999999987
11
33.8610569999999953
21
-17.9242619999999988
0
LINE
8
BLACK
6
CONTINUOUS
10
33.8610569999999953
20
-17.9242619999999988
11
34.1045590000000018
21
-18.0219939999999994
0
LINE
8
BLACK
6
CONTINUOUS
10
34.1045590000000018
20
-18.0219939999999994
11
34.3584940000000003
21
-18.0880380000000009
0
LINE
8
BLACK
6
CONTINUOUS
10
34.3584940000000003
20
-18.0880380000000009
11
34.6187569999999951
21
-18.1213259999999998
0
LINE
8
BLACK
6
CONTINUOUS
10
34.6187569999999951
20
-18.1213259999999998
11
34.7499490000000009
21
-18.1212569999999999
0
LINE
8
BLACK
6
CONTINUOUS
10
34.7499490000000009
20
-18.1212569999999999
11
34.7499529999999979
21
-18.1212579999999974
0
LINE
8
BLACK
6
CONTINUOUS
10
34.7499529999999979
20
-18.1212579999999974
11
34.7499600000000015
21
-18.1212569999999999
0
LINE
8
BLACK
6
CONTINUOUS
10
34.7499600000000015
20
-18.1212569999999999
11
51.7879549999999966
21
-18.1212569999999999
0
LINE
8
BLACK
6
CONTINUOUS
10
51.7879549999999966
20
-18.1212569999999999
11
51.7879559999999941
21
-18.1212569999999999
0
LINE
8
BLACK
6
CONTINUOUS
10
51.7879559999999941
20
-18.1212569999999999
11
52.0823839999999976
21
-18.1377980000000001
0
LINE
8
BLACK
6
CONTINUOUS
10
52.0823839999999976
20
-18.1377980000000001
11
52.3731099999999969
21
-18.1871989999999997
0
LINE
8
BLACK
6
CONTINUOUS
10
52.3731099999999969
20
-18.1871989999999997
11
52.6564759999999978
21
-18.2688389999999998
0
LINE
8
BLACK
6
CONTINUOUS
10
52.6564759999999978
20
-18.2688389999999998
11
52.928919999999998
21
-18.3816919999999975
0
LINE
8
BLACK
6
CONTINUOUS
10
52.928919999999998
20
-18.3816919999999975
11
53.1870159999999998
21
-18.5243380000000002
0
LINE
8
BLACK
6
CONTINUOUS
10
53.1870159999999998
20
-18.5243380000000002
11
53.4275179999999992
21
-18.6949849999999991
0
LINE
8
BLACK
6
CONTINUOUS
10
53.4275179999999992
20
-18.6949849999999991
11
53.6473429999999993
21
-18.8914319999999982
0
LINE
8
BLACK
6
CONTINUOUS
10
53.6473429999999993
20
-18.8914319999999982
11
53.6474109999999982
21
-18.8914769999999983
0
LINE
8
BLACK
6
CONTINUOUS
10
53.6474109999999982
20
-18.8914769999999983
11
55.9800049999999985
21
-21.2240699999999975
0
LINE
8
BLACK
6
CONTINUOUS
10
55.9800049999999985
20
-21.2240699999999975
11
55.9800189999999986
21
-21.2240549999999999
0
LINE
8
BLACK
6
CONTINUOUS
10
55.9800189999999986
20
-21.2240549999999999
11
56.0804720000000003
21
-21.3245100000000001
0
LINE
8
BLACK
6
CONTINUOUS
10
56.0804720000000003
20
-21.3245100000000001
11
56.3026079999999993
21
-21.5016609999999986
0
LINE
8
BLACK
6
CONTINUOUS
10
56.3026079999999993
20
-21.5016609999999986
11
56.5431829999999991
21
-21.6528269999999985
0
LINE
8
BLACK
6
CONTINUOUS
10
56.5431829999999991
20
-21.6528269999999985
11
56.7991689999999991
21
-21.7761080000000007
0
LINE
8
BLACK
6
CONTINUOUS
10
56.7991689999999991
20
-21.7761080000000007
11
57.0673490000000001
21
-21.8699519999999978
0
LINE
8
BLACK
6
CONTINUOUS
10
57.0673490000000001
20
-21.8699519999999978
11
57.3443499999999986
21
-21.9331800000000001
0
LINE
8
BLACK
6
CONTINUOUS
10
57.3443499999999986
20
-21.9331800000000001
11
57.6266879999999944
21
-21.9649970000000003
0
LINE
8
BLACK
6
CONTINUOUS
10
57.6266879999999944
20
-21.9649970000000003
11
57.7687509999999946
21
-21.9649999999999999
0
LINE
8
BLACK
6
CONTINUOUS
10
57.7687509999999946
20
-21.9649999999999999
11
57.7981399999999965
21
-21.9745500000000007
0
LINE
8
BLACK
6
CONTINUOUS
10
57.7981399999999965
20
-21.9745500000000007
11
57.8093639999999951
21
-21.9899979999999999
0
LINE
8
BLACK
6
CONTINUOUS
10
57.8093639999999951
20
-21.9899979999999999
11
104.584384
21
-21.9899969999999989
0
LINE
8
BLACK
6
CONTINUOUS
10
104.584384
20
-21.9899969999999989
11
104.595610999999991
21
-21.9745460000000001
0
LINE
8
BLACK
6
CONTINUOUS
10
104.595610999999991
20
-21.9745460000000001
11
104.625
21
-21.9649970000000003
0
LINE
8
BLACK
6
CONTINUOUS
10
104.625
20
-21.9649970000000003
11
104.625
21
-21.9650250000000007
0
LINE
8
BLACK
6
CONTINUOUS
10
104.625
20
-21.9650250000000007
11
104.6912140000000022
21
-21.9650250000000007
0
LINE
8
BLACK
6
CONTINUOUS
10
104.6912140000000022
20
-21.9650250000000007
11
104.8197949999999992
21
-21.9333320000000001
0
LINE
8
BLACK
6
CONTINUOUS
10
104.8197949999999992
20
-21.9333320000000001
11
104.9370550000000009
21
-21.8717900000000007
0
LINE
8
BLACK
6
CONTINUOUS
10
104.9370550000000009
20
-21.8717900000000007
11
105.03617899999999
21
-21.7839729999999996
0
LINE
8
BLACK
6
CONTINUOUS
10
105.03617899999999
20
-21.7839729999999996
11
105.1114079999999973
21
-21.6749860000000005
0
LINE
8
BLACK
6
CONTINUOUS
10
105.1114079999999973
20
-21.6749860000000005
11
105.1583669999999984
21
-21.551162999999999
0
LINE
8
BLACK
6
CONTINUOUS
10
105.1583669999999984
20
-21.551162999999999
11
105.1743299999999977
21
-21.4196999999999989
0
LINE
8
BLACK
6
CONTINUOUS
10
105.1743299999999977
20
-21.4196999999999989
11
105.1583669999999984
21
-21.2882369999999987
0
LINE
8
BLACK
6
CONTINUOUS
10
105.1583669999999984
20
-21.2882369999999987
11
105.1114079999999973
21
-21.1644140000000007
0
LINE
8
BLACK
6
CONTINUOUS
10
105.1114079999999973
20
-21.1644140000000007
11
105.03617899999999
21
-21.0554269999999981
0
LINE
8
BLACK
6
CONTINUOUS
10
105.03617899999999
20
-21.0554269999999981
11
104.9370550000000009
21
-20.9676100000000005
0
LINE
8
BLACK
6
CONTINUOUS
10
104.9370550000000009
20
-20.9676100000000005
11
104.8197949999999992
21
-20.9060679999999977
0
LINE
8
BLACK
6
CONTINUOUS
10
104.8197949999999992
20
-20.9060679999999977
11
104.6912140000000022
21
-20.8743750000000006
0
LINE
8
BLACK
6
CONTINUOUS
10
104.6912140000000022
20
-20.8743750000000006
11
104.625
21
-20.8743750000000006
0
LINE
8
BLACK
6
CONTINUOUS
10
104.625
20
-20.8743750000000006
11
84.7811999999999983
21
-20.874368999999998
0
LINE
8
BLACK
6
CONTINUOUS
10
84.7811999999999983
20
-20.874368999999998
11
84.4835860000000025
21
-20.8560850000000002
0
LINE
8
BLACK
6
CONTINUOUS
10
84.4835860000000025
20
-20.8560850000000002
11
84.190449000000001
21
-20.8015069999999973
0
LINE
8
BLACK
6
CONTINUOUS
10
84.190449000000001
20
-20.8015069999999973
11
83.9061969999999917
21
-20.7114559999999983
0
LINE
8
BLACK
6
CONTINUOUS
10
83.9061969999999917
20
-20.7114559999999983
11
83.6351059999999933
21
-20.5872869999999999
0
LINE
8
BLACK
6
CONTINUOUS
10
83.6351059999999933
20
-20.5872869999999999
11
83.3812539999999984
21
-20.4308669999999992
0
LINE
8
BLACK
6
CONTINUOUS
10
83.3812539999999984
20
-20.4308669999999992
11
83.1484579999999909
21
-20.2445500000000003
0
LINE
8
BLACK
6
CONTINUOUS
10
83.1484579999999909
20
-20.2445500000000003
11
82.9402199999999965
21
-20.0311369999999975
0
LINE
8
BLACK
6
CONTINUOUS
10
82.9402199999999965
20
-20.0311369999999975
11
82.7596719999999948
21
-19.7938379999999974
0
LINE
8
BLACK
6
CONTINUOUS
10
82.7596719999999948
20
-19.7938379999999974
11
82.6095299999999924
21
-19.5362229999999997
0
LINE
8
BLACK
6
CONTINUOUS
10
82.6095299999999924
20
-19.5362229999999997
11
82.492052000000001
21
-19.2621660000000006
0
LINE
8
BLACK
6
CONTINUOUS
10
82.492052000000001
20
-19.2621660000000006
11
82.4090049999999934
21
-18.9757889999999989
0
LINE
8
BLACK
6
CONTINUOUS
10
82.4090049999999934
20
-18.9757889999999989
11
82.3616379999999992
21
-18.6814009999999975
0
LINE
8
BLACK
6
CONTINUOUS
10
82.3616379999999992
20
-18.6814009999999975
11
82.3506629999999973
21
-18.3834279999999985
0
LINE
8
BLACK
6
CONTINUOUS
10
82.3506629999999973
20
-18.3834279999999985
11
82.3762469999999922
21
-18.086352999999999
0
LINE
8
BLACK
6
CONTINUOUS
10
82.3762469999999922
20
-18.086352999999999
11
82.4380029999999948
21
-17.7946430000000007
0
LINE
8
BLACK
6
CONTINUOUS
10
82.4380029999999948
20
-17.7946430000000007
11
82.5350030000000032
21
-17.5126869999999997
0
LINE
8
BLACK
6
CONTINUOUS
10
82.5350030000000032
20
-17.5126869999999997
11
82.6657879999999921
21
-17.244726
0
LINE
8
BLACK
6
CONTINUOUS
10
82.6657879999999921
20
-17.244726
11
82.8283909999999963
21
-16.9947890000000008
0
LINE
8
BLACK
6
CONTINUOUS
10
82.8283909999999963
20
-16.9947890000000008
11
83.0203659999999957
21
-16.7666359999999983
0
LINE
8
BLACK
6
CONTINUOUS
10
83.0203659999999957
20
-16.7666359999999983
11
83.2388260000000031
21
-16.5636979999999987
0
LINE
8
BLACK
6
CONTINUOUS
10
83.2388260000000031
20
-16.5636979999999987
11
83.4804839999999899
21
-16.3890290000000007
0
LINE
8
BLACK
6
CONTINUOUS
10
83.4804839999999899
20
-16.3890290000000007
11
83.741706999999991
21
-16.2452550000000002
0
LINE
8
BLACK
6
CONTINUOUS
10
83.741706999999991
20
-16.2452550000000002
11
84.0185649999999953
21
-16.1345379999999992
0
LINE
8
BLACK
6
CONTINUOUS
10
84.0185649999999953
20
-16.1345379999999992
11
84.3068930000000023
21
-16.0585449999999987
0
LINE
8
BLACK
6
CONTINUOUS
10
84.3068930000000023
20
-16.0585449999999987
11
84.6023550000000029
21
-16.0184180000000005
0
LINE
8
BLACK
6
CONTINUOUS
10
84.6023550000000029
20
-16.0184180000000005
11
84.9005080000000021
21
-16.014759999999999
0
LINE
8
BLACK
6
CONTINUOUS
10
84.9005080000000021
20
-16.014759999999999
11
85.196866
21
-16.0476269999999985
0
LINE
8
BLACK
6
CONTINUOUS
10
84.3982730000000032
20
-16.1388229999999986
11
84.1102219999999932
21
-16.2056649999999998
0
LINE
8
BLACK
6
CONTINUOUS
10
84.1102219999999932
20
-16.2056649999999998
11
83.8329239999999913
21
-16.308364000000001
0
LINE
8
BLACK
6
CONTINUOUS
10
83.8329239999999913
20
-16.308364000000001
11
83.5708219999999926
21
-16.4452730000000003
0
LINE
8
BLACK
6
CONTINUOUS
10
83.5708219999999926
20
-16.4452730000000003
11
83.3281179999999893
21
-16.6141989999999993
0
LINE
8
BLACK
6
CONTINUOUS
10
83.3281179999999893
20
-16.6141989999999993
11
83.1086999999999989
21
-16.8124350000000007
0
LINE
8
BLACK
6
CONTINUOUS
10
83.1086999999999989
20
-16.8124350000000007
11
82.9160849999999954
21
-17.036801999999998
0
LINE
8
BLACK
6
CONTINUOUS
10
82.9160849999999954
20
-17.036801999999998
11
82.7533600000000007
21
-17.2837069999999997
0
LINE
8
BLACK
6
CONTINUOUS
10
82.7533600000000007
20
-17.2837069999999997
11
82.6231329999999957
21
-17.5491919999999979
0
LINE
8
BLACK
6
CONTINUOUS
10
82.6231329999999957
20
-17.5491919999999979
11
82.5274900000000002
21
-17.8290019999999991
0
LINE
8
BLACK
6
CONTINUOUS
10
82.5274900000000002
20
-17.8290019999999991
11
82.4679639999999949
21
-18.1186539999999994
0
LINE
8
BLACK
6
CONTINUOUS
10
82.4679639999999949
20
-18.1186539999999994
11
82.4455090000000013
21
-18.4135050000000007
0
LINE
8
BLACK
6
CONTINUOUS
10
82.4455090000000013
20
-18.4135050000000007
11
82.4604860000000031
21
-18.708831
0
LINE
8
BLACK
6
CONTINUOUS
10
82.4604860000000031
20
-18.708831
11
82.5126539999999977
21
-18.9998979999999982
0
LINE
8
BLACK
6
CONTINUOUS
10
82.5126539999999977
20
-18.9998979999999982
11
82.6011759999999953
21
-19.2820409999999995
0
LINE
8
BLACK
6
CONTINUOUS
10
82.6011759999999953
20
-19.2820409999999995
11
82.7246349999999921
21
-19.5507409999999986
0
LINE
8
BLACK
6
CONTINUOUS
10
82.7246349999999921
20
-19.5507409999999986
11
82.8810519999999968
21
-19.8016889999999997
0
LINE
8
BLACK
6
CONTINUOUS
10
82.8810519999999968
20
-19.8016889999999997
11
83.0679200000000009
21
-20.0308649999999986
0
LINE
8
BLACK
6
CONTINUOUS
10
83.0679200000000009
20
-20.0308649999999986
11
83.2822450000000032
21
-20.2345959999999998
0
LINE
8
BLACK
6
CONTINUOUS
10
83.2822450000000032
20
-20.2345959999999998
11
83.520590999999996
21
-20.4096179999999983
0
LINE
8
BLACK
6
CONTINUOUS
10
83.520590999999996
20
-20.4096179999999983
11
83.7791399999999982
21
-20.5531240000000004
0
LINE
8
BLACK
6
CONTINUOUS
10
83.7791399999999982
20
-20.5531240000000004
11
84.0537470000000013
21
-20.6628159999999994
0
LINE
8
BLACK
6
CONTINUOUS
10
84.0537470000000013
20
-20.6628159999999994
11
84.3400120000000015
21
-20.736934999999999
0
LINE
8
BLACK
6
CONTINUOUS
10
84.3400120000000015
20
-20.736934999999999
11
84.633347999999998
21
-20.7742939999999976
0
LINE
8
BLACK
6
CONTINUOUS
10
84.633347999999998
20
-20.7742939999999976
11
84.7811999999999983
21
-20.7743690000000001
0
LINE
8
BLACK
6
CONTINUOUS
10
84.7811999999999983
20
-20.7743690000000001
11
104.625
21
-20.7743749999999991
0
LINE
8
BLACK
6
CONTINUOUS
10
104.625
20
-20.7743749999999991
11
104.7685979999999972
21
-20.7905549999999977
0
LINE
8
BLACK
6
CONTINUOUS
10
104.7685979999999972
20
-20.7905549999999977
11
104.904995999999997
21
-20.8382819999999995
0
LINE
8
BLACK
6
CONTINUOUS
10
104.904995999999997
20
-20.8382819999999995
11
105.0273539999999883
21
-20.9151649999999982
0
LINE
8
BLACK
6
CONTINUOUS
10
105.0273539999999883
20
-20.9151649999999982
11
105.12953499999999
21
-21.0173459999999999
0
LINE
8
BLACK
6
CONTINUOUS
10
105.12953499999999
20
-21.0173459999999999
11
105.2064179999999993
21
-21.1397039999999983
0
LINE
8
BLACK
6
CONTINUOUS
10
105.2064179999999993
20
-21.1397039999999983
11
105.2541449999999941
21
-21.2761019999999981
0
LINE
8
BLACK
6
CONTINUOUS
10
105.2541449999999941
20
-21.2761019999999981
11
105.2703249999999997
21
-21.4196999999999989
0
LINE
8
BLACK
6
CONTINUOUS
10
105.2703249999999997
20
-21.4196999999999989
11
105.2541449999999941
21
-21.5632979999999996
0
LINE
8
BLACK
6
CONTINUOUS
10
105.2541449999999941
20
-21.5632979999999996
11
105.2064179999999993
21
-21.6996959999999994
0
LINE
8
BLACK
6
CONTINUOUS
10
105.2064179999999993
20
-21.6996959999999994
11
105.12953499999999
21
-21.8220539999999978
0
LINE
8
BLACK
6
CONTINUOUS
10
105.12953499999999
20
-21.8220539999999978
11
105.0273539999999883
21
-21.9242349999999995
0
LINE
8
BLACK
6
CONTINUOUS
10
105.0273539999999883
20
-21.9242349999999995
11
104.904995999999997
21
-22.0011179999999982
0
LINE
8
BLACK
6
CONTINUOUS
10
104.904995999999997
20
-22.0011179999999982
11
104.7685979999999972
21
-22.048845
0
LINE
8
BLACK
6
CONTINUOUS
10
104.7685979999999972
20
-22.048845
11
104.625
21
-22.0650249999999986
0
LINE
8
BLACK
6
CONTINUOUS
10
104.625
20
-22.0650249999999986
11
104.625
21
-22.0649969999999982
0
LINE
8
BLACK
6
CONTINUOUS
10
104.625
20
-22.0649969999999982
11
104.595610999999991
21
-22.0554479999999984
0
LINE
8
BLACK
6
CONTINUOUS
10
104.595610999999991
20
-22.0554479999999984
11
104.584384
21
-22.0399969999999996
0
LINE
8
BLACK
6
CONTINUOUS
10
104.584384
20
-22.0399969999999996
11
57.8093649999999997
21
-22.0399980000000006
0
LINE
8
BLACK
6
CONTINUOUS
10
57.8093649999999997
20
-22.0399980000000006
11
57.7981379999999945
21
-22.0554509999999979
0
LINE
8
BLACK
6
CONTINUOUS
10
57.7981379999999945
20
-22.0554509999999979
11
57.7687489999999997
21
-22.0649999999999977
0
LINE
8
BLACK
6
CONTINUOUS
10
57.7687489999999997
20
-22.0649999999999977
11
57.4743209999999962
21
-22.0484599999999986
0
LINE
8
BLACK
6
CONTINUOUS
10
57.4743209999999962
20
-22.0484599999999986
11
57.1835959999999943
21
-21.999058999999999
0
LINE
8
BLACK
6
CONTINUOUS
10
57.1835959999999943
20
-21.999058999999999
11
56.9002300000000005
21
-21.9174179999999978
0
LINE
8
BLACK
6
CONTINUOUS
10
56.9002300000000005
20
-21.9174179999999978
11
56.6277869999999979
21
-21.8045639999999992
0
LINE
8
BLACK
6
CONTINUOUS
10
56.6277869999999979
20
-21.8045639999999992
11
56.3696920000000006
21
-21.661915999999998
0
LINE
8
BLACK
6
CONTINUOUS
10
56.3696920000000006
20
-21.661915999999998
11
56.1291909999999987
21
-21.491267999999998
0
LINE
8
BLACK
6
CONTINUOUS
10
56.1291909999999987
20
-21.491267999999998
11
55.9094199999999972
21
-21.2948649999999979
0
LINE
8
BLACK
6
CONTINUOUS
10
55.9094199999999972
20
-21.2948649999999979
11
55.9092939999999956
21
-21.2947810000000004
0
LINE
8
BLACK
6
CONTINUOUS
10
55.9092939999999956
20
-21.2947810000000004
11
53.5767009999999999
21
-18.9621870000000001
0
LINE
8
BLACK
6
CONTINUOUS
10
53.5767009999999999
20
-18.9621870000000001
11
53.5766929999999988
21
-18.9621959999999987
0
LINE
8
BLACK
6
CONTINUOUS
10
53.5766929999999988
20
-18.9621959999999987
11
53.4762389999999996
21
-18.8617419999999996
0
LINE
8
BLACK
6
CONTINUOUS
10
53.4762389999999996
20
-18.8617419999999996
11
53.2541000000000011
21
-18.6845929999999996
0
LINE
8
BLACK
6
CONTINUOUS
10
53.2541000000000011
20
-18.6845929999999996
11
53.0135249999999942
21
-18.5334280000000007
0
LINE
8
BLACK
6
CONTINUOUS
10
53.0135249999999942
20
-18.5334280000000007
11
52.7575369999999992
21
-18.4101479999999995
0
LINE
8
BLACK
6
CONTINUOUS
10
52.7575369999999992
20
-18.4101479999999995
11
52.4893569999999983
21
-18.3163049999999998
0
LINE
8
BLACK
6
CONTINUOUS
10
52.4893569999999983
20
-18.3163049999999998
11
52.2123549999999952
21
-18.2530769999999976
0
LINE
8
BLACK
6
CONTINUOUS
10
52.2123549999999952
20
-18.2530769999999976
11
51.9300169999999994
21
-18.2212600000000009
0
LINE
8
BLACK
6
CONTINUOUS
10
51.9300169999999994
20
-18.2212600000000009
11
51.7879539999999992
21
-18.2212569999999978
0
LINE
8
BLACK
6
CONTINUOUS
10
51.7879539999999992
20
-18.2212569999999978
11
34.7499600000000015
21
-18.2212569999999978
0
LINE
8
BLACK
6
CONTINUOUS
10
34.7499600000000015
20
-18.2212569999999978
11
34.7499539999999953
21
-18.2212549999999993
0
LINE
8
BLACK
6
CONTINUOUS
10
34.7499539999999953
20
-18.2212549999999993
11
34.7499509999999958
21
-18.2212569999999978
0
LINE
8
BLACK
6
CONTINUOUS
10
34.7499509999999958
20
-18.2212569999999978
11
34.5149219999999985
21
-18.2084340000000005
0
LINE
8
BLACK
6
CONTINUOUS
10
34.5149219999999985
20
-18.2084340000000005
11
34.2826859999999982
21
-18.1701060000000005
0
LINE
8
BLACK
6
CONTINUOUS
10
34.2826859999999982
20
-18.1701060000000005
11
34.0559999999999974
21
-18.1067289999999979
0
LINE
8
BLACK
6
CONTINUOUS
10
34.0559999999999974
20
-18.1067289999999979
11
33.8375599999999963
21
-18.0190559999999991
0
LINE
8
BLACK
6
CONTINUOUS
10
33.8375599999999963
20
-18.0190559999999991
11
33.6299589999999995
21
-17.9081270000000004
0
LINE
8
BLACK
6
CONTINUOUS
10
33.6299589999999995
20
-17.9081270000000004
11
33.4356659999999977
21
-17.7752629999999989
0
LINE
8
BLACK
6
CONTINUOUS
10
33.4356659999999977
20
-17.7752629999999989
11
33.2569879999999998
21
-17.6220399999999984
0
LINE
8
BLACK
6
CONTINUOUS
10
33.2569879999999998
20
-17.6220399999999984
11
33.2570070000000015
21
-17.6220210000000002
0
LINE
8
BLACK
6
CONTINUOUS
10
33.2570070000000015
20
-17.6220210000000002
11
33.2568029999999979
21
-17.6216419999999978
0
LINE
8
BLACK
6
CONTINUOUS
10
33.2568029999999979
20
-17.6216419999999978
11
33.2562190000000015
21
-17.6212519999999984
0
LINE
8
BLACK
6
CONTINUOUS
10
33.2562190000000015
20
-17.6212519999999984
11
32.4296429999999987
21
-16.794675999999999
0
LINE
8
BLACK
6
CONTINUOUS
10
32.4296429999999987
20
-16.794675999999999
11
32.4296409999999966
21
-16.7946779999999976
0
LINE
8
BLACK
6
CONTINUOUS
10
32.4296409999999966
20
-16.7946779999999976
11
32.3250419999999963
21
-16.6901839999999986
0
LINE
8
BLACK
6
CONTINUOUS
10
32.3250419999999963
20
-16.6901839999999986
11
32.0912080000000017
21
-16.5091830000000002
0
LINE
8
BLACK
6
CONTINUOUS
10
32.0912080000000017
20
-16.5091830000000002
11
31.8363799999999983
21
-16.3591750000000005
0
LINE
8
BLACK
6
CONTINUOUS
10
31.8363799999999983
20
-16.3591750000000005
11
31.5646430000000002
21
-16.2425630000000005
0
LINE
8
BLACK
6
CONTINUOUS
10
31.5646430000000002
20
-16.2425630000000005
11
31.2803499999999985
21
-16.1612170000000006
0
LINE
8
BLACK
6
CONTINUOUS
10
31.2803499999999985
20
-16.1612170000000006
11
30.9880579999999988
21
-16.1164389999999997
0
LINE
8
BLACK
6
CONTINUOUS
10
30.9880579999999988
20
-16.1164389999999997
11
30.6924509999999984
21
-16.1089489999999991
0
LINE
8
BLACK
6
CONTINUOUS
10
30.6924509999999984
20
-16.1089489999999991
11
30.3982659999999996
21
-16.1388639999999981
0
LINE
8
BLACK
6
CONTINUOUS
10
30.3982659999999996
20
-16.1388639999999981
11
30.1102179999999997
21
-16.2057070000000003
0
LINE
8
BLACK
6
CONTINUOUS
10
30.1102179999999997
20
-16.2057070000000003
11
29.8329229999999974
21
-16.308405999999998
0
LINE
8
BLACK
6
CONTINUOUS
10
29.8329229999999974
20
-16.308405999999998
11
29.5708249999999992
21
-16.4453150000000008
0
LINE
8
BLACK
6
CONTINUOUS
10
29.5708249999999992
20
-16.4453150000000008
11
29.3281229999999979
21
-16.6142399999999988
0
LINE
8
BLACK
6
CONTINUOUS
10
29.3281229999999979
20
-16.6142399999999988
11
29.108708
21
-16.8124749999999992
0
LINE
8
BLACK
6
CONTINUOUS
10
29.108708
20
-16.8124749999999992
11
28.9160959999999996
21
-17.036840999999999
0
LINE
8
BLACK
6
CONTINUOUS
10
28.9160959999999996
20
-17.036840999999999
11
28.7533739999999973
21
-17.2837439999999987
0
LINE
8
BLACK
6
CONTINUOUS
10
28.7533739999999973
20
-17.2837439999999987
11
28.6231480000000005
21
-17.5492260000000009
0
LINE
8
BLACK
6
CONTINUOUS
10
28.6231480000000005
20
-17.5492260000000009
11
28.5275069999999999
21
-17.829034
0
LINE
8
BLACK
6
CONTINUOUS
10
28.5275069999999999
20
-17.829034
11
28.4679830000000003
21
-18.1186830000000008
0
LINE
8
BLACK
6
CONTINUOUS
10
28.4679830000000003
20
-18.1186830000000008
11
28.445528999999997
21
-18.413530999999999
0
LINE
8
BLACK
6
CONTINUOUS
10
28.445528999999997
20
-18.413530999999999
11
28.4605069999999998
21
-18.7088539999999988
0
LINE
8
BLACK
6
CONTINUOUS
10
28.4605069999999998
20
-18.7088539999999988
11
28.512673999999997
21
-18.9999169999999999
0
LINE
8
BLACK
6
CONTINUOUS
10
28.512673999999997
20
-18.9999169999999999
11
28.6011959999999981
21
-19.2820579999999993
0
LINE
8
BLACK
6
CONTINUOUS
10
28.6011959999999981
20
-19.2820579999999993
11
28.7246549999999985
21
-19.5507539999999977
0
LINE
8
BLACK
6
CONTINUOUS
10
28.7246549999999985
20
-19.5507539999999977
11
28.8810699999999976
21
-19.8017000000000003
0
LINE
8
BLACK
6
CONTINUOUS
10
28.8810699999999976
20
-19.8017000000000003
11
29.067936999999997
21
-20.0308740000000007
0
LINE
8
BLACK
6
CONTINUOUS
10
29.067936999999997
20
-20.0308740000000007
11
29.2822599999999973
21
-20.2346029999999999
0
LINE
8
BLACK
6
CONTINUOUS
10
29.2822599999999973
20
-20.2346029999999999
11
29.5206039999999987
21
-20.4096219999999988
0
LINE
8
BLACK
6
CONTINUOUS
10
29.5206039999999987
20
-20.4096219999999988
11
29.7791499999999978
21
-20.5531269999999999
0
LINE
8
BLACK
6
CONTINUOUS
10
29.7791499999999978
20
-20.5531269999999999
11
30.0537539999999979
21
-20.6628170000000004
0
LINE
8
BLACK
6
CONTINUOUS
10
30.0537539999999979
20
-20.6628170000000004
11
30.3400159999999985
21
-20.736936
0
LINE
8
BLACK
6
CONTINUOUS
10
30.3400159999999985
20
-20.736936
11
30.6333489999999991
21
-20.7742939999999976
0
LINE
8
BLACK
6
CONTINUOUS
10
30.6333489999999991
20
-20.7742939999999976
11
30.7811999999999983
21
-20.7743690000000001
0
LINE
8
BLACK
6
CONTINUOUS
10
30.7811999999999983
20
-20.7743690000000001
11
50.625
21
-20.7743749999999991
0
LINE
8
BLACK
6
CONTINUOUS
10
50.625
20
-20.7743749999999991
11
50.7685979999999972
21
-20.7905549999999977
0
LINE
8
BLACK
6
CONTINUOUS
10
50.7685979999999972
20
-20.7905549999999977
11
50.904995999999997
21
-20.8382819999999995
0
LINE
8
BLACK
6
CONTINUOUS
10
50.904995999999997
20
-20.8382819999999995
11
51.0273539999999954
21
-20.9151649999999982
0
LINE
8
BLACK
6
CONTINUOUS
10
51.0273539999999954
20
-20.9151649999999982
11
51.1295349999999971
21
-21.0173459999999999
0
LINE
8
BLACK
6
CONTINUOUS
10
51.1295349999999971
20
-21.0173459999999999
11
51.2064179999999993
21
-21.1397039999999983
0
LINE
8
BLACK
6
CONTINUOUS
10
51.2064179999999993
20
-21.1397039999999983
11
51.2541450000000012
21
-21.2761019999999981
0
LINE
8
BLACK
6
CONTINUOUS
10
51.2541450000000012
20
-21.2761019999999981
11
51.2703249999999997
21
-21.4196999999999989
0
LINE
8
BLACK
6
CONTINUOUS
10
51.2703249999999997
20
-21.4196999999999989
11
51.2541450000000012
21
-21.5632979999999996
0
LINE
8
BLACK
6
CONTINUOUS
10
51.2541450000000012
20
-21.5632979999999996
11
51.2064179999999993
21
-21.6996959999999994
0
LINE
8
BLACK
6
CONTINUOUS
10
51.2064179999999993
20
-21.6996959999999994
11
51.1295349999999971
21
-21.8220539999999978
0
LINE
8
BLACK
6
CONTINUOUS
10
51.1295349999999971
20
-21.8220539999999978
11
51.0273539999999954
21
-21.9242349999999995
0
LINE
8
BLACK
6
CONTINUOUS
10
51.0273539999999954
20
-21.9242349999999995
11
50.904995999999997
21
-22.0011179999999982
0
LINE
8
BLACK
6
CONTINUOUS
10
50.904995999999997
20
-22.0011179999999982
11
50.7685979999999972
21
-22.048845
0
LINE
8
BLACK
6
CONTINUOUS
10
50.7685979999999972
20
-22.048845
11
50.625
21
-22.0650249999999986
0
LINE
8
BLACK
6
CONTINUOUS
10
50.625
20
-22.0650249999999986
11
50.625
21
-22.0649969999999982
0
LINE
8
BLACK
6
CONTINUOUS
10
50.625
20
-22.0649969999999982
11
50.5956109999999981
21
-22.0554479999999984
0
LINE
8
BLACK
6
CONTINUOUS
10
50.5956109999999981
20
-22.0554479999999984
11
50.5843869999999995
21
-22.0399999999999991
0
LINE
8
BLACK
6
CONTINUOUS
10
50.5843869999999995
20
-22.0399999999999991
11
17.625
21
-22.0399999999999991
0
LINE
8
BLACK
6
CONTINUOUS
10
17.625
20
-22.0399999999999991
11
17.4690869999999983
21
-22.0399999999999991
0
LINE
8
BLACK
6
CONTINUOUS
10
17.4690869999999983
20
-22.0399999999999991
11
17.158968999999999
21
-22.0725939999999987
0
LINE
8
BLACK
6
CONTINUOUS
10
17.158968999999999
20
-22.0725939999999987
11
16.8539569999999976
21
-22.1374269999999989
0
LINE
8
BLACK
6
CONTINUOUS
10
16.8539569999999976
20
-22.1374269999999989
11
16.5573920000000001
21
-22.2337859999999985
0
LINE
8
BLACK
6
CONTINUOUS
10
16.5573920000000001
20
-22.2337859999999985
11
16.2725249999999981
21
-22.3606179999999988
0
LINE
8
BLACK
6
CONTINUOUS
10
16.2725249999999981
20
-22.3606179999999988
11
16.0024750000000004
21
-22.5165310000000005
0
LINE
8
BLACK
6
CONTINUOUS
10
16.0024750000000004
20
-22.5165310000000005
11
15.7502019999999998
21
-22.6998180000000005
0
LINE
8
BLACK
6
CONTINUOUS
10
15.7502019999999998
20
-22.6998180000000005
11
15.5184699999999989
21
-22.9084699999999977
0
LINE
8
BLACK
6
CONTINUOUS
10
15.5184699999999989
20
-22.9084699999999977
11
15.3098179999999999
21
-23.1402019999999986
0
LINE
8
BLACK
6
CONTINUOUS
10
15.3098179999999999
20
-23.1402019999999986
11
15.1265309999999999
21
-23.3924749999999975
0
LINE
8
BLACK
6
CONTINUOUS
10
15.1265309999999999
20
-23.3924749999999975
11
14.970618
21
-23.6625249999999987
0
LINE
8
BLACK
6
CONTINUOUS
10
14.970618
20
-23.6625249999999987
11
14.8437859999999997
21
-23.9473920000000007
0
LINE
8
BLACK
6
CONTINUOUS
10
14.8437859999999997
20
-23.9473920000000007
11
14.7474270000000001
21
-24.2439569999999982
0
LINE
8
BLACK
6
CONTINUOUS
10
14.7474270000000001
20
-24.2439569999999982
11
14.6825939999999999
21
-24.5489689999999996
0
LINE
8
BLACK
6
CONTINUOUS
10
14.6825939999999999
20
-24.5489689999999996
11
14.6499999999999986
21
-24.8590869999999988
0
LINE
8
BLACK
6
CONTINUOUS
10
14.6499999999999986
20
-24.8590869999999988
11
14.6499999999999986
21
-25.0150000000000006
0
LINE
8
BLACK
6
CONTINUOUS
10
14.6499999999999986
20
-25.0150000000000006
11
14.6499999999999986
21
-109.0150000000000006
0
LINE
8
BLACK
6
CONTINUOUS
10
14.6499999999999986
20
-109.0150000000000006
11
14.6499999999999986
21
-109.1709129999999988
0
LINE
8
BLACK
6
CONTINUOUS
10
14.6499999999999986
20
-109.1709129999999988
11
14.6825939999999999
21
-109.4810310000000015
0
LINE
8
BLACK
6
CONTINUOUS
10
14.6825939999999999
20
-109.4810310000000015
11
14.7474270000000001
21
-109.7860429999999923
0
LINE
8
BLACK
6
CONTINUOUS
10
14.7474270000000001
20
-109.7860429999999923
11
14.8437859999999997
21
-110.0826079999999934
0
LINE
8
BLACK
6
CONTINUOUS
10
14.8437859999999997
20
-110.0826079999999934
11
14.970618
21
-110.3674749999999989
0
LINE
8
BLACK
6
CONTINUOUS
10
14.970618
20
-110.3674749999999989
11
15.1265309999999999
21
-110.6375249999999966
0
LINE
8
BLACK
6
CONTINUOUS
10
15.1265309999999999
20
-110.6375249999999966
11
15.3098179999999999
21
-110.889797999999999
0
LINE
8
BLACK
6
CONTINUOUS
10
15.3098179999999999
20
-110.889797999999999
11
15.5184699999999989
21
-111.1215299999999928
0
LINE
8
BLACK
6
CONTINUOUS
10
15.5184699999999989
20
-111.1215299999999928
11
15.7502019999999998
21
-111.3301819999999935
0
LINE
8
BLACK
6
CONTINUOUS
10
15.7502019999999998
20
-111.3301819999999935
11
16.0024750000000004
21
-111.5134690000000006
0
LINE
8
BLACK
6
CONTINUOUS
10
16.0024750000000004
20
-111.5134690000000006
11
16.2725249999999981
21
-111.6693819999999988
0
LINE
8
BLACK
6
CONTINUOUS
10
16.2725249999999981
20
-111.6693819999999988
11
16.5573920000000001
21
-111.796213999999992
0
LINE
8
BLACK
6
CONTINUOUS
10
16.5573920000000001
20
-111.796213999999992
11
16.8539569999999976
21
-111.8925729999999987
0
LINE
8
BLACK
6
CONTINUOUS
10
16.8539569999999976
20
-111.8925729999999987
11
17.158968999999999
21
-111.9574059999999918
0
LINE
8
BLACK
6
CONTINUOUS
10
17.158968999999999
20
-111.9574059999999918
11
17.4690869999999983
21
-111.9899999999999949
0
LINE
8
BLACK
6
CONTINUOUS
10
17.4690869999999983
20
-111.9899999999999949
11
17.6249959999999994
21
-111.9899999999999949
0
LINE
8
BLACK
6
CONTINUOUS
10
17.6249959999999994
20
-111.9899999999999949
11
50.5893809999999959
21
-111.985005000000001
0
LINE
8
BLACK
6
CONTINUOUS
10
50.5893809999999959
20
-111.985005000000001
11
50.6006110000000007
21
-111.9695490000000007
0
LINE
8
BLACK
6
CONTINUOUS
10
50.6006110000000007
20
-111.9695490000000007
11
50.6299999999999955
21
-111.9599999999999937
0
LINE
8
BLACK
6
CONTINUOUS
10
50.6299999999999955
20
-111.9599999999999937
11
50.7735929999999982
21
-111.9761790000000019
0
LINE
8
BLACK
6
CONTINUOUS
10
50.7735929999999982
20
-111.9761790000000019
11
50.9099849999999989
21
-112.0239049999999992
0
LINE
8
BLACK
6
CONTINUOUS
10
50.9099849999999989
20
-112.0239049999999992
11
51.0323379999999958
21
-112.1007839999999902
0
LINE
8
BLACK
6
CONTINUOUS
10
51.0323379999999958
20
-112.1007839999999902
11
51.1345159999999979
21
-112.2029619999999994
0
LINE
8
BLACK
6
CONTINUOUS
10
51.1345159999999979
20
-112.2029619999999994
11
51.211394999999996
21
-112.3253149999999891
0
LINE
8
BLACK
6
CONTINUOUS
10
51.211394999999996
20
-112.3253149999999891
11
51.2591210000000004
21
-112.4617069999999899
0
LINE
8
BLACK
6
CONTINUOUS
10
51.2591210000000004
20
-112.4617069999999899
11
51.2752999999999943
21
-112.6052999999999997
0
LINE
8
BLACK
6
CONTINUOUS
10
51.2752999999999943
20
-112.6052999999999997
11
51.2591210000000004
21
-112.7488929999999954
0
LINE
8
BLACK
6
CONTINUOUS
10
51.2591210000000004
20
-112.7488929999999954
11
51.211394999999996
21
-112.8852849999999961
0
LINE
8
BLACK
6
CONTINUOUS
10
51.211394999999996
20
-112.8852849999999961
11
51.1345159999999979
21
-113.007638
0
LINE
8
BLACK
6
CONTINUOUS
10
51.1345159999999979
20
-113.007638
11
51.0323379999999958
21
-113.109815999999995
0
LINE
8
BLACK
6
CONTINUOUS
10
51.0323379999999958
20
-113.109815999999995
11
50.9099849999999989
21
-113.1866950000000003
0
LINE
8
BLACK
6
CONTINUOUS
10
50.9099849999999989
20
-113.1866950000000003
11
50.7735929999999982
21
-113.2344209999999975
0
LINE
8
BLACK
6
CONTINUOUS
10
50.7735929999999982
20
-113.2344209999999975
11
50.6302549999999982
21
-113.2505709999999937
0
LINE
8
BLACK
6
CONTINUOUS
10
50.6302549999999982
20
-113.2505709999999937
11
50.6299999999999955
21
-113.2506219999999928
0
LINE
8
BLACK
6
CONTINUOUS
10
50.6299999999999955
20
-113.2506219999999928
11
30.7861999999999973
21
-113.2506279999999919
0
LINE
8
BLACK
6
CONTINUOUS
10
30.7861999999999973
20
-113.2506279999999919
11
30.7861999999999973
21
-113.2506659999999954
0
LINE
8
BLACK
6
CONTINUOUS
10
30.7861999999999973
20
-113.2506659999999954
11
30.6383499999999991
21
-113.2507409999999908
0
LINE
8
BLACK
6
CONTINUOUS
10
30.6383499999999991
20
-113.2507409999999908
11
30.3450189999999971
21
-113.2880989999999883
0
LINE
8
BLACK
6
CONTINUOUS
10
30.3450189999999971
20
-113.2880989999999883
11
30.0587579999999974
21
-113.3622179999999986
0
LINE
8
BLACK
6
CONTINUOUS
10
30.0587579999999974
20
-113.3622179999999986
11
29.7841549999999984
21
-113.4719079999999991
0
LINE
8
BLACK
6
CONTINUOUS
10
29.7841549999999984
20
-113.4719079999999991
11
29.5256100000000004
21
-113.6154119999999921
0
LINE
8
BLACK
6
CONTINUOUS
10
29.5256100000000004
20
-113.6154119999999921
11
29.2872669999999999
21
-113.7904309999999981
0
LINE
8
BLACK
6
CONTINUOUS
10
29.2872669999999999
20
-113.7904309999999981
11
29.0729459999999982
21
-113.9941589999999962
0
LINE
8
BLACK
6
CONTINUOUS
10
29.0729459999999982
20
-113.9941589999999962
11
28.8860799999999998
21
-114.2233319999999992
0
LINE
8
BLACK
6
CONTINUOUS
10
28.8860799999999998
20
-114.2233319999999992
11
28.7296659999999981
21
-114.474275999999989
0
LINE
8
BLACK
6
CONTINUOUS
10
28.7296659999999981
20
-114.474275999999989
11
28.6062089999999998
21
-114.7429719999999946
0
LINE
8
BLACK
6
CONTINUOUS
10
28.6062089999999998
20
-114.7429719999999946
11
28.5176869999999987
21
-115.0251109999999954
0
LINE
8
BLACK
6
CONTINUOUS
10
28.5176869999999987
20
-115.0251109999999954
11
28.465520999999999
21
-115.3161739999999895
0
LINE
8
BLACK
6
CONTINUOUS
10
28.465520999999999
20
-115.3161739999999895
11
28.4505439999999972
21
-115.6114949999999908
0
LINE
8
BLACK
6
CONTINUOUS
10
28.4505439999999972
20
-115.6114949999999908
11
28.4729989999999979
21
-115.9063419999999951
0
LINE
8
BLACK
6
CONTINUOUS
10
28.4729989999999979
20
-115.9063419999999951
11
28.5325239999999987
21
-116.1959889999999973
0
LINE
8
BLACK
6
CONTINUOUS
10
28.5325239999999987
20
-116.1959889999999973
11
28.6281649999999992
21
-116.4757949999999909
0
LINE
8
BLACK
6
CONTINUOUS
10
28.6281649999999992
20
-116.4757949999999909
11
28.7583909999999996
21
-116.7412759999999992
0
LINE
8
BLACK
6
CONTINUOUS
10
28.7583909999999996
20
-116.7412759999999992
11
28.9211139999999993
21
-116.9881769999999932
0
LINE
8
BLACK
6
CONTINUOUS
10
28.9211139999999993
20
-116.9881769999999932
11
29.1137259999999998
21
-117.2125419999999991
0
LINE
8
BLACK
6
CONTINUOUS
10
29.1137259999999998
20
-117.2125419999999991
11
29.3331400000000002
21
-117.4107739999999893
0
LINE
8
BLACK
6
CONTINUOUS
10
29.3331400000000002
20
-117.4107739999999893
11
29.5758409999999969
21
-117.5796969999999959
0
LINE
8
BLACK
6
CONTINUOUS
10
29.5758409999999969
20
-117.5796969999999959
11
29.8379389999999987
21
-117.7166050000000013
0
LINE
8
BLACK
6
CONTINUOUS
10
29.8379389999999987
20
-117.7166050000000013
11
30.1152329999999999
21
-117.8193019999999933
0
LINE
8
BLACK
6
CONTINUOUS
10
30.1152329999999999
20
-117.8193019999999933
11
30.4032799999999988
21
-117.8861429999999899
0
LINE
8
BLACK
6
CONTINUOUS
10
30.4032799999999988
20
-117.8861429999999899
11
30.6974640000000001
21
-117.916056999999995
0
LINE
8
BLACK
6
CONTINUOUS
10
30.6974640000000001
20
-117.916056999999995
11
30.9930699999999995
21
-117.9085639999999984
0
LINE
8
BLACK
6
CONTINUOUS
10
30.9930699999999995
20
-117.9085639999999984
11
31.2853599999999972
21
-117.8637859999999904
0
LINE
8
BLACK
6
CONTINUOUS
10
31.2853599999999972
20
-117.8637859999999904
11
31.5696509999999968
21
-117.7824379999999991
0
LINE
8
BLACK
6
CONTINUOUS
10
31.5696509999999968
20
-117.7824379999999991
11
31.8413869999999974
21
-117.6658249999999981
0
LINE
8
BLACK
6
CONTINUOUS
10
31.8413869999999974
20
-117.6658249999999981
11
32.0962120000000013
21
-117.5158160000000009
0
LINE
8
BLACK
6
CONTINUOUS
10
32.0962120000000013
20
-117.5158160000000009
11
32.3300440000000009
21
-117.3348139999999944
0
LINE
8
BLACK
6
CONTINUOUS
10
32.3300440000000009
20
-117.3348139999999944
11
32.4346419999999966
21
-117.2303209999999893
0
LINE
8
BLACK
6
CONTINUOUS
10
32.4346419999999966
20
-117.2303209999999893
11
32.4346439999999987
21
-117.2303189999999944
0
LINE
8
BLACK
6
CONTINUOUS
10
32.4346439999999987
20
-117.2303189999999944
11
33.261218999999997
21
-116.4037450000000007
0
LINE
8
BLACK
6
CONTINUOUS
10
33.261218999999997
20
-116.4037450000000007
11
33.2618030000000005
21
-116.4033539999999931
0
LINE
8
BLACK
6
CONTINUOUS
10
33.2618030000000005
20
-116.4033539999999931
11
33.262006999999997
21
-116.4029759999999953
0
LINE
8
BLACK
6
CONTINUOUS
10
33.262006999999997
20
-116.4029759999999953
11
33.4406829999999999
21
-116.2497559999999908
0
LINE
8
BLACK
6
CONTINUOUS
10
33.4406829999999999
20
-116.2497559999999908
11
33.6349739999999997
21
-116.1168929999999904
0
LINE
8
BLACK
6
CONTINUOUS
10
33.6349739999999997
20
-116.1168929999999904
11
33.8425709999999995
21
-116.0059669999999983
0
LINE
8
BLACK
6
CONTINUOUS
10
33.8425709999999995
20
-116.0059669999999983
11
34.0610089999999985
21
-115.9182939999999888
0
LINE
8
BLACK
6
CONTINUOUS
10
34.0610089999999985
20
-115.9182939999999888
11
34.2876919999999998
21
-115.8549179999999978
0
LINE
8
BLACK
6
CONTINUOUS
10
34.2876919999999998
20
-115.8549179999999978
11
34.5199250000000006
21
-115.8165909999999883
0
LINE
8
BLACK
6
CONTINUOUS
10
34.5199250000000006
20
-115.8165909999999883
11
34.754768999999996
21
-115.8037769999999966
0
LINE
8
BLACK
6
CONTINUOUS
10
34.754768999999996
20
-115.8037769999999966
11
34.7549509999999984
21
-115.803740999999988
0
LINE
8
BLACK
6
CONTINUOUS
10
34.7549509999999984
20
-115.803740999999988
11
34.7549509999999984
21
-115.8037399999999906
0
LINE
8
BLACK
6
CONTINUOUS
10
34.7549509999999984
20
-115.8037399999999906
11
34.7549539999999979
21
-115.803740999999988
0
LINE
8
BLACK
6
CONTINUOUS
10
34.7549539999999979
20
-115.803740999999988
11
34.754959999999997
21
-115.8037399999999906
0
LINE
8
BLACK
6
CONTINUOUS
10
34.754959999999997
20
-115.8037399999999906
11
51.7929549999999992
21
-115.8037399999999906
0
LINE
8
BLACK
6
CONTINUOUS
10
51.7929549999999992
20
-115.8037399999999906
11
51.7930149999999969
21
-115.8037509999999912
0
LINE
8
BLACK
6
CONTINUOUS
10
51.7930149999999969
20
-115.8037509999999912
11
51.9350169999999949
21
-115.8037489999999963
0
LINE
8
BLACK
6
CONTINUOUS
10
51.9350169999999949
20
-115.8037489999999963
11
52.2173569999999998
21
-115.7719319999999925
0
LINE
8
BLACK
6
CONTINUOUS
10
52.2173569999999998
20
-115.7719319999999925
11
52.4943600000000004
21
-115.7087039999999973
0
LINE
8
BLACK
6
CONTINUOUS
10
52.4943600000000004
20
-115.7087039999999973
11
52.7625419999999963
21
-115.6148599999999931
0
LINE
8
BLACK
6
CONTINUOUS
10
52.7625419999999963
20
-115.6148599999999931
11
53.0185299999999984
21
-115.4915790000000015
0
LINE
8
BLACK
6
CONTINUOUS
10
53.0185299999999984
20
-115.4915790000000015
11
53.2591070000000002
21
-115.3404139999999956
0
LINE
8
BLACK
6
CONTINUOUS
10
53.2591070000000002
20
-115.3404139999999956
11
53.4812459999999987
21
-115.1632630000000006
0
LINE
8
BLACK
6
CONTINUOUS
10
53.4812459999999987
20
-115.1632630000000006
11
53.5816999999999979
21
-115.0628090000000014
0
LINE
8
BLACK
6
CONTINUOUS
10
53.5816999999999979
20
-115.0628090000000014
11
53.5817009999999954
21
-115.0628099999999989
0
LINE
8
BLACK
6
CONTINUOUS
10
53.5817009999999954
20
-115.0628099999999989
11
55.9142939999999982
21
-112.7302159999999986
0
LINE
8
BLACK
6
CONTINUOUS
10
55.9142939999999982
20
-112.7302159999999986
11
55.9142979999999952
21
-112.730212999999992
0
LINE
8
BLACK
6
CONTINUOUS
10
55.9142979999999952
20
-112.730212999999992
11
56.1341779999999986
21
-112.5337139999999891
0
LINE
8
BLACK
6
CONTINUOUS
10
56.1341779999999986
20
-112.5337139999999891
11
56.3746809999999954
21
-112.3630649999999918
0
LINE
8
BLACK
6
CONTINUOUS
10
56.3746809999999954
20
-112.3630649999999918
11
56.6327779999999947
21
-112.2204160000000002
0
LINE
8
BLACK
6
CONTINUOUS
10
56.6327779999999947
20
-112.2204160000000002
11
56.9052239999999969
21
-112.1075609999999898
0
LINE
8
BLACK
6
CONTINUOUS
10
56.9052239999999969
20
-112.1075609999999898
11
57.1885919999999999
21
-112.0259199999999993
0
LINE
8
BLACK
6
CONTINUOUS
10
57.1885919999999999
20
-112.0259199999999993
11
57.4793189999999967
21
-111.9765179999999987
0
LINE
8
BLACK
6
CONTINUOUS
10
57.4793189999999967
20
-111.9765179999999987
11
57.7737489999999951
21
-111.9599779999999924
0
LINE
8
BLACK
6
CONTINUOUS
10
57.7737489999999951
20
-111.9599779999999924
11
57.7737489999999951
21
-111.9599970000000013
0
LINE
8
BLACK
6
CONTINUOUS
10
57.7737489999999951
20
-111.9599970000000013
11
57.803137999999997
21
-111.969545999999994
0
LINE
8
BLACK
6
CONTINUOUS
10
57.803137999999997
20
-111.969545999999994
11
57.8143649999999951
21
-111.9849969999999928
0
LINE
8
BLACK
6
CONTINUOUS
10
57.8143649999999951
20
-111.9849969999999928
11
104.6193839999999966
21
-111.984999000000002
0
LINE
8
BLACK
6
CONTINUOUS
10
104.6193839999999966
20
-111.984999000000002
11
104.6306110000000018
21
-111.9695490000000007
0
LINE
8
BLACK
6
CONTINUOUS
10
104.6306110000000018
20
-111.9695490000000007
11
104.6599999999999966
21
-111.9599999999999937
0
LINE
8
BLACK
6
CONTINUOUS
10
104.6599999999999966
20
-111.9599999999999937
11
104.8035929999999922
21
-111.9761790000000019
0
LINE
8
BLACK
6
CONTINUOUS
10
104.8035929999999922
20
-111.9761790000000019
11
104.939984999999993
21
-112.0239049999999992
0
LINE
8
BLACK
6
CONTINUOUS
10
104.939984999999993
20
-112.0239049999999992
11
105.0623379999999969
21
-112.1007839999999902
0
LINE
8
BLACK
6
CONTINUOUS
10
105.0623379999999969
20
-112.1007839999999902
11
105.1645159999999919
21
-112.2029619999999994
0
LINE
8
BLACK
6
CONTINUOUS
10
105.1645159999999919
20
-112.2029619999999994
11
105.2413949999999971
21
-112.3253149999999891
0
LINE
8
BLACK
6
CONTINUOUS
10
105.2413949999999971
20
-112.3253149999999891
11
105.2891209999999944
21
-112.4617069999999899
0
LINE
8
BLACK
6
CONTINUOUS
10
105.2891209999999944
20
-112.4617069999999899
11
105.3052999999999884
21
-112.6052999999999997
0
LINE
8
BLACK
6
CONTINUOUS
10
105.3052999999999884
20
-112.6052999999999997
11
105.2891209999999944
21
-112.7488929999999954
0
LINE
8
BLACK
6
CONTINUOUS
10
105.2891209999999944
20
-112.7488929999999954
11
105.2413949999999971
21
-112.8852849999999961
0
LINE
8
BLACK
6
CONTINUOUS
10
105.2413949999999971
20
-112.8852849999999961
11
105.1645159999999919
21
-113.007638
0
LINE
8
BLACK
6
CONTINUOUS
10
105.1645159999999919
20
-113.007638
11
105.0623379999999969
21
-113.109815999999995
0
LINE
8
BLACK
6
CONTINUOUS
10
105.0623379999999969
20
-113.109815999999995
11
104.939984999999993
21
-113.1866950000000003
0
LINE
8
BLACK
6
CONTINUOUS
10
104.939984999999993
20
-113.1866950000000003
11
104.8035929999999922
21
-113.2344209999999975
0
LINE
8
BLACK
6
CONTINUOUS
10
104.8035929999999922
20
-113.2344209999999975
11
104.6602549999999923
21
-113.2505709999999937
0
LINE
8
BLACK
6
CONTINUOUS
10
104.6602549999999923
20
-113.2505709999999937
11
104.6599999999999966
21
-113.2506219999999928
0
LINE
8
BLACK
6
CONTINUOUS
10
104.6599999999999966
20
-113.2506219999999928
11
84.8161999999999949
21
-113.2506279999999919
0
LINE
8
BLACK
6
CONTINUOUS
10
84.8161999999999949
20
-113.2506279999999919
11
84.8161999999999949
21
-113.2506659999999954
0
LINE
8
BLACK
6
CONTINUOUS
10
84.8161999999999949
20
-113.2506659999999954
11
84.6683499999999896
21
-113.2507409999999908
0
LINE
8
BLACK
6
CONTINUOUS
10
84.6683499999999896
20
-113.2507409999999908
11
84.3750189999999947
21
-113.2880989999999883
0
LINE
8
BLACK
6
CONTINUOUS
10
84.3750189999999947
20
-113.2880989999999883
11
84.0887579999999986
21
-113.3622179999999986
0
LINE
8
BLACK
6
CONTINUOUS
10
84.0887579999999986
20
-113.3622179999999986
11
83.8141549999999995
21
-113.4719079999999991
0
LINE
8
BLACK
6
CONTINUOUS
10
83.8141549999999995
20
-113.4719079999999991
11
83.5556100000000015
21
-113.6154119999999921
0
LINE
8
BLACK
6
CONTINUOUS
10
83.5556100000000015
20
-113.6154119999999921
11
83.3172670000000011
21
-113.7904309999999981
0
LINE
8
BLACK
6
CONTINUOUS
10
83.3172670000000011
20
-113.7904309999999981
11
83.1029460000000029
21
-113.9941589999999962
0
LINE
8
BLACK
6
CONTINUOUS
10
83.1029460000000029
20
-113.9941589999999962
11
82.9160799999999938
21
-114.2233319999999992
0
LINE
8
BLACK
6
CONTINUOUS
10
82.9160799999999938
20
-114.2233319999999992
11
82.7596659999999957
21
-114.474275999999989
0
LINE
8
BLACK
6
CONTINUOUS
10
82.7596659999999957
20
-114.474275999999989
11
82.6362089999999938
21
-114.7429719999999946
0
LINE
8
BLACK
6
CONTINUOUS
10
82.6362089999999938
20
-114.7429719999999946
11
82.5476869999999963
21
-115.0251109999999954
0
LINE
8
BLACK
6
CONTINUOUS
10
82.5476869999999963
20
-115.0251109999999954
11
82.4955209999999965
21
-115.3161739999999895
0
LINE
8
BLACK
6
CONTINUOUS
10
82.4955209999999965
20
-115.3161739999999895
11
82.4805439999999948
21
-115.6114949999999908
0
LINE
8
BLACK
6
CONTINUOUS
10
82.4805439999999948
20
-115.6114949999999908
11
82.5029990000000026
21
-115.9063419999999951
0
LINE
8
BLACK
6
CONTINUOUS
10
82.5029990000000026
20
-115.9063419999999951
11
82.5625239999999962
21
-116.1959889999999973
0
LINE
8
BLACK
6
CONTINUOUS
10
82.5625239999999962
20
-116.1959889999999973
11
82.6581649999999968
21
-116.4757949999999909
0
LINE
8
BLACK
6
CONTINUOUS
10
82.6581649999999968
20
-116.4757949999999909
11
82.7883909999999901
21
-116.7412759999999992
0
LINE
8
BLACK
6
CONTINUOUS
10
82.7883909999999901
20
-116.7412759999999992
11
82.9511139999999898
21
-116.9881769999999932
0
LINE
8
BLACK
6
CONTINUOUS
10
82.9511139999999898
20
-116.9881769999999932
11
83.1437260000000009
21
-117.2125419999999991
0
LINE
8
BLACK
6
CONTINUOUS
10
83.1437260000000009
20
-117.2125419999999991
11
83.3631400000000014
21
-117.4107739999999893
0
LINE
8
BLACK
6
CONTINUOUS
10
83.3631400000000014
20
-117.4107739999999893
11
83.6058409999999981
21
-117.5796969999999959
0
LINE
8
BLACK
6
CONTINUOUS
10
83.6058409999999981
20
-117.5796969999999959
11
83.8679389999999927
21
-117.7166050000000013
0
LINE
8
BLACK
6
CONTINUOUS
10
83.8679389999999927
20
-117.7166050000000013
11
84.1452329999999904
21
-117.8193019999999933
0
LINE
8
BLACK
6
CONTINUOUS
10
84.1452329999999904
20
-117.8193019999999933
11
84.4332799999999963
21
-117.8861429999999899
0
LINE
8
BLACK
6
CONTINUOUS
10
84.4332799999999963
20
-117.8861429999999899
11
84.7274639999999977
21
-117.916056999999995
0
LINE
8
BLACK
6
CONTINUOUS
10
84.7274639999999977
20
-117.916056999999995
11
85.0230699999999899
21
-117.9085639999999984
0
LINE
8
BLACK
6
CONTINUOUS
10
85.0230699999999899
20
-117.9085639999999984
11
85.3153599999999983
21
-117.8637859999999904
0
LINE
8
BLACK
6
CONTINUOUS
10
85.3153599999999983
20
-117.8637859999999904
11
85.5996509999999944
21
-117.7824379999999991
0
LINE
8
BLACK
6
CONTINUOUS
10
85.5996509999999944
20
-117.7824379999999991
11
85.8713869999999986
21
-117.6658249999999981
0
LINE
8
BLACK
6
CONTINUOUS
10
85.8713869999999986
20
-117.6658249999999981
11
86.1262119999999953
21
-117.5158160000000009
0
LINE
8
BLACK
6
CONTINUOUS
10
86.1262119999999953
20
-117.5158160000000009
11
86.360044000000002
21
-117.3348139999999944
0
LINE
8
BLACK
6
CONTINUOUS
10
86.360044000000002
20
-117.3348139999999944
11
86.4646419999999978
21
-117.2303209999999893
0
LINE
8
BLACK
6
CONTINUOUS
10
86.4646419999999978
20
-117.2303209999999893
11
86.4646439999999927
21
-117.2303189999999944
0
LINE
8
BLACK
6
CONTINUOUS
10
86.4646439999999927
20
-117.2303189999999944
11
87.2912189999999981
21
-116.4037450000000007
0
LINE
8
BLACK
6
CONTINUOUS
10
87.2912189999999981
20
-116.4037450000000007
11
87.2918030000000016
21
-116.4033539999999931
0
LINE
8
BLACK
6
CONTINUOUS
10
87.2918030000000016
20
-116.4033539999999931
11
87.2920069999999981
21
-116.4029759999999953
0
LINE
8
BLACK
6
CONTINUOUS
10
87.2920069999999981
20
-116.4029759999999953
11
87.470682999999994
21
-116.2497559999999908
0
LINE
8
BLACK
6
CONTINUOUS
10
87.470682999999994
20
-116.2497559999999908
11
87.6649740000000008
21
-116.1168929999999904
0
LINE
8
BLACK
6
CONTINUOUS
10
87.6649740000000008
20
-116.1168929999999904
11
87.8725709999999935
21
-116.0059669999999983
0
LINE
8
BLACK
6
CONTINUOUS
10
87.8725709999999935
20
-116.0059669999999983
11
88.0910089999999997
21
-115.9182939999999888
0
LINE
8
BLACK
6
CONTINUOUS
10
88.0910089999999997
20
-115.9182939999999888
11
88.3176919999999939
21
-115.8549179999999978
0
LINE
8
BLACK
6
CONTINUOUS
10
88.3176919999999939
20
-115.8549179999999978
11
88.5499250000000018
21
-115.8165909999999883
0
LINE
8
BLACK
6
CONTINUOUS
10
88.5499250000000018
20
-115.8165909999999883
11
88.7847689999999972
21
-115.8037769999999966
0
LINE
8
BLACK
6
CONTINUOUS
10
88.7847689999999972
20
-115.8037769999999966
11
88.7849509999999924
21
-115.803740999999988
0
LINE
8
BLACK
6
CONTINUOUS
10
88.7849509999999924
20
-115.803740999999988
11
88.7849509999999924
21
-115.8037399999999906
0
LINE
8
BLACK
6
CONTINUOUS
10
88.7849509999999924
20
-115.8037399999999906
11
88.784953999999999
21
-115.803740999999988
0
LINE
8
BLACK
6
CONTINUOUS
10
88.784953999999999
20
-115.803740999999988
11
88.7849599999999981
21
-115.8037399999999906
0
LINE
8
BLACK
6
CONTINUOUS
10
88.7849599999999981
20
-115.8037399999999906
11
105.8229549999999932
21
-115.8037399999999906
0
LINE
8
BLACK
6
CONTINUOUS
10
105.8229549999999932
20
-115.8037399999999906
11
105.8230149999999981
21
-115.8037509999999912
0
LINE
8
BLACK
6
CONTINUOUS
10
105.8230149999999981
20
-115.8037509999999912
11
105.9650169999999889
21
-115.8037489999999963
0
LINE
8
BLACK
6
CONTINUOUS
10
105.9650169999999889
20
-115.8037489999999963
11
106.2473569999999938
21
-115.7719319999999925
0
LINE
8
BLACK
6
CONTINUOUS
10
106.2473569999999938
20
-115.7719319999999925
11
106.5243600000000015
21
-115.7087039999999973
0
LINE
8
BLACK
6
CONTINUOUS
10
106.5243600000000015
20
-115.7087039999999973
11
106.7925419999999974
21
-115.6148599999999931
0
LINE
8
BLACK
6
CONTINUOUS
10
106.7925419999999974
20
-115.6148599999999931
11
107.0485299999999995
21
-115.4915790000000015
0
LINE
8
BLACK
6
CONTINUOUS
10
107.0485299999999995
20
-115.4915790000000015
11
107.2891070000000013
21
-115.3404139999999956
0
LINE
8
BLACK
6
CONTINUOUS
10
107.2891070000000013
20
-115.3404139999999956
11
107.5112459999999999
21
-115.1632630000000006
0
LINE
8
BLACK
6
CONTINUOUS
10
107.5112459999999999
20
-115.1632630000000006
11
107.611699999999999
21
-115.0628090000000014
0
LINE
8
BLACK
6
CONTINUOUS
10
107.611699999999999
20
-115.0628090000000014
11
107.6117009999999965
21
-115.0628099999999989
0
LINE
8
BLACK
6
CONTINUOUS
10
107.6117009999999965
20
-115.0628099999999989
11
109.9442939999999993
21
-112.7302159999999986
0
LINE
8
BLACK
6
CONTINUOUS
10
109.9442939999999993
20
-112.7302159999999986
11
109.9442979999999892
21
-112.730212999999992
0
LINE
8
BLACK
6
CONTINUOUS
10
109.9442979999999892
20
-112.730212999999992
11
110.1641779999999926
21
-112.5337139999999891
0
LINE
8
BLACK
6
CONTINUOUS
10
110.1641779999999926
20
-112.5337139999999891
11
110.4046809999999965
21
-112.3630649999999918
0
LINE
8
BLACK
6
CONTINUOUS
10
110.4046809999999965
20
-112.3630649999999918
11
110.6627779999999888
21
-112.2204160000000002
0
LINE
8
BLACK
6
CONTINUOUS
10
110.6627779999999888
20
-112.2204160000000002
11
110.935223999999991
21
-112.1075609999999898
0
LINE
8
BLACK
6
CONTINUOUS
10
110.935223999999991
20
-112.1075609999999898
11
111.218592000000001
21
-112.0259199999999993
0
LINE
8
BLACK
6
CONTINUOUS
10
111.218592000000001
20
-112.0259199999999993
11
111.5093189999999908
21
-111.9765179999999987
0
LINE
8
BLACK
6
CONTINUOUS
10
111.5093189999999908
20
-111.9765179999999987
11
111.8037489999999963
21
-111.9599779999999924
0
LINE
8
BLACK
6
CONTINUOUS
10
111.8037489999999963
20
-111.9599779999999924
11
111.8037489999999963
21
-111.9599970000000013
0
LINE
8
BLACK
6
CONTINUOUS
10
111.8037489999999963
20
-111.9599970000000013
11
111.8331379999999911
21
-111.969545999999994
0
LINE
8
BLACK
6
CONTINUOUS
10
111.8331379999999911
20
-111.969545999999994
11
111.8443520000000007
21
-111.9849789999999956
0
LINE
8
BLACK
6
CONTINUOUS
10
111.8443520000000007
20
-111.9849789999999956
11
142.4556340000000034
21
-111.984999000000002
0
LINE
8
BLACK
6
CONTINUOUS
10
142.4556340000000034
20
-111.984999000000002
11
142.4668619999999919
21
-111.9695490000000007
0
LINE
8
BLACK
6
CONTINUOUS
10
142.4668619999999919
20
-111.9695490000000007
11
142.4962510000000009
21
-111.9599999999999937
0
LINE
8
BLACK
6
CONTINUOUS
10
142.4962510000000009
20
-111.9599999999999937
11
142.790678999999983
21
-111.97654
0
LINE
8
BLACK
6
CONTINUOUS
10
142.790678999999983
20
-111.97654
11
143.081403999999992
21
-112.0259409999999889
0
LINE
8
BLACK
6
CONTINUOUS
10
143.081403999999992
20
-112.0259409999999889
11
143.3647699999999929
21
-112.1075819999999936
0
LINE
8
BLACK
6
CONTINUOUS
10
143.3647699999999929
20
-112.1075819999999936
11
143.6372130000000027
21
-112.2204359999999923
0
LINE
8
BLACK
6
CONTINUOUS
10
143.6372130000000027
20
-112.2204359999999923
11
143.895308
21
-112.3630840000000006
0
LINE
8
BLACK
6
CONTINUOUS
10
143.895308
20
-112.3630840000000006
11
144.1358089999999947
21
-112.5337320000000005
0
LINE
8
BLACK
6
CONTINUOUS
10
144.1358089999999947
20
-112.5337320000000005
11
144.3555829999999958
21
-112.7301379999999966
0
LINE
8
BLACK
6
CONTINUOUS
10
144.3555829999999958
20
-112.7301379999999966
11
144.3557059999999979
21
-112.7302199999999885
0
LINE
8
BLACK
6
CONTINUOUS
10
144.3557059999999979
20
-112.7302199999999885
11
144.3557069999999953
21
-112.7302199999999885
0
LINE
8
BLACK
6
CONTINUOUS
10
144.3557069999999953
20
-112.7302199999999885
11
144.3557079999999928
21
-112.7302219999999977
0
LINE
8
BLACK
6
CONTINUOUS
10
144.3557079999999928
20
-112.7302219999999977
11
146.6882990000000007
21
-115.0628119999999939
0
LINE
8
BLACK
6
CONTINUOUS
10
146.6882990000000007
20
-115.0628119999999939
11
146.6883069999999805
21
-115.0628039999999999
0
LINE
8
BLACK
6
CONTINUOUS
10
146.6883069999999805
20
-115.0628039999999999
11
146.7887609999999938
21
-115.163257999999999
0
LINE
8
BLACK
6
CONTINUOUS
10
146.7887609999999938
20
-115.163257999999999
11
147.0108999999999924
21
-115.340406999999999
0
LINE
8
BLACK
6
CONTINUOUS
10
147.0108999999999924
20
-115.340406999999999
11
147.2514749999999992
21
-115.4915719999999908
0
LINE
8
BLACK
6
CONTINUOUS
10
147.2514749999999992
20
-115.4915719999999908
11
147.5074630000000013
21
-115.6148519999999991
0
LINE
8
BLACK
6
CONTINUOUS
10
147.5074630000000013
20
-115.6148519999999991
11
147.7756430000000023
21
-115.7086949999999916
0
LINE
8
BLACK
6
CONTINUOUS
10
147.7756430000000023
20
-115.7086949999999916
11
148.0526449999999841
21
-115.771923000000001
0
LINE
8
BLACK
6
CONTINUOUS
10
148.0526449999999841
20
-115.771923000000001
11
148.334982999999994
21
-115.8037399999999906
0
LINE
8
BLACK
6
CONTINUOUS
10
148.334982999999994
20
-115.8037399999999906
11
148.4770460000000014
21
-115.8037429999999972
0
LINE
8
BLACK
6
CONTINUOUS
10
148.4770460000000014
20
-115.8037429999999972
11
165.5150399999999991
21
-115.8037429999999972
0
LINE
8
BLACK
6
CONTINUOUS
10
165.5150399999999991
20
-115.8037429999999972
11
165.5150449999999864
21
-115.8037439999999947
0
LINE
8
BLACK
6
CONTINUOUS
10
165.5150449999999864
20
-115.8037439999999947
11
165.5150490000000048
21
-115.8037429999999972
0
LINE
8
BLACK
6
CONTINUOUS
10
165.5150490000000048
20
-115.8037429999999972
11
165.750078000000002
21
-115.8165659999999946
0
LINE
8
BLACK
6
CONTINUOUS
10
165.750078000000002
20
-115.8165659999999946
11
165.9823140000000024
21
-115.8548940000000016
0
LINE
8
BLACK
6
CONTINUOUS
10
165.9823140000000024
20
-115.8548940000000016
11
166.2090000000000032
21
-115.9182709999999901
0
LINE
8
BLACK
6
CONTINUOUS
10
166.2090000000000032
20
-115.9182709999999901
11
166.4274399999999901
21
-116.0059439999999995
0
LINE
8
BLACK
6
CONTINUOUS
10
166.4274399999999901
20
-116.0059439999999995
11
166.6350410000000011
21
-116.1168729999999982
0
LINE
8
BLACK
6
CONTINUOUS
10
166.6350410000000011
20
-116.1168729999999982
11
166.8293339999999887
21
-116.2497369999999961
0
LINE
8
BLACK
6
CONTINUOUS
10
166.8293339999999887
20
-116.2497369999999961
11
167.0080119999999795
21
-116.4029599999999931
0
LINE
8
BLACK
6
CONTINUOUS
10
167.0080119999999795
20
-116.4029599999999931
11
167.007992999999999
21
-116.4029789999999878
0
LINE
8
BLACK
6
CONTINUOUS
10
167.007992999999999
20
-116.4029789999999878
11
167.0081959999999981
21
-116.4033569999999997
0
LINE
8
BLACK
6
CONTINUOUS
10
167.0081959999999981
20
-116.4033569999999997
11
167.008780999999999
21
-116.4037479999999931
0
LINE
8
BLACK
6
CONTINUOUS
10
167.008780999999999
20
-116.4037479999999931
11
167.8353549999999927
21
-117.230322000000001
0
LINE
8
BLACK
6
CONTINUOUS
10
167.8353549999999927
20
-117.230322000000001
11
167.8353579999999852
21
-117.230323999999996
0
LINE
8
BLACK
6
CONTINUOUS
10
167.8353579999999852
20
-117.230323999999996
11
167.8353569999999877
21
-117.230323999999996
0
LINE
8
BLACK
6
CONTINUOUS
10
167.8353569999999877
20
-117.230323999999996
11
167.8354469999999878
21
-117.2304589999999962
0
LINE
8
BLACK
6
CONTINUOUS
10
167.8354469999999878
20
-117.2304589999999962
11
167.9399339999999938
21
-117.3348419999999948
0
LINE
8
BLACK
6
CONTINUOUS
10
167.9399339999999938
20
-117.3348419999999948
11
168.1737699999999904
21
-117.5158459999999963
0
LINE
8
BLACK
6
CONTINUOUS
10
168.1737699999999904
20
-117.5158459999999963
11
168.4285989999999913
21
-117.6658569999999884
0
LINE
8
BLACK
6
CONTINUOUS
10
168.4285989999999913
20
-117.6658569999999884
11
168.7003389999999854
21
-117.782471000000001
0
LINE
8
BLACK
6
CONTINUOUS
10
168.7003389999999854
20
-117.782471000000001
11
168.9846339999999998
21
-117.8638199999999898
0
LINE
8
BLACK
6
CONTINUOUS
10
168.9846339999999998
20
-117.8638199999999898
11
169.2769289999999955
21
-117.9085989999999953
0
LINE
8
BLACK
6
CONTINUOUS
10
169.2769289999999955
20
-117.9085989999999953
11
169.5725390000000061
21
-117.9160919999999919
0
LINE
8
BLACK
6
CONTINUOUS
10
169.5725390000000061
20
-117.9160919999999919
11
169.8667269999999974
21
-117.8861769999999893
0
LINE
8
BLACK
6
CONTINUOUS
10
169.8667269999999974
20
-117.8861769999999893
11
170.1547779999999932
21
-117.8193349999999953
0
LINE
8
BLACK
6
CONTINUOUS
10
170.1547779999999932
20
-117.8193349999999953
11
170.432075999999995
21
-117.7166359999999941
0
LINE
8
BLACK
6
CONTINUOUS
10
170.432075999999995
20
-117.7166359999999941
11
170.6941779999999937
21
-117.5797269999999912
0
LINE
8
BLACK
6
CONTINUOUS
10
170.6941779999999937
20
-117.5797269999999912
11
170.9368819999999971
21
-117.4108009999999922
0
LINE
8
BLACK
6
CONTINUOUS
10
170.9368819999999971
20
-117.4108009999999922
11
171.1562999999999874
21
-117.2125649999999979
0
LINE
8
BLACK
6
CONTINUOUS
10
171.1562999999999874
20
-117.2125649999999979
11
171.3489150000000052
21
-116.988197999999997
0
LINE
8
BLACK
6
CONTINUOUS
10
171.3489150000000052
20
-116.988197999999997
11
171.5116399999999999
21
-116.7412929999999989
0
LINE
8
BLACK
6
CONTINUOUS
10
171.5116399999999999
20
-116.7412929999999989
11
171.6418669999999906
21
-116.4758080000000007
0
LINE
8
BLACK
6
CONTINUOUS
10
171.6418669999999906
20
-116.4758080000000007
11
171.7375099999999861
21
-116.1959979999999888
0
LINE
8
BLACK
6
CONTINUOUS
10
171.7375099999999861
20
-116.1959979999999888
11
171.7970359999999914
21
-115.9063459999999992
0
LINE
8
BLACK
6
CONTINUOUS
10
171.7970359999999914
20
-115.9063459999999992
11
171.8194909999999993
21
-115.6114949999999908
0
LINE
8
BLACK
6
CONTINUOUS
10
171.8194909999999993
20
-115.6114949999999908
11
171.8045139999999833
21
-115.3161689999999879
0
LINE
8
BLACK
6
CONTINUOUS
10
171.8045139999999833
20
-115.3161689999999879
11
171.7523459999999886
21
-115.0251019999999897
0
LINE
8
BLACK
6
CONTINUOUS
10
171.7523459999999886
20
-115.0251019999999897
11
171.6638240000000053
21
-114.742958999999999
0
LINE
8
BLACK
6
CONTINUOUS
10
171.6638240000000053
20
-114.742958999999999
11
171.54036499999998
21
-114.4742589999999893
0
LINE
8
BLACK
6
CONTINUOUS
10
171.54036499999998
20
-114.4742589999999893
11
171.3839480000000037
21
-114.2233109999999954
0
LINE
8
BLACK
6
CONTINUOUS
10
171.3839480000000037
20
-114.2233109999999954
11
171.1970799999999997
21
-113.994135
0
LINE
8
BLACK
6
CONTINUOUS
10
171.1970799999999997
20
-113.994135
11
170.9827549999999974
21
-113.7904039999999952
0
LINE
8
BLACK
6
CONTINUOUS
10
170.9827549999999974
20
-113.7904039999999952
11
170.7444089999999903
21
-113.6153819999999968
0
LINE
8
BLACK
6
CONTINUOUS
10
170.7444089999999903
20
-113.6153819999999968
11
170.4858600000000024
21
-113.4718759999999946
0
LINE
8
BLACK
6
CONTINUOUS
10
170.4858600000000024
20
-113.4718759999999946
11
170.2112529999999992
21
-113.3621839999999992
0
LINE
8
BLACK
6
CONTINUOUS
10
170.2112529999999992
20
-113.3621839999999992
11
169.9249879999999848
21
-113.2880649999999889
0
LINE
8
BLACK
6
CONTINUOUS
10
169.9249879999999848
20
-113.2880649999999889
11
169.6316520000000025
21
-113.2507059999999939
0
LINE
8
BLACK
6
CONTINUOUS
10
169.6316520000000025
20
-113.2507059999999939
11
169.4838000000000022
21
-113.2506309999999985
0
LINE
8
BLACK
6
CONTINUOUS
10
169.4838000000000022
20
-113.2506309999999985
11
149.6399999999999864
21
-113.2506249999999994
0
LINE
8
BLACK
6
CONTINUOUS
10
149.6399999999999864
20
-113.2506249999999994
11
149.4964019999999891
21
-113.2344449999999938
0
LINE
8
BLACK
6
CONTINUOUS
10
149.4964019999999891
20
-113.2344449999999938
11
149.3600040000000035
21
-113.1867179999999991
0
LINE
8
BLACK
6
CONTINUOUS
10
149.3600040000000035
20
-113.1867179999999991
11
149.2376459999999838
21
-113.1098349999999897
0
LINE
8
BLACK
6
CONTINUOUS
10
149.2376459999999838
20
-113.1098349999999897
11
149.1354649999999822
21
-113.0076539999999881
0
LINE
8
BLACK
6
CONTINUOUS
10
149.1354649999999822
20
-113.0076539999999881
11
149.0585820000000012
21
-112.8852959999999968
0
LINE
8
BLACK
6
CONTINUOUS
10
149.0585820000000012
20
-112.8852959999999968
11
149.0108549999999923
21
-112.748897999999997
0
LINE
8
BLACK
6
CONTINUOUS
10
149.0108549999999923
20
-112.748897999999997
11
148.9946750000000009
21
-112.6052999999999997
0
LINE
8
BLACK
6
CONTINUOUS
10
148.9946750000000009
20
-112.6052999999999997
11
149.0108549999999923
21
-112.4617019999999883
0
LINE
8
BLACK
6
CONTINUOUS
10
149.0108549999999923
20
-112.4617019999999883
11
149.0585820000000012
21
-112.3253039999999885
0
LINE
8
BLACK
6
CONTINUOUS
10
149.0585820000000012
20
-112.3253039999999885
11
149.1354649999999822
21
-112.2029459999999972
0
LINE
8
BLACK
6
CONTINUOUS
10
149.1354649999999822
20
-112.2029459999999972
11
149.2376459999999838
21
-112.1007649999999956
0
LINE
8
BLACK
6
CONTINUOUS
10
149.2376459999999838
20
-112.1007649999999956
11
149.3600040000000035
21
-112.0238820000000004
0
LINE
8
BLACK
6
CONTINUOUS
10
149.3600040000000035
20
-112.0238820000000004
11
149.4964019999999891
21
-111.9761549999999914
0
LINE
8
BLACK
6
CONTINUOUS
10
149.4964019999999891
20
-111.9761549999999914
11
149.6399999999999864
21
-111.959975
0
LINE
8
BLACK
6
CONTINUOUS
10
149.6399999999999864
20
-111.959975
11
149.6399999999999864
21
-111.9600030000000004
0
LINE
8
BLACK
6
CONTINUOUS
10
149.6399999999999864
20
-111.9600030000000004
11
149.6693889999999953
21
-111.9695519999999931
0
LINE
8
BLACK
6
CONTINUOUS
10
149.6693889999999953
20
-111.9695519999999931
11
149.6806210000000021
21
-111.9850119999999976
0
LINE
8
BLACK
6
CONTINUOUS
10
149.6806210000000021
20
-111.9850119999999976
11
187.4356410000000039
21
-111.9949900000000014
0
LINE
8
BLACK
6
CONTINUOUS
10
187.4356410000000039
20
-111.9949900000000014
11
187.4468619999999817
21
-111.9795489999999916
0
LINE
8
BLACK
6
CONTINUOUS
10
187.4468619999999817
20
-111.9795489999999916
11
187.4762509999999907
21
-111.9699999999999989
0
LINE
8
BLACK
6
CONTINUOUS
10
187.4762509999999907
20
-111.9699999999999989
11
187.7706790000000012
21
-111.9865399999999909
0
LINE
8
BLACK
6
CONTINUOUS
10
187.7706790000000012
20
-111.9865399999999909
11
188.0614039999999818
21
-112.035940999999994
0
LINE
8
BLACK
6
CONTINUOUS
10
188.0614039999999818
20
-112.035940999999994
11
188.3447699999999827
21
-112.1175819999999987
0
LINE
8
BLACK
6
CONTINUOUS
10
188.3447699999999827
20
-112.1175819999999987
11
188.6172129999999925
21
-112.2304359999999974
0
LINE
8
BLACK
6
CONTINUOUS
10
188.6172129999999925
20
-112.2304359999999974
11
188.8753079999999898
21
-112.3730839999999915
0
LINE
8
BLACK
6
CONTINUOUS
10
188.8753079999999898
20
-112.3730839999999915
11
189.1158089999999845
21
-112.5437319999999914
0
LINE
8
BLACK
6
CONTINUOUS
10
189.1158089999999845
20
-112.5437319999999914
11
189.3355829999999855
21
-112.7401380000000017
0
LINE
8
BLACK
6
CONTINUOUS
10
189.3355829999999855
20
-112.7401380000000017
11
189.3357059999999876
21
-112.7402199999999937
0
LINE
8
BLACK
6
CONTINUOUS
10
189.3357059999999876
20
-112.7402199999999937
11
189.3357069999999851
21
-112.7402199999999937
0
LINE
8
BLACK
6
CONTINUOUS
10
189.3357069999999851
20
-112.7402199999999937
11
189.3357079999999826
21
-112.7402219999999886
0
LINE
8
BLACK
6
CONTINUOUS
10
189.3357079999999826
20
-112.7402219999999886
11
191.6682989999999904
21
-115.072811999999999
0
LINE
8
BLACK
6
CONTINUOUS
10
191.6682989999999904
20
-115.072811999999999
11
191.6683069999999987
21
-115.0728039999999908
0
LINE
8
BLACK
6
CONTINUOUS
10
191.6683069999999987
20
-115.0728039999999908
11
191.7687609999999836
21
-115.1732579999999899
0
LINE
8
BLACK
6
CONTINUOUS
10
191.7687609999999836
20
-115.1732579999999899
11
191.9908999999999821
21
-115.3504069999999899
0
LINE
8
BLACK
6
CONTINUOUS
10
191.9908999999999821
20
-115.3504069999999899
11
192.231474999999989
21
-115.5015719999999959
0
LINE
8
BLACK
6
CONTINUOUS
10
192.231474999999989
20
-115.5015719999999959
11
192.4874629999999911
21
-115.62485199999999
0
LINE
8
BLACK
6
CONTINUOUS
10
192.4874629999999911
20
-115.62485199999999
11
192.7556429999999921
21
-115.7186949999999968
0
LINE
8
BLACK
6
CONTINUOUS
10
192.7556429999999921
20
-115.7186949999999968
11
193.0326450000000023
21
-115.7819229999999919
0
LINE
8
BLACK
6
CONTINUOUS
10
193.0326450000000023
20
-115.7819229999999919
11
193.3149829999999838
21
-115.8137399999999957
0
LINE
8
BLACK
6
CONTINUOUS
10
193.3149829999999838
20
-115.8137399999999957
11
193.4570459999999912
21
-115.8137429999999881
0
LINE
8
BLACK
6
CONTINUOUS
10
193.4570459999999912
20
-115.8137429999999881
11
210.4950399999999888
21
-115.8137429999999881
0
LINE
8
BLACK
6
CONTINUOUS
10
210.4950399999999888
20
-115.8137429999999881
11
210.4950450000000046
21
-115.8137439999999998
0
LINE
8
BLACK
6
CONTINUOUS
10
210.4950450000000046
20
-115.8137439999999998
11
210.4950489999999945
21
-115.8137429999999881
0
LINE
8
BLACK
6
CONTINUOUS
10
210.4950489999999945
20
-115.8137429999999881
11
210.7300779999999918
21
-115.8265659999999997
0
LINE
8
BLACK
6
CONTINUOUS
10
210.7300779999999918
20
-115.8265659999999997
11
210.9623139999999921
21
-115.8648939999999925
0
LINE
8
BLACK
6
CONTINUOUS
10
210.9623139999999921
20
-115.8648939999999925
11
211.188999999999993
21
-115.9282709999999952
0
LINE
8
BLACK
6
CONTINUOUS
10
211.188999999999993
20
-115.9282709999999952
11
211.4074399999999798
21
-116.0159439999999904
0
LINE
8
BLACK
6
CONTINUOUS
10
211.4074399999999798
20
-116.0159439999999904
11
211.6150409999999908
21
-116.1268729999999891
0
LINE
8
BLACK
6
CONTINUOUS
10
211.6150409999999908
20
-116.1268729999999891
11
211.8093339999999785
21
-116.2597370000000012
0
LINE
8
BLACK
6
CONTINUOUS
10
211.8093339999999785
20
-116.2597370000000012
11
211.9880119999999977
21
-116.4129599999999982
0
LINE
8
BLACK
6
CONTINUOUS
10
211.9880119999999977
20
-116.4129599999999982
11
211.9879929999999888
21
-116.4129789999999929
0
LINE
8
BLACK
6
CONTINUOUS
10
211.9879929999999888
20
-116.4129789999999929
11
211.9881959999999879
21
-116.4133569999999906
0
LINE
8
BLACK
6
CONTINUOUS
10
211.9881959999999879
20
-116.4133569999999906
11
211.9887809999999888
21
-116.4137479999999982
0
LINE
8
BLACK
6
CONTINUOUS
10
211.9887809999999888
20
-116.4137479999999982
11
212.8153549999999825
21
-117.2403219999999919
0
LINE
8
BLACK
6
CONTINUOUS
10
212.8153549999999825
20
-117.2403219999999919
11
212.8153580000000034
21
-117.2403240000000011
0
LINE
8
BLACK
6
CONTINUOUS
10
212.8153580000000034
20
-117.2403240000000011
11
212.8153569999999775
21
-117.2403240000000011
0
LINE
8
BLACK
6
CONTINUOUS
10
212.8153569999999775
20
-117.2403240000000011
11
212.8154469999999776
21
-117.2404590000000013
0
LINE
8
BLACK
6
CONTINUOUS
10
212.8154469999999776
20
-117.2404590000000013
11
212.9199339999999836
21
-117.3448419999999999
0
LINE
8
BLACK
6
CONTINUOUS
10
212.9199339999999836
20
-117.3448419999999999
11
213.1537699999999802
21
-117.5258460000000014
0
LINE
8
BLACK
6
CONTINUOUS
10
213.1537699999999802
20
-117.5258460000000014
11
213.4085989999999811
21
-117.6758569999999935
0
LINE
8
BLACK
6
CONTINUOUS
10
213.4085989999999811
20
-117.6758569999999935
11
213.6803390000000036
21
-117.7924709999999919
0
LINE
8
BLACK
6
CONTINUOUS
10
213.6803390000000036
20
-117.7924709999999919
11
213.9646339999999896
21
-117.8738199999999949
0
LINE
8
BLACK
6
CONTINUOUS
10
213.9646339999999896
20
-117.8738199999999949
11
214.2569289999999853
21
-117.9185990000000004
0
LINE
8
BLACK
6
CONTINUOUS
10
214.2569289999999853
20
-117.9185990000000004
11
214.5525389999999959
21
-117.926091999999997
0
LINE
8
BLACK
6
CONTINUOUS
10
214.5525389999999959
20
-117.926091999999997
11
214.8467269999999871
21
-117.8961769999999945
0
LINE
8
BLACK
6
CONTINUOUS
10
214.8467269999999871
20
-117.8961769999999945
11
215.134777999999983
21
-117.8293350000000004
0
LINE
8
BLACK
6
CONTINUOUS
10
215.134777999999983
20
-117.8293350000000004
11
215.4120759999999848
21
-117.7266359999999992
0
LINE
8
BLACK
6
CONTINUOUS
10
215.4120759999999848
20
-117.7266359999999992
11
215.6741779999999835
21
-117.5897269999999963
0
LINE
8
BLACK
6
CONTINUOUS
10
215.6741779999999835
20
-117.5897269999999963
11
215.9168819999999869
21
-117.4208009999999973
0
LINE
8
BLACK
6
CONTINUOUS
10
215.9168819999999869
20
-117.4208009999999973
11
216.1362999999999772
21
-117.2225649999999888
0
LINE
8
BLACK
6
CONTINUOUS
10
216.1362999999999772
20
-117.2225649999999888
11
216.328914999999995
21
-116.9981979999999879
0
LINE
8
BLACK
6
CONTINUOUS
10
216.328914999999995
20
-116.9981979999999879
11
216.4916399999999896
21
-116.7512929999999898
0
LINE
8
BLACK
6
CONTINUOUS
10
216.4916399999999896
20
-116.7512929999999898
11
216.6218669999999804
21
-116.4858079999999916
0
LINE
8
BLACK
6
CONTINUOUS
10
216.6218669999999804
20
-116.4858079999999916
11
216.7175100000000043
21
-116.2059979999999939
0
LINE
8
BLACK
6
CONTINUOUS
10
216.7175100000000043
20
-116.2059979999999939
11
216.7770359999999812
21
-115.9163459999999901
0
LINE
8
BLACK
6
CONTINUOUS
10
216.7770359999999812
20
-115.9163459999999901
11
216.7994909999999891
21
-115.6214949999999959
0
LINE
8
BLACK
6
CONTINUOUS
10
216.7994909999999891
20
-115.6214949999999959
11
216.7845140000000015
21
-115.326168999999993
0
LINE
8
BLACK
6
CONTINUOUS
10
216.7845140000000015
20
-115.326168999999993
11
216.7323459999999784
21
-115.0351019999999949
0
LINE
8
BLACK
6
CONTINUOUS
10
216.7323459999999784
20
-115.0351019999999949
11
216.6438239999999951
21
-114.7529589999999899
0
LINE
8
BLACK
6
CONTINUOUS
10
216.6438239999999951
20
-114.7529589999999899
11
216.5203649999999982
21
-114.4842589999999944
0
LINE
8
BLACK
6
CONTINUOUS
10
216.5203649999999982
20
-114.4842589999999944
11
216.3639479999999935
21
-114.2333110000000005
0
LINE
8
BLACK
6
CONTINUOUS
10
216.3639479999999935
20
-114.2333110000000005
11
216.1770799999999895
21
-114.0041349999999909
0
LINE
8
BLACK
6
CONTINUOUS
10
216.1770799999999895
20
-114.0041349999999909
11
215.9627549999999871
21
-113.8004040000000003
0
LINE
8
BLACK
6
CONTINUOUS
10
215.9627549999999871
20
-113.8004040000000003
11
215.7244089999999801
21
-113.6253820000000019
0
LINE
8
BLACK
6
CONTINUOUS
10
215.7244089999999801
20
-113.6253820000000019
11
215.4658599999999922
21
-113.4818759999999997
0
LINE
8
BLACK
6
CONTINUOUS
10
215.4658599999999922
20
-113.4818759999999997
11
215.191252999999989
21
-113.3721839999999901
0
LINE
8
BLACK
6
CONTINUOUS
10
215.191252999999989
20
-113.3721839999999901
11
214.904988000000003
21
-113.298064999999994
0
LINE
8
BLACK
6
CONTINUOUS
10
214.904988000000003
20
-113.298064999999994
11
214.6116519999999923
21
-113.260705999999999
0
LINE
8
BLACK
6
CONTINUOUS
10
214.6116519999999923
20
-113.260705999999999
11
214.463799999999992
21
-113.2606309999999894
0
LINE
8
BLACK
6
CONTINUOUS
10
214.463799999999992
20
-113.2606309999999894
11
194.6200000000000045
21
-113.2606249999999903
0
LINE
8
BLACK
6
CONTINUOUS
10
194.6200000000000045
20
-113.2606249999999903
11
194.4764019999999789
21
-113.2444449999999989
0
LINE
8
BLACK
6
CONTINUOUS
10
194.4764019999999789
20
-113.2444449999999989
11
194.3400039999999933
21
-113.19671799999999
0
LINE
8
BLACK
6
CONTINUOUS
10
194.3400039999999933
20
-113.19671799999999
11
194.217646000000002
21
-113.1198349999999948
0
LINE
8
BLACK
6
CONTINUOUS
10
194.217646000000002
20
-113.1198349999999948
11
194.1154650000000004
21
-113.0176539999999932
0
LINE
8
BLACK
6
CONTINUOUS
10
194.1154650000000004
20
-113.0176539999999932
11
194.038581999999991
21
-112.8952960000000019
0
LINE
8
BLACK
6
CONTINUOUS
10
194.038581999999991
20
-112.8952960000000019
11
193.9908549999999821
21
-112.7588979999999879
0
LINE
8
BLACK
6
CONTINUOUS
10
193.9908549999999821
20
-112.7588979999999879
11
193.9746749999999906
21
-112.6152999999999906
0
LINE
8
BLACK
6
CONTINUOUS
10
193.9746749999999906
20
-112.6152999999999906
11
193.9908549999999821
21
-112.4717019999999934
0
LINE
8
BLACK
6
CONTINUOUS
10
193.9908549999999821
20
-112.4717019999999934
11
194.038581999999991
21
-112.3353039999999936
0
LINE
8
BLACK
6
CONTINUOUS
10
194.038581999999991
20
-112.3353039999999936
11
194.1154650000000004
21
-112.2129459999999881
0
LINE
8
BLACK
6
CONTINUOUS
10
194.1154650000000004
20
-112.2129459999999881
11
194.217646000000002
21
-112.1107650000000007
0
LINE
8
BLACK
6
CONTINUOUS
10
194.217646000000002
20
-112.1107650000000007
11
194.3400039999999933
21
-112.0338819999999913
0
LINE
8
BLACK
6
CONTINUOUS
10
194.3400039999999933
20
-112.0338819999999913
11
194.4764019999999789
21
-111.9861549999999966
0
LINE
8
BLACK
6
CONTINUOUS
10
194.4764019999999789
20
-111.9861549999999966
11
194.6200000000000045
21
-111.9699749999999909
0
LINE
8
BLACK
6
CONTINUOUS
10
194.6200000000000045
20
-111.9699749999999909
11
194.6200000000000045
21
-111.9700029999999913
0
LINE
8
BLACK
6
CONTINUOUS
10
194.6200000000000045
20
-111.9700029999999913
11
194.6493889999999851
21
-111.9795519999999982
0
LINE
8
BLACK
6
CONTINUOUS
10
194.6493889999999851
20
-111.9795519999999982
11
194.6569800000000043
21
-111.9899999999999949
0
LINE
8
BLACK
6
CONTINUOUS
10
194.6569800000000043
20
-111.9899999999999949
11
227.625
21
-111.9899999999999949
0
LINE
8
BLACK
6
CONTINUOUS
10
227.625
20
-111.9899999999999949
11
227.7809129999999982
21
-111.9899999999999949
0
LINE
8
BLACK
6
CONTINUOUS
10
227.7809129999999982
20
-111.9899999999999949
11
228.0910309999999868
21
-111.9574059999999918
0
LINE
8
BLACK
6
CONTINUOUS
10
228.0910309999999868
20
-111.9574059999999918
11
228.3960429999999917
21
-111.8925729999999987
0
LINE
8
BLACK
6
CONTINUOUS
10
228.3960429999999917
20
-111.8925729999999987
11
228.6926079999999786
21
-111.796213999999992
0
LINE
8
BLACK
6
CONTINUOUS
10
228.6926079999999786
20
-111.796213999999992
11
228.9774749999999983
21
-111.6693819999999988
0
LINE
8
BLACK
6
CONTINUOUS
10
228.9774749999999983
20
-111.6693819999999988
11
229.247524999999996
21
-111.5134690000000006
0
LINE
8
BLACK
6
CONTINUOUS
10
229.247524999999996
20
-111.5134690000000006
11
229.4997979999999984
21
-111.3301819999999935
0
LINE
8
BLACK
6
CONTINUOUS
10
229.4997979999999984
20
-111.3301819999999935
11
229.7315299999999922
21
-111.1215299999999928
0
LINE
8
BLACK
6
CONTINUOUS
10
229.7315299999999922
20
-111.1215299999999928
11
229.940181999999993
21
-110.889797999999999
0
LINE
8
BLACK
6
CONTINUOUS
10
229.940181999999993
20
-110.889797999999999
11
230.1234690000000001
21
-110.6375249999999966
0
LINE
8
BLACK
6
CONTINUOUS
10
230.1234690000000001
20
-110.6375249999999966
11
230.2793819999999982
21
-110.3674749999999989
0
LINE
8
BLACK
6
CONTINUOUS
10
230.2793819999999982
20
-110.3674749999999989
11
230.4062139999999772
21
-110.0826079999999934
0
LINE
8
BLACK
6
CONTINUOUS
10
230.4062139999999772
20
-110.0826079999999934
11
230.5025729999999839
21
-109.7860429999999923
0
LINE
8
BLACK
6
CONTINUOUS
10
230.5025729999999839
20
-109.7860429999999923
11
230.567405999999977
21
-109.4810310000000015
0
LINE
8
BLACK
6
CONTINUOUS
10
230.567405999999977
20
-109.4810310000000015
11
230.5999999999999943
21
-109.1709129999999988
0
LINE
8
BLACK
6
CONTINUOUS
10
230.5999999999999943
20
-109.1709129999999988
11
230.5999999999999943
21
-109.0150000000000006
0
LINE
8
BLACK
6
CONTINUOUS
10
230.5999999999999943
20
-109.0150000000000006
11
230.5999999999999943
21
-43.0150000000000006
0
LINE
8
BLACK
6
CONTINUOUS
10
230.5999999999999943
20
-43.0150000000000006
11
230.5999999999999943
21
-42.8590869999999953
0
LINE
8
BLACK
6
CONTINUOUS
10
230.5999999999999943
20
-42.8590869999999953
11
230.567405999999977
21
-42.5489689999999996
0
LINE
8
BLACK
6
CONTINUOUS
10
230.567405999999977
20
-42.5489689999999996
11
230.5025729999999839
21
-42.2439569999999947
0
LINE
8
BLACK
6
CONTINUOUS
10
230.5025729999999839
20
-42.2439569999999947
11
230.4062139999999772
21
-41.9473920000000007
0
LINE
8
BLACK
6
CONTINUOUS
10
230.4062139999999772
20
-41.9473920000000007
11
230.2793819999999982
21
-41.6625249999999951
0
LINE
8
BLACK
6
CONTINUOUS
10
230.2793819999999982
20
-41.6625249999999951
11
230.1234690000000001
21
-41.3924749999999975
0
LINE
8
BLACK
6
CONTINUOUS
10
230.1234690000000001
20
-41.3924749999999975
11
229.940181999999993
21
-41.1402019999999951
0
LINE
8
BLACK
6
CONTINUOUS
10
229.940181999999993
20
-41.1402019999999951
11
229.7315299999999922
21
-40.9084700000000012
0
LINE
8
BLACK
6
CONTINUOUS
10
229.7315299999999922
20
-40.9084700000000012
11
229.4997979999999984
21
-40.6998180000000005
0
LINE
8
BLACK
6
CONTINUOUS
10
229.4997979999999984
20
-40.6998180000000005
11
229.247524999999996
21
-40.5165310000000005
0
LINE
8
BLACK
6
CONTINUOUS
10
229.247524999999996
20
-40.5165310000000005
11
228.9774749999999983
21
-40.3606179999999952
0
LINE
8
BLACK
6
CONTINUOUS
10
228.9774749999999983
20
-40.3606179999999952
11
228.6926079999999786
21
-40.2337859999999949
0
LINE
8
BLACK
6
CONTINUOUS
10
228.6926079999999786
20
-40.2337859999999949
11
228.3960429999999917
21
-40.1374269999999953
0
LINE
8
BLACK
6
CONTINUOUS
10
228.3960429999999917
20
-40.1374269999999953
11
228.0910309999999868
21
-40.0725939999999952
0
LINE
8
BLACK
6
CONTINUOUS
10
228.0910309999999868
20
-40.0725939999999952
11
227.7809129999999982
21
-40.0399999999999991
0
LINE
8
BLACK
6
CONTINUOUS
10
227.7809129999999982
20
-40.0399999999999991
11
227.625
21
-40.0399999999999991
0
LINE
8
BLACK
6
CONTINUOUS
10
227.625
20
-40.0399999999999991
11
194.6656150000000025
21
-40.0399999999999991
0
LINE
8
BLACK
6
CONTINUOUS
10
194.6656150000000025
20
-40.0399999999999991
11
194.6543889999999806
21
-40.0554509999999979
0
LINE
8
BLACK
6
CONTINUOUS
10
194.6543889999999806
20
-40.0554509999999979
11
194.625
21
-40.0649999999999977
0
LINE
8
BLACK
6
CONTINUOUS
10
194.625
20
-40.0649999999999977
11
194.4814069999999901
21
-40.0488209999999967
0
LINE
8
BLACK
6
CONTINUOUS
10
194.4814069999999901
20
-40.0488209999999967
11
194.3450149999999894
21
-40.0010949999999994
0
LINE
8
BLACK
6
CONTINUOUS
10
194.3450149999999894
20
-40.0010949999999994
11
194.2226619999999855
21
-39.9242160000000013
0
LINE
8
BLACK
6
CONTINUOUS
10
194.2226619999999855
20
-39.9242160000000013
11
194.1204840000000047
21
-39.8220379999999992
0
LINE
8
BLACK
6
CONTINUOUS
10
194.1204840000000047
20
-39.8220379999999992
11
194.0436049999999852
21
-39.6996849999999952
0
LINE
8
BLACK
6
CONTINUOUS
10
194.0436049999999852
20
-39.6996849999999952
11
193.9958790000000022
21
-39.5632930000000016
0
LINE
8
BLACK
6
CONTINUOUS
10
193.9958790000000022
20
-39.5632930000000016
11
193.9796999999999798
21
-39.4196999999999989
0
LINE
8
BLACK
6
CONTINUOUS
10
193.9796999999999798
20
-39.4196999999999989
11
193.9958790000000022
21
-39.2761069999999961
0
LINE
8
BLACK
6
CONTINUOUS
10
193.9958790000000022
20
-39.2761069999999961
11
194.0436049999999852
21
-39.1397149999999954
0
LINE
8
BLACK
6
CONTINUOUS
10
194.0436049999999852
20
-39.1397149999999954
11
194.1204840000000047
21
-39.0173619999999985
0
LINE
8
BLACK
6
CONTINUOUS
10
194.1204840000000047
20
-39.0173619999999985
11
194.2226619999999855
21
-38.9151839999999964
0
LINE
8
BLACK
6
CONTINUOUS
10
194.2226619999999855
20
-38.9151839999999964
11
194.3450149999999894
21
-38.8383049999999983
0
LINE
8
BLACK
6
CONTINUOUS
10
194.3450149999999894
20
-38.8383049999999983
11
194.4814069999999901
21
-38.790579000000001
0
LINE
8
BLACK
6
CONTINUOUS
10
194.4814069999999901
20
-38.790579000000001
11
194.6247439999999926
21
-38.7744280000000003
0
LINE
8
BLACK
6
CONTINUOUS
10
194.6247439999999926
20
-38.7744280000000003
11
194.625
21
-38.7743779999999987
0
LINE
8
BLACK
6
CONTINUOUS
10
194.625
20
-38.7743779999999987
11
214.4687999999999874
21
-38.7743719999999996
0
LINE
8
BLACK
6
CONTINUOUS
10
214.4687999999999874
20
-38.7743719999999996
11
214.4687999999999874
21
-38.7743339999999961
0
LINE
8
BLACK
6
CONTINUOUS
10
214.4687999999999874
20
-38.7743339999999961
11
214.6166499999999928
21
-38.7742590000000007
0
LINE
8
BLACK
6
CONTINUOUS
10
214.6166499999999928
20
-38.7742590000000007
11
214.9099809999999877
21
-38.736900999999996
0
LINE
8
BLACK
6
CONTINUOUS
10
214.9099809999999877
20
-38.736900999999996
11
215.1962419999999838
21
-38.662782
0
LINE
8
BLACK
6
CONTINUOUS
10
215.1962419999999838
20
-38.662782
11
215.4708449999999971
21
-38.5530919999999995
0
LINE
8
BLACK
6
CONTINUOUS
10
215.4708449999999971
20
-38.5530919999999995
11
215.7293899999999951
21
-38.4095879999999994
0
LINE
8
BLACK
6
CONTINUOUS
10
215.7293899999999951
20
-38.4095879999999994
11
215.9677329999999813
21
-38.2345690000000005
0
LINE
8
BLACK
6
CONTINUOUS
10
215.9677329999999813
20
-38.2345690000000005
11
216.1820539999999937
21
-38.0308409999999952
0
LINE
8
BLACK
6
CONTINUOUS
10
216.1820539999999937
20
-38.0308409999999952
11
216.3689200000000028
21
-37.8016679999999994
0
LINE
8
BLACK
6
CONTINUOUS
10
216.3689200000000028
20
-37.8016679999999994
11
216.5253339999999866
21
-37.5507239999999953
0
LINE
8
BLACK
6
CONTINUOUS
10
216.5253339999999866
20
-37.5507239999999953
11
216.6487909999999886
21
-37.2820279999999968
0
LINE
8
BLACK
6
CONTINUOUS
10
216.6487909999999886
20
-37.2820279999999968
11
216.7373130000000003
21
-36.999888999999996
0
LINE
8
BLACK
6
CONTINUOUS
10
216.7373130000000003
20
-36.999888999999996
11
216.789479
21
-36.7088259999999948
0
LINE
8
BLACK
6
CONTINUOUS
10
216.789479
20
-36.7088259999999948
11
216.8044559999999876
21
-36.4135050000000007
0
LINE
8
BLACK
6
CONTINUOUS
10
216.8044559999999876
20
-36.4135050000000007
11
216.7820009999999797
21
-36.1186579999999964
0
LINE
8
BLACK
6
CONTINUOUS
10
216.7820009999999797
20
-36.1186579999999964
11
216.7224760000000003
21
-35.8290110000000013
0
LINE
8
BLACK
6
CONTINUOUS
10
216.7224760000000003
20
-35.8290110000000013
11
216.6268349999999998
21
-35.5492050000000006
0
LINE
8
BLACK
6
CONTINUOUS
10
216.6268349999999998
20
-35.5492050000000006
11
216.4966089999999781
21
-35.2837239999999994
0
LINE
8
BLACK
6
CONTINUOUS
10
216.4966089999999781
20
-35.2837239999999994
11
216.3338859999999784
21
-35.0368229999999983
0
LINE
8
BLACK
6
CONTINUOUS
10
216.3338859999999784
20
-35.0368229999999983
11
216.1412739999999815
21
-34.8124579999999995
0
LINE
8
BLACK
6
CONTINUOUS
10
216.1412739999999815
20
-34.8124579999999995
11
215.921859999999981
21
-34.6142259999999951
0
LINE
8
BLACK
6
CONTINUOUS
10
215.921859999999981
20
-34.6142259999999951
11
215.6791589999999985
21
-34.4453029999999956
0
LINE
8
BLACK
6
CONTINUOUS
10
215.6791589999999985
20
-34.4453029999999956
11
215.4170609999999897
21
-34.3083949999999973
0
LINE
8
BLACK
6
CONTINUOUS
10
215.4170609999999897
20
-34.3083949999999973
11
215.1397669999999778
21
-34.2056979999999982
0
LINE
8
BLACK
6
CONTINUOUS
10
215.1397669999999778
20
-34.2056979999999982
11
214.8517200000000003
21
-34.1388570000000016
0
LINE
8
BLACK
6
CONTINUOUS
10
214.8517200000000003
20
-34.1388570000000016
11
214.5575359999999989
21
-34.1089429999999965
0
LINE
8
BLACK
6
CONTINUOUS
10
214.5575359999999989
20
-34.1089429999999965
11
214.2619299999999782
21
-34.1164360000000002
0
LINE
8
BLACK
6
CONTINUOUS
10
214.2619299999999782
20
-34.1164360000000002
11
213.9696399999999983
21
-34.1612140000000011
0
LINE
8
BLACK
6
CONTINUOUS
10
213.9696399999999983
20
-34.1612140000000011
11
213.6853490000000022
21
-34.2425619999999995
0
LINE
8
BLACK
6
CONTINUOUS
10
213.6853490000000022
20
-34.2425619999999995
11
213.413612999999998
21
-34.3591750000000005
0
LINE
8
BLACK
6
CONTINUOUS
10
213.413612999999998
20
-34.3591750000000005
11
213.1587879999999871
21
-34.5091839999999976
0
LINE
8
BLACK
6
CONTINUOUS
10
213.1587879999999871
20
-34.5091839999999976
11
212.9249559999999803
21
-34.6901859999999971
0
LINE
8
BLACK
6
CONTINUOUS
10
212.9249559999999803
20
-34.6901859999999971
11
212.8203579999999988
21
-34.794678999999995
0
LINE
8
BLACK
6
CONTINUOUS
10
212.8203579999999988
20
-34.794678999999995
11
212.820354999999978
21
-34.7946799999999996
0
LINE
8
BLACK
6
CONTINUOUS
10
212.820354999999978
20
-34.7946799999999996
11
211.9937809999999843
21
-35.6212549999999979
0
LINE
8
BLACK
6
CONTINUOUS
10
211.9937809999999843
20
-35.6212549999999979
11
211.9931959999999833
21
-35.6216450000000009
0
LINE
8
BLACK
6
CONTINUOUS
10
211.9931959999999833
20
-35.6216450000000009
11
211.9929929999999842
21
-35.6220239999999961
0
LINE
8
BLACK
6
CONTINUOUS
10
211.9929929999999842
20
-35.6220239999999961
11
211.8143169999999884
21
-35.7752440000000007
0
LINE
8
BLACK
6
CONTINUOUS
10
211.8143169999999884
20
-35.7752440000000007
11
211.6200259999999957
21
-35.9081070000000011
0
LINE
8
BLACK
6
CONTINUOUS
10
211.6200259999999957
20
-35.9081070000000011
11
211.412429000000003
21
-36.0190330000000003
0
LINE
8
BLACK
6
CONTINUOUS
10
211.412429000000003
20
-36.0190330000000003
11
211.1939909999999827
21
-36.1067059999999955
0
LINE
8
BLACK
6
CONTINUOUS
10
211.1939909999999827
20
-36.1067059999999955
11
210.9673080000000027
21
-36.1700820000000007
0
LINE
8
BLACK
6
CONTINUOUS
10
210.9673080000000027
20
-36.1700820000000007
11
210.7350749999999948
21
-36.2084089999999961
0
LINE
8
BLACK
6
CONTINUOUS
10
210.7350749999999948
20
-36.2084089999999961
11
210.5002299999999877
21
-36.2212219999999974
0
LINE
8
BLACK
6
CONTINUOUS
10
210.5002299999999877
20
-36.2212219999999974
11
210.50004899999999
21
-36.2212579999999988
0
LINE
8
BLACK
6
CONTINUOUS
10
210.50004899999999
20
-36.2212579999999988
11
210.50004899999999
21
-36.2212600000000009
0
LINE
8
BLACK
6
CONTINUOUS
10
210.50004899999999
20
-36.2212600000000009
11
210.5000450000000001
21
-36.2212579999999988
0
LINE
8
BLACK
6
CONTINUOUS
10
210.5000450000000001
20
-36.2212579999999988
11
210.5000399999999843
21
-36.2212600000000009
0
LINE
8
BLACK
6
CONTINUOUS
10
210.5000399999999843
20
-36.2212600000000009
11
193.4620459999999866
21
-36.2212600000000009
0
LINE
8
BLACK
6
CONTINUOUS
10
193.4620459999999866
20
-36.2212600000000009
11
193.4620449999999892
21
-36.2212600000000009
0
LINE
8
BLACK
6
CONTINUOUS
10
193.4620449999999892
20
-36.2212600000000009
11
193.4619840000000011
21
-36.2212479999999957
0
LINE
8
BLACK
6
CONTINUOUS
10
193.4619840000000011
20
-36.2212479999999957
11
193.3199829999999793
21
-36.2212509999999952
0
LINE
8
BLACK
6
CONTINUOUS
10
193.3199829999999793
20
-36.2212509999999952
11
193.0376430000000028
21
-36.253067999999999
0
LINE
8
BLACK
6
CONTINUOUS
10
193.0376430000000028
20
-36.253067999999999
11
192.7606399999999951
21
-36.3162960000000012
0
LINE
8
BLACK
6
CONTINUOUS
10
192.7606399999999951
20
-36.3162960000000012
11
192.4924579999999992
21
-36.4101399999999984
0
LINE
8
BLACK
6
CONTINUOUS
10
192.4924579999999992
20
-36.4101399999999984
11
192.2364699999999971
21
-36.533420999999997
0
LINE
8
BLACK
6
CONTINUOUS
10
192.2364699999999971
20
-36.533420999999997
11
191.9958929999999953
21
-36.6845859999999959
0
LINE
8
BLACK
6
CONTINUOUS
10
191.9958929999999953
20
-36.6845859999999959
11
191.7737539999999967
21
-36.861736999999998
0
LINE
8
BLACK
6
CONTINUOUS
10
191.7737539999999967
20
-36.861736999999998
11
191.6732999999999834
21
-36.9621909999999971
0
LINE
8
BLACK
6
CONTINUOUS
10
191.6732999999999834
20
-36.9621909999999971
11
191.6732989999999859
21
-36.9621899999999997
0
LINE
8
BLACK
6
CONTINUOUS
10
191.6732989999999859
20
-36.9621899999999997
11
189.340707999999978
21
-39.2947799999999958
0
LINE
8
BLACK
6
CONTINUOUS
10
189.340707999999978
20
-39.2947799999999958
11
189.3407069999999806
21
-39.2947829999999954
0
LINE
8
BLACK
6
CONTINUOUS
10
189.3407069999999806
20
-39.2947829999999954
11
189.3407059999999831
21
-39.2947829999999954
0
LINE
8
BLACK
6
CONTINUOUS
10
189.3407059999999831
20
-39.2947829999999954
11
189.120822000000004
21
-39.4912859999999952
0
LINE
8
BLACK
6
CONTINUOUS
10
189.120822000000004
20
-39.4912859999999952
11
188.8803189999999859
21
-39.6619349999999997
0
LINE
8
BLACK
6
CONTINUOUS
10
188.8803189999999859
20
-39.6619349999999997
11
188.6222219999999936
21
-39.8045839999999984
0
LINE
8
BLACK
6
CONTINUOUS
10
188.6222219999999936
20
-39.8045839999999984
11
188.3497759999999914
21
-39.9174390000000017
0
LINE
8
BLACK
6
CONTINUOUS
10
188.3497759999999914
20
-39.9174390000000017
11
188.0664079999999956
21
-39.9990799999999993
0
LINE
8
BLACK
6
CONTINUOUS
10
188.0664079999999956
20
-39.9990799999999993
11
187.7756809999999916
21
-40.0484819999999999
0
LINE
8
BLACK
6
CONTINUOUS
10
187.7756809999999916
20
-40.0484819999999999
11
187.4812509999999861
21
-40.065021999999999
0
LINE
8
BLACK
6
CONTINUOUS
10
187.4812509999999861
20
-40.065021999999999
11
187.4812509999999861
21
-40.0650029999999973
0
LINE
8
BLACK
6
CONTINUOUS
10
187.4812509999999861
20
-40.0650029999999973
11
187.4518620000000055
21
-40.0554539999999974
0
LINE
8
BLACK
6
CONTINUOUS
10
187.4518620000000055
20
-40.0554539999999974
11
187.4406329999999912
21
-40.0399999999999991
0
LINE
8
BLACK
6
CONTINUOUS
10
187.4406329999999912
20
-40.0399999999999991
11
149.6656150000000025
21
-40.0399999999999991
0
LINE
8
BLACK
6
CONTINUOUS
10
149.6656150000000025
20
-40.0399999999999991
11
149.6543889999999806
21
-40.0554509999999979
0
LINE
8
BLACK
6
CONTINUOUS
10
149.6543889999999806
20
-40.0554509999999979
11
149.625
21
-40.0649999999999977
0
LINE
8
BLACK
6
CONTINUOUS
10
149.625
20
-40.0649999999999977
11
149.4814069999999901
21
-40.0488209999999967
0
LINE
8
BLACK
6
CONTINUOUS
10
149.4814069999999901
20
-40.0488209999999967
11
149.3450149999999894
21
-40.0010949999999994
0
LINE
8
BLACK
6
CONTINUOUS
10
149.3450149999999894
20
-40.0010949999999994
11
149.2226619999999855
21
-39.9242160000000013
0
LINE
8
BLACK
6
CONTINUOUS
10
149.2226619999999855
20
-39.9242160000000013
11
149.1204840000000047
21
-39.8220379999999992
0
LINE
8
BLACK
6
CONTINUOUS
10
149.1204840000000047
20
-39.8220379999999992
11
149.0436049999999852
21
-39.6996849999999952
0
LINE
8
BLACK
6
CONTINUOUS
10
149.0436049999999852
20
-39.6996849999999952
11
148.9958790000000022
21
-39.5632930000000016
0
LINE
8
BLACK
6
CONTINUOUS
10
148.9958790000000022
20
-39.5632930000000016
11
148.9796999999999798
21
-39.4196999999999989
0
LINE
8
BLACK
6
CONTINUOUS
10
148.9796999999999798
20
-39.4196999999999989
11
148.9958790000000022
21
-39.2761069999999961
0
LINE
8
BLACK
6
CONTINUOUS
10
148.9958790000000022
20
-39.2761069999999961
11
149.0436049999999852
21
-39.1397149999999954
0
LINE
8
BLACK
6
CONTINUOUS
10
149.0436049999999852
20
-39.1397149999999954
11
149.1204840000000047
21
-39.0173619999999985
0
LINE
8
BLACK
6
CONTINUOUS
10
149.1204840000000047
20
-39.0173619999999985
11
149.2226619999999855
21
-38.9151839999999964
0
LINE
8
BLACK
6
CONTINUOUS
10
149.2226619999999855
20
-38.9151839999999964
11
149.3450149999999894
21
-38.8383049999999983
0
LINE
8
BLACK
6
CONTINUOUS
10
149.3450149999999894
20
-38.8383049999999983
11
149.4814069999999901
21
-38.790579000000001
0
LINE
8
BLACK
6
CONTINUOUS
10
149.4814069999999901
20
-38.790579000000001
11
149.6247439999999926
21
-38.7744280000000003
0
LINE
8
BLACK
6
CONTINUOUS
10
149.6247439999999926
20
-38.7744280000000003
11
149.625
21
-38.7743779999999987
0
LINE
8
BLACK
6
CONTINUOUS
10
149.625
20
-38.7743779999999987
11
169.4687999999999874
21
-38.7743719999999996
0
LINE
8
BLACK
6
CONTINUOUS
10
169.4687999999999874
20
-38.7743719999999996
11
169.4687999999999874
21
-38.7743339999999961
0
LINE
8
BLACK
6
CONTINUOUS
10
169.4687999999999874
20
-38.7743339999999961
11
169.6166499999999928
21
-38.7742590000000007
0
LINE
8
BLACK
6
CONTINUOUS
10
169.6166499999999928
20
-38.7742590000000007
11
169.9099809999999877
21
-38.736900999999996
0
LINE
8
BLACK
6
CONTINUOUS
10
169.9099809999999877
20
-38.736900999999996
11
170.1962419999999838
21
-38.662782
0
LINE
8
BLACK
6
CONTINUOUS
10
170.1962419999999838
20
-38.662782
11
170.4708449999999971
21
-38.5530919999999995
0
LINE
8
BLACK
6
CONTINUOUS
10
170.4708449999999971
20
-38.5530919999999995
11
170.7293899999999951
21
-38.4095879999999994
0
LINE
8
BLACK
6
CONTINUOUS
10
170.7293899999999951
20
-38.4095879999999994
11
170.9677329999999813
21
-38.2345690000000005
0
LINE
8
BLACK
6
CONTINUOUS
10
170.9677329999999813
20
-38.2345690000000005
11
171.1820539999999937
21
-38.0308409999999952
0
LINE
8
BLACK
6
CONTINUOUS
10
171.1820539999999937
20
-38.0308409999999952
11
171.3689200000000028
21
-37.8016679999999994
0
LINE
8
BLACK
6
CONTINUOUS
10
171.3689200000000028
20
-37.8016679999999994
11
171.5253339999999866
21
-37.5507239999999953
0
LINE
8
BLACK
6
CONTINUOUS
10
171.5253339999999866
20
-37.5507239999999953
11
171.6487909999999886
21
-37.2820279999999968
0
LINE
8
BLACK
6
CONTINUOUS
10
171.6487909999999886
20
-37.2820279999999968
11
171.7373130000000003
21
-36.999888999999996
0
LINE
8
BLACK
6
CONTINUOUS
10
171.7373130000000003
20
-36.999888999999996
11
171.789479
21
-36.7088259999999948
0
LINE
8
BLACK
6
CONTINUOUS
10
171.789479
20
-36.7088259999999948
11
171.8044559999999876
21
-36.4135050000000007
0
LINE
8
BLACK
6
CONTINUOUS
10
171.8044559999999876
20
-36.4135050000000007
11
171.7820009999999797
21
-36.1186579999999964
0
LINE
8
BLACK
6
CONTINUOUS
10
171.7820009999999797
20
-36.1186579999999964
11
171.7224760000000003
21
-35.8290110000000013
0
LINE
8
BLACK
6
CONTINUOUS
10
171.7224760000000003
20
-35.8290110000000013
11
171.6268349999999998
21
-35.5492050000000006
0
LINE
8
BLACK
6
CONTINUOUS
10
171.6268349999999998
20
-35.5492050000000006
11
171.4966089999999781
21
-35.2837239999999994
0
LINE
8
BLACK
6
CONTINUOUS
10
171.4966089999999781
20
-35.2837239999999994
11
171.3338859999999784
21
-35.0368229999999983
0
LINE
8
BLACK
6
CONTINUOUS
10
171.3338859999999784
20
-35.0368229999999983
11
171.1412739999999815
21
-34.8124579999999995
0
LINE
8
BLACK
6
CONTINUOUS
10
171.1412739999999815
20
-34.8124579999999995
11
170.921859999999981
21
-34.6142259999999951
0
LINE
8
BLACK
6
CONTINUOUS
10
170.921859999999981
20
-34.6142259999999951
11
170.6791589999999985
21
-34.4453029999999956
0
LINE
8
BLACK
6
CONTINUOUS
10
170.6791589999999985
20
-34.4453029999999956
11
170.4170609999999897
21
-34.3083949999999973
0
LINE
8
BLACK
6
CONTINUOUS
10
170.4170609999999897
20
-34.3083949999999973
11
170.1397670000000062
21
-34.2056979999999982
0
LINE
8
BLACK
6
CONTINUOUS
10
170.1397670000000062
20
-34.2056979999999982
11
169.8517200000000003
21
-34.1388570000000016
0
LINE
8
BLACK
6
CONTINUOUS
10
169.8517200000000003
20
-34.1388570000000016
11
169.5575359999999989
21
-34.1089429999999965
0
LINE
8
BLACK
6
CONTINUOUS
10
169.5575359999999989
20
-34.1089429999999965
11
169.2619299999999782
21
-34.1164360000000002
0
LINE
8
BLACK
6
CONTINUOUS
10
169.2619299999999782
20
-34.1164360000000002
11
168.9696399999999983
21
-34.1612140000000011
0
LINE
8
BLACK
6
CONTINUOUS
10
168.9696399999999983
20
-34.1612140000000011
11
168.6853490000000022
21
-34.2425619999999995
0
LINE
8
BLACK
6
CONTINUOUS
10
168.6853490000000022
20
-34.2425619999999995
11
168.413612999999998
21
-34.3591750000000005
0
LINE
8
BLACK
6
CONTINUOUS
10
168.413612999999998
20
-34.3591750000000005
11
168.1587879999999871
21
-34.5091839999999976
0
LINE
8
BLACK
6
CONTINUOUS
10
168.1587879999999871
20
-34.5091839999999976
11
167.9249559999999803
21
-34.6901859999999971
0
LINE
8
BLACK
6
CONTINUOUS
10
167.9249559999999803
20
-34.6901859999999971
11
167.8203579999999988
21
-34.794678999999995
0
LINE
8
BLACK
6
CONTINUOUS
10
167.8203579999999988
20
-34.794678999999995
11
167.8203550000000064
21
-34.7946799999999996
0
LINE
8
BLACK
6
CONTINUOUS
10
167.8203550000000064
20
-34.7946799999999996
11
166.9937809999999843
21
-35.6212549999999979
0
LINE
8
BLACK
6
CONTINUOUS
10
166.9937809999999843
20
-35.6212549999999979
11
166.9931959999999833
21
-35.6216450000000009
0
LINE
8
BLACK
6
CONTINUOUS
10
166.9931959999999833
20
-35.6216450000000009
11
166.9929929999999842
21
-35.6220239999999961
0
LINE
8
BLACK
6
CONTINUOUS
10
166.9929929999999842
20
-35.6220239999999961
11
166.8143169999999884
21
-35.7752440000000007
0
LINE
8
BLACK
6
CONTINUOUS
10
166.8143169999999884
20
-35.7752440000000007
11
166.6200259999999957
21
-35.9081070000000011
0
LINE
8
BLACK
6
CONTINUOUS
10
166.6200259999999957
20
-35.9081070000000011
11
166.412429000000003
21
-36.0190330000000003
0
LINE
8
BLACK
6
CONTINUOUS
10
166.412429000000003
20
-36.0190330000000003
11
166.1939909999999827
21
-36.1067059999999955
0
LINE
8
BLACK
6
CONTINUOUS
10
166.1939909999999827
20
-36.1067059999999955
11
165.9673080000000027
21
-36.1700820000000007
0
LINE
8
BLACK
6
CONTINUOUS
10
165.9673080000000027
20
-36.1700820000000007
11
165.7350749999999948
21
-36.2084089999999961
0
LINE
8
BLACK
6
CONTINUOUS
10
165.7350749999999948
20
-36.2084089999999961
11
165.5002299999999877
21
-36.2212219999999974
0
LINE
8
BLACK
6
CONTINUOUS
10
165.5002299999999877
20
-36.2212219999999974
11
165.50004899999999
21
-36.2212579999999988
0
LINE
8
BLACK
6
CONTINUOUS
10
165.50004899999999
20
-36.2212579999999988
11
165.50004899999999
21
-36.2212600000000009
0
LINE
8
BLACK
6
CONTINUOUS
10
165.50004899999999
20
-36.2212600000000009
11
165.5000450000000001
21
-36.2212579999999988
0
LINE
8
BLACK
6
CONTINUOUS
10
165.5000450000000001
20
-36.2212579999999988
11
165.5000399999999843
21
-36.2212600000000009
0
LINE
8
BLACK
6
CONTINUOUS
10
165.5000399999999843
20
-36.2212600000000009
11
148.4620459999999866
21
-36.2212600000000009
0
LINE
8
BLACK
6
CONTINUOUS
10
148.4620459999999866
20
-36.2212600000000009
11
148.4620449999999892
21
-36.2212600000000009
0
LINE
8
BLACK
6
CONTINUOUS
10
148.4620449999999892
20
-36.2212600000000009
11
148.4619840000000011
21
-36.2212479999999957
0
LINE
8
BLACK
6
CONTINUOUS
10
148.4619840000000011
20
-36.2212479999999957
11
148.3199829999999793
21
-36.2212509999999952
0
LINE
8
BLACK
6
CONTINUOUS
10
148.3199829999999793
20
-36.2212509999999952
11
148.0376430000000028
21
-36.253067999999999
0
LINE
8
BLACK
6
CONTINUOUS
10
148.0376430000000028
20
-36.253067999999999
11
147.7606399999999951
21
-36.3162960000000012
0
LINE
8
BLACK
6
CONTINUOUS
10
147.7606399999999951
20
-36.3162960000000012
11
147.4924579999999992
21
-36.4101399999999984
0
LINE
8
BLACK
6
CONTINUOUS
10
147.4924579999999992
20
-36.4101399999999984
11
147.2364699999999971
21
-36.533420999999997
0
LINE
8
BLACK
6
CONTINUOUS
10
147.2364699999999971
20
-36.533420999999997
11
146.9958929999999953
21
-36.6845859999999959
0
LINE
8
BLACK
6
CONTINUOUS
10
146.9958929999999953
20
-36.6845859999999959
11
146.7737539999999967
21
-36.861736999999998
0
LINE
8
BLACK
6
CONTINUOUS
10
146.7737539999999967
20
-36.861736999999998
11
146.6732999999999834
21
-36.9621909999999971
0
LINE
8
BLACK
6
CONTINUOUS
10
146.6732999999999834
20
-36.9621909999999971
11
146.6732989999999859
21
-36.9621899999999997
0
LINE
8
BLACK
6
CONTINUOUS
10
146.6732989999999859
20
-36.9621899999999997
11
144.3407080000000065
21
-39.2947799999999958
0
LINE
8
BLACK
6
CONTINUOUS
10
144.3407080000000065
20
-39.2947799999999958
11
144.3407069999999806
21
-39.2947829999999954
0
LINE
8
BLACK
6
CONTINUOUS
10
144.3407069999999806
20
-39.2947829999999954
11
144.3407059999999831
21
-39.2947829999999954
0
LINE
8
BLACK
6
CONTINUOUS
10
144.3407059999999831
20
-39.2947829999999954
11
144.120822000000004
21
-39.4912859999999952
0
LINE
8
BLACK
6
CONTINUOUS
10
144.120822000000004
20
-39.4912859999999952
11
143.8803189999999859
21
-39.6619349999999997
0
LINE
8
BLACK
6
CONTINUOUS
10
143.8803189999999859
20
-39.6619349999999997
11
143.6222219999999936
21
-39.8045839999999984
0
LINE
8
BLACK
6
CONTINUOUS
10
143.6222219999999936
20
-39.8045839999999984
11
143.3497759999999914
21
-39.9174390000000017
0
LINE
8
BLACK
6
CONTINUOUS
10
143.3497759999999914
20
-39.9174390000000017
11
143.0664079999999956
21
-39.9990799999999993
0
LINE
8
BLACK
6
CONTINUOUS
10
143.0664079999999956
20
-39.9990799999999993
11
142.7756809999999916
21
-40.0484819999999999
0
LINE
8
BLACK
6
CONTINUOUS
10
142.7756809999999916
20
-40.0484819999999999
11
142.4812509999999861
21
-40.065021999999999
0
LINE
8
BLACK
6
CONTINUOUS
10
142.4812509999999861
20
-40.065021999999999
11
142.4812509999999861
21
-40.0650029999999973
0
LINE
8
BLACK
6
CONTINUOUS
10
142.4812509999999861
20
-40.0650029999999973
11
142.4518620000000055
21
-40.0554539999999974
0
LINE
8
BLACK
6
CONTINUOUS
10
142.4518620000000055
20
-40.0554539999999974
11
142.4406339999999886
21
-40.0400020000000012
0
LINE
8
BLACK
6
CONTINUOUS
10
142.4406339999999886
20
-40.0400020000000012
11
134.625
21
-40.0399999999999991
0
LINE
8
BLACK
6
CONTINUOUS
10
134.625
20
-40.0399999999999991
11
134.3088009999999883
21
-40.0234290000000001
0
LINE
8
BLACK
6
CONTINUOUS
10
134.3088009999999883
20
-40.0234290000000001
11
133.9960669999999823
21
-39.9738959999999963
0
LINE
8
BLACK
6
CONTINUOUS
10
133.9960669999999823
20
-39.9738959999999963
11
133.6902240000000006
21
-39.8919459999999972
0
LINE
8
BLACK
6
CONTINUOUS
10
133.6902240000000006
20
-39.8919459999999972
11
133.3946219999999983
21
-39.7784750000000003
0
LINE
8
BLACK
6
CONTINUOUS
10
133.3946219999999983
20
-39.7784750000000003
11
133.1124999999999829
21
-39.634726999999998
0
LINE
8
BLACK
6
CONTINUOUS
10
133.1124999999999829
20
-39.634726999999998
11
132.8469499999999925
21
-39.4622759999999957
0
LINE
8
BLACK
6
CONTINUOUS
10
132.8469499999999925
20
-39.4622759999999957
11
132.6008799999999894
21
-39.2630130000000008
0
LINE
8
BLACK
6
CONTINUOUS
10
132.6008799999999894
20
-39.2630130000000008
11
132.3769869999999855
21
-39.0391199999999969
0
LINE
8
BLACK
6
CONTINUOUS
10
132.3769869999999855
20
-39.0391199999999969
11
132.1777239999999836
21
-38.7930500000000009
0
LINE
8
BLACK
6
CONTINUOUS
10
132.1777239999999836
20
-38.7930500000000009
11
132.0052729999999883
21
-38.5274999999999963
0
LINE
8
BLACK
6
CONTINUOUS
10
132.0052729999999883
20
-38.5274999999999963
11
131.8615250000000003
21
-38.2453779999999952
0
LINE
8
BLACK
6
CONTINUOUS
10
131.8615250000000003
20
-38.2453779999999952
11
131.7480539999999962
21
-37.949776
0
LINE
8
BLACK
6
CONTINUOUS
10
131.7480539999999962
20
-37.949776
11
131.66610399999999
21
-37.643932999999997
0
LINE
8
BLACK
6
CONTINUOUS
10
131.66610399999999
20
-37.643932999999997
11
131.6165709999999933
21
-37.331198999999998
0
LINE
8
BLACK
6
CONTINUOUS
10
131.6165709999999933
20
-37.331198999999998
11
131.5999999999999943
21
-37.0150000000000006
0
LINE
8
BLACK
6
CONTINUOUS
10
131.5999999999999943
20
-37.0150000000000006
11
131.5999999999999943
21
-25.0150000000000006
0
LINE
8
BLACK
6
CONTINUOUS
10
131.5999999999999943
20
-25.0150000000000006
11
131.5999999999999943
21
-24.8590869999999988
0
LINE
8
BLACK
6
CONTINUOUS
10
131.5999999999999943
20
-24.8590869999999988
11
131.5674060000000054
21
-24.5489689999999996
0
LINE
8
BLACK
6
CONTINUOUS
10
131.5674060000000054
20
-24.5489689999999996
11
131.5025729999999839
21
-24.2439569999999982
0
LINE
8
BLACK
6
CONTINUOUS
10
131.5025729999999839
20
-24.2439569999999982
11
131.4062140000000056
21
-23.9473920000000007
0
LINE
8
BLACK
6
CONTINUOUS
10
131.4062140000000056
20
-23.9473920000000007
11
131.2793819999999982
21
-23.6625249999999987
0
LINE
8
BLACK
6
CONTINUOUS
10
131.2793819999999982
20
-23.6625249999999987
11
131.1234690000000001
21
-23.3924749999999975
0
LINE
8
BLACK
6
CONTINUOUS
10
131.1234690000000001
20
-23.3924749999999975
11
130.940181999999993
21
-23.1402019999999986
0
LINE
8
BLACK
6
CONTINUOUS
10
130.940181999999993
20
-23.1402019999999986
11
130.7315299999999922
21
-22.9084699999999977
0
LINE
8
BLACK
6
CONTINUOUS
10
130.7315299999999922
20
-22.9084699999999977
11
130.4997979999999984
21
-22.6998180000000005
0
LINE
8
BLACK
6
CONTINUOUS
10
130.4997979999999984
20
-22.6998180000000005
11
130.247524999999996
21
-22.5165310000000005
0
LINE
8
BLACK
6
CONTINUOUS
10
130.247524999999996
20
-22.5165310000000005
11
129.9774749999999983
21
-22.3606179999999988
0
LINE
8
BLACK
6
CONTINUOUS
10
129.9774749999999983
20
-22.3606179999999988
11
129.692608000000007
21
-22.2337859999999985
0
LINE
8
BLACK
6
CONTINUOUS
10
129.692608000000007
20
-22.2337859999999985
11
129.3960429999999917
21
-22.1374269999999989
0
LINE
8
BLACK
6
CONTINUOUS
10
129.3960429999999917
20
-22.1374269999999989
11
129.0910309999999868
21
-22.0725939999999987
0
LINE
8
BLACK
6
CONTINUOUS
10
129.0910309999999868
20
-22.0725939999999987
11
128.7809129999999982
21
-22.0399999999999991
0
LINE
8
BLACK
6
CONTINUOUS
10
128.7809129999999982
20
-22.0399999999999991
11
128.625
21
-22.0399999999999991
0
LINE
8
BLACK
6
CONTINUOUS
10
128.625
20
-22.0399999999999991
11
111.8093649999999997
21
-22.0399999999999991
0
LINE
8
BLACK
6
CONTINUOUS
10
111.8093649999999997
20
-22.0399999999999991
11
111.7981379999999945
21
-22.0554509999999979
0
LINE
8
BLACK
6
CONTINUOUS
10
111.7981379999999945
20
-22.0554509999999979
11
111.7687489999999997
21
-22.0649999999999977
0
LINE
8
BLACK
6
CONTINUOUS
10
111.7687489999999997
20
-22.0649999999999977
11
111.4743209999999891
21
-22.0484599999999986
0
LINE
8
BLACK
6
CONTINUOUS
10
111.4743209999999891
20
-22.0484599999999986
11
111.1835959999999943
21
-21.999058999999999
0
LINE
8
BLACK
6
CONTINUOUS
10
111.1835959999999943
20
-21.999058999999999
11
110.9002299999999934
21
-21.9174179999999978
0
LINE
8
BLACK
6
CONTINUOUS
10
110.9002299999999934
20
-21.9174179999999978
11
110.6277869999999979
21
-21.8045639999999992
0
LINE
8
BLACK
6
CONTINUOUS
10
110.6277869999999979
20
-21.8045639999999992
11
110.3696920000000006
21
-21.661915999999998
0
LINE
8
BLACK
6
CONTINUOUS
10
110.3696920000000006
20
-21.661915999999998
11
110.1291909999999916
21
-21.491267999999998
0
LINE
8
BLACK
6
CONTINUOUS
10
110.1291909999999916
20
-21.491267999999998
11
109.9094199999999972
21
-21.2948649999999979
0
LINE
8
BLACK
6
CONTINUOUS
10
109.9094199999999972
20
-21.2948649999999979
11
109.9092939999999885
21
-21.2947810000000004
0
LINE
8
BLACK
6
CONTINUOUS
10
109.9092939999999885
20
-21.2947810000000004
11
107.5767009999999999
21
-18.9621870000000001
0
LINE
8
BLACK
6
CONTINUOUS
10
107.5767009999999999
20
-18.9621870000000001
11
107.5766929999999917
21
-18.9621959999999987
0
LINE
8
BLACK
6
CONTINUOUS
10
107.5766929999999917
20
-18.9621959999999987
11
107.4762389999999925
21
-18.8617419999999996
0
LINE
8
BLACK
6
CONTINUOUS
10
107.4762389999999925
20
-18.8617419999999996
11
107.254099999999994
21
-18.6845929999999996
0
LINE
8
BLACK
6
CONTINUOUS
10
107.254099999999994
20
-18.6845929999999996
11
107.0135250000000013
21
-18.5334280000000007
0
LINE
8
BLACK
6
CONTINUOUS
10
107.0135250000000013
20
-18.5334280000000007
11
106.7575369999999992
21
-18.4101479999999995
0
LINE
8
BLACK
6
CONTINUOUS
10
106.7575369999999992
20
-18.4101479999999995
11
106.4893569999999983
21
-18.3163049999999998
0
LINE
8
BLACK
6
CONTINUOUS
10
106.4893569999999983
20
-18.3163049999999998
11
106.2123550000000023
21
-18.2530769999999976
0
LINE
8
BLACK
6
CONTINUOUS
10
106.2123550000000023
20
-18.2530769999999976
11
105.9300169999999923
21
-18.2212600000000009
0
LINE
8
BLACK
6
CONTINUOUS
10
105.9300169999999923
20
-18.2212600000000009
11
105.7879539999999992
21
-18.2212569999999978
0
LINE
8
BLACK
6
CONTINUOUS
10
105.7879539999999992
20
-18.2212569999999978
11
88.7499600000000015
21
-18.2212569999999978
0
LINE
8
BLACK
6
CONTINUOUS
10
88.7499600000000015
20
-18.2212569999999978
11
88.7499540000000025
21
-18.2212549999999993
0
LINE
8
BLACK
6
CONTINUOUS
10
88.7499540000000025
20
-18.2212549999999993
11
88.7499509999999958
21
-18.2212569999999978
0
LINE
8
BLACK
6
CONTINUOUS
10
88.7499509999999958
20
-18.2212569999999978
11
88.5149219999999985
21
-18.2084340000000005
0
LINE
8
BLACK
6
CONTINUOUS
10
88.5149219999999985
20
-18.2084340000000005
11
88.2826859999999982
21
-18.1701060000000005
0
LINE
8
BLACK
6
CONTINUOUS
10
88.2826859999999982
20
-18.1701060000000005
11
88.0559999999999974
21
-18.1067289999999979
0
LINE
8
BLACK
6
CONTINUOUS
10
88.0559999999999974
20
-18.1067289999999979
11
87.8375599999999963
21
-18.0190559999999991
0
LINE
8
BLACK
6
CONTINUOUS
10
87.8375599999999963
20
-18.0190559999999991
11
87.6299589999999995
21
-17.9081270000000004
0
LINE
8
BLACK
6
CONTINUOUS
10
87.6299589999999995
20
-17.9081270000000004
11
87.4356659999999977
21
-17.7752629999999989
0
LINE
8
BLACK
6
CONTINUOUS
10
87.4356659999999977
20
-17.7752629999999989
11
87.2569879999999927
21
-17.6220399999999984
0
LINE
8
BLACK
6
CONTINUOUS
10
87.2569879999999927
20
-17.6220399999999984
11
87.2570070000000015
21
-17.6220210000000002
0
LINE
8
BLACK
6
CONTINUOUS
10
87.2570070000000015
20
-17.6220210000000002
11
87.2568029999999908
21
-17.6216419999999978
0
LINE
8
BLACK
6
CONTINUOUS
10
87.2568029999999908
20
-17.6216419999999978
11
87.2562190000000015
21
-17.6212519999999984
0
LINE
8
BLACK
6
CONTINUOUS
10
87.2562190000000015
20
-17.6212519999999984
11
86.4296439999999961
21
-16.7946770000000001
0
LINE
8
BLACK
6
CONTINUOUS
10
86.4296439999999961
20
-16.7946770000000001
11
86.4296420000000012
21
-16.794675999999999
0
LINE
8
BLACK
6
CONTINUOUS
10
86.4296420000000012
20
-16.794675999999999
11
86.4296420000000012
21
-16.794674999999998
0
LINE
8
BLACK
6
CONTINUOUS
10
86.4296420000000012
20
-16.794674999999998
11
86.429552000000001
21
-16.7945399999999978
0
LINE
8
BLACK
6
CONTINUOUS
10
86.429552000000001
20
-16.7945399999999978
11
86.3250659999999925
21
-16.6901580000000003
0
LINE
8
BLACK
6
CONTINUOUS
10
86.3250659999999925
20
-16.6901580000000003
11
86.0912299999999959
21
-16.5091539999999988
0
LINE
8
BLACK
6
CONTINUOUS
10
86.0912299999999959
20
-16.5091539999999988
11
85.8364009999999951
21
-16.3591429999999995
0
LINE
8
BLACK
6
CONTINUOUS
10
85.8364009999999951
20
-16.3591429999999995
11
85.564661000000001
21
-16.2425289999999976
0
LINE
8
BLACK
6
CONTINUOUS
10
85.564661000000001
20
-16.2425289999999976
11
85.2803660000000008
21
-16.1611799999999981
0
LINE
8
BLACK
6
CONTINUOUS
10
85.2803660000000008
20
-16.1611799999999981
11
84.9880709999999908
21
-16.1164009999999998
0
LINE
8
BLACK
6
CONTINUOUS
10
84.9880709999999908
20
-16.1164009999999998
11
84.6924609999999944
21
-16.1089079999999996
0
LINE
8
BLACK
6
CONTINUOUS
10
84.6924609999999944
20
-16.1089079999999996
11
84.3982730000000032
21
-16.1388229999999986
  0
ENDSEC
  0
EOF
